record_id,doi,title_indexed,url_indexed,year_indexed,authors_indexed,publication_indexed,type_indexed,query_ids,retrieval_families,observations,decision,current_citation_key,decision_basis,retrieval_date,publication_cutoff,primary_text_url,primary_evidence_location,assessment_notes
R9f99ee926f5a8802,10.1109/iiotbdsc64371.2024.00066,Data Security and Privacy Protection of Technology Achievement Transformation Platform in Vocational Colleges Based on Blockchain,https://www.scopus.com/pages/publications/86000003498?origin=resultslist,2024,Song Y.,"Proceedings - 2024 International Conference on Industrial IoT, Big Data and Supply Chain, IIoTBDSC 2024",Conference paper,"[""S02""]","[""privacy""]","[{""database"": ""Scopus"", ""query_id"": ""S02"", ""raw_source"": ""search-expansion-S02-20261001.csv"", ""raw_row"": 1, ""native_id"": ""2-s2.0-86000003498"", ""observed_rank"": """"}]",awaiting_title_abstract_screening,,,2026-10-01,2026-09-30,,,
R50bd1a1df91ce2a4,10.1109/icstsdg61998.2024.11026463,Securing Library Assets: Leveraging Blockchain for Unbreakable Data Integrity and Privacy,https://www.scopus.com/pages/publications/105011821682?origin=resultslist,2024,Anchitaalagammai J.V.; Kavitha S.; Murali S.; Rani J.M.; Shreevarshini R.; Agniselvi V.,"2024 International Conference on Smart Technologies for Sustainable Development Goals, ICSTSDG 2024",Conference paper,"[""S02""]","[""privacy""]","[{""database"": ""Scopus"", ""query_id"": ""S02"", ""raw_source"": ""search-expansion-S02-20261001.csv"", ""raw_row"": 2, ""native_id"": ""2-s2.0-105011821682"", ""observed_rank"": """"}]",awaiting_title_abstract_screening,,,2026-10-01,2026-09-30,,,
R57493b5301cdf0af,10.1007/978-981-96-6243-2_10,Research on Privacy-Enhanced Fine-Grained Access Control and Permission Attribute Storage Methods Based on Blockchain in Data Sharing Scenarios,https://www.scopus.com/pages/publications/105009244898?origin=resultslist,2025,Yu Z.; Huang L.; Tang H.; Guan C.; Zhang J.; Chen T.; Fang J.,Communications in Computer and Information Science,Conference paper,"[""S02"", ""S05""]","[""privacy"", ""consent""]","[{""database"": ""Scopus"", ""query_id"": ""S02"", ""raw_source"": ""search-expansion-S02-20261001.csv"", ""raw_row"": 3, ""native_id"": ""2-s2.0-105009244898"", ""observed_rank"": """"}, {""database"": ""Scopus"", ""query_id"": ""S05"", ""raw_source"": ""search-expansion-S05-20261001.csv"", ""raw_row"": 11, ""native_id"": ""2-s2.0-105009244898"", ""observed_rank"": """"}]",awaiting_title_abstract_screening,,,2026-10-01,2026-09-30,,,
R17a1d1165701569b,10.1109/isceic63613.2024.10810163,From Generation to Application Blockchain and Privacy Computing Enable AI Data be Trusted,https://www.scopus.com/pages/publications/85216662726?origin=resultslist,2024,Li Y.; Hu F.; Lin N.; Zhan Z.; Li P.; Zhang Y.; Li Y.; Chen X.; Chen Z.; Tan G.,"2024 5th International Symposium on Computer Engineering and Intelligent Communications, ISCEIC 2024",Conference paper,"[""S02""]","[""privacy""]","[{""database"": ""Scopus"", ""query_id"": ""S02"", ""raw_source"": ""search-expansion-S02-20261001.csv"", ""raw_row"": 4, ""native_id"": ""2-s2.0-85216662726"", ""observed_rank"": """"}]",awaiting_title_abstract_screening,,,2026-10-01,2026-09-30,,,
Rf6ba432bf812ac1a,10.1109/tsc.2024.3470320,RPPS-TDC: Reputation and Privacy-Preserving Services Based Truth Data Collection for Blockchain-Enabled Crowdsensing,https://www.scopus.com/pages/publications/85206492526?origin=resultslist,2024,Zhu Y.; Liu A.; Xiong N.N.; Dong H.; Zhang S.,IEEE Transactions on Services Computing,Article,"[""S02""]","[""privacy""]","[{""database"": ""Scopus"", ""query_id"": ""S02"", ""raw_source"": ""search-expansion-S02-20261001.csv"", ""raw_row"": 5, ""native_id"": ""2-s2.0-85206492526"", ""observed_rank"": """"}]",awaiting_title_abstract_screening,,,2026-10-01,2026-09-30,,,
Red5c09bf30bd3a9c,10.1109/accai61061.2024.10602294,Analysis of Blockchain QR Code Encryption to Enhance Bank Data Security and Privacy and its Applications,https://www.scopus.com/pages/publications/85200555880?origin=resultslist,2024,Swatmaram; Padma A.; Rao M.G.,"Proceedings - 3rd International Conference on Advances in Computing, Communication and Applied Informatics, ACCAI 2024",Conference paper,"[""S02""]","[""privacy""]","[{""database"": ""Scopus"", ""query_id"": ""S02"", ""raw_source"": ""search-expansion-S02-20261001.csv"", ""raw_row"": 6, ""native_id"": ""2-s2.0-85200555880"", ""observed_rank"": """"}]",awaiting_title_abstract_screening,,,2026-10-01,2026-09-30,,,
R24d4fc4a0386a830,10.1016/j.jisa.2024.103866,Towards accountable and privacy-preserving blockchain-based access control for data sharing,https://www.scopus.com/pages/publications/85201767970?origin=resultslist,2024,Hu Q.; Huang C.; Zhang G.; Cai L.; Jiang T.,Journal of Information Security and Applications,Article,"[""S02""]","[""privacy""]","[{""database"": ""Scopus"", ""query_id"": ""S02"", ""raw_source"": ""search-expansion-S02-20261001.csv"", ""raw_row"": 7, ""native_id"": ""2-s2.0-85201767970"", ""observed_rank"": """"}]",awaiting_title_abstract_screening,,,2026-10-01,2026-09-30,,,
R4fec5c093344c469,10.1109/iccmc69250.2026.11625110,Privacy Preservation and Attack Resistance in Blockchain-Enhanced Federated Learning for Medical Data,https://www.scopus.com/pages/publications/105046974556?origin=resultslist,2026,Uma K.; Vairachilai S.; Yoheswari S.; Sriharsha A.V.; Shalupriya M.; Indira K.P.,"Proceedings of 9th International Conference on Computing Methodologies and Communication, ICCMC 2026",Conference paper,"[""S02""]","[""privacy""]","[{""database"": ""Scopus"", ""query_id"": ""S02"", ""raw_source"": ""search-expansion-S02-20261001.csv"", ""raw_row"": 8, ""native_id"": ""2-s2.0-105046974556"", ""observed_rank"": """"}]",awaiting_title_abstract_screening,,,2026-10-01,2026-09-30,,,
R649ba087c62b7587,10.1007/978-981-97-9644-1_39,Research on Constructing a Railway Data Security Sharing System Based on Blockchain and Privacy Computing,https://www.scopus.com/pages/publications/85210587746?origin=resultslist,2025,Ma X.; Huang L.; Xu H.,Lecture Notes in Civil Engineering,Conference paper,"[""S02""]","[""privacy""]","[{""database"": ""Scopus"", ""query_id"": ""S02"", ""raw_source"": ""search-expansion-S02-20261001.csv"", ""raw_row"": 9, ""native_id"": ""2-s2.0-85210587746"", ""observed_rank"": """"}]",awaiting_title_abstract_screening,,,2026-10-01,2026-09-30,,,
R9a0b4295ba88fabc,10.3390/s24051582,Searchable Blockchain-Based Healthcare Information Exchange System to Enhance Privacy Preserving and Data Usability,https://www.scopus.com/pages/publications/85187511299?origin=resultslist,2024,Lee S.; Kim Y.; Cho S.,Sensors,Article,"[""S02""]","[""privacy""]","[{""database"": ""Scopus"", ""query_id"": ""S02"", ""raw_source"": ""search-expansion-S02-20261001.csv"", ""raw_row"": 10, ""native_id"": ""2-s2.0-85187511299"", ""observed_rank"": """"}]",awaiting_title_abstract_screening,,,2026-10-01,2026-09-30,,,
R43317385c8892735,10.1007/978-3-032-06763-0_51,Towards Privacy-Preserving Connected Vehicles: A Blockchain Approach for Vehicle Identity Management and Data Sharing,https://www.scopus.com/pages/publications/105019307475?origin=resultslist,2026,O’Brien D.; Christaras V.; Kounelis I.; Fovino I.N.; Fontaras G.,Lecture Notes in Mobility,Book chapter,"[""S02""]","[""privacy""]","[{""database"": ""Scopus"", ""query_id"": ""S02"", ""raw_source"": ""search-expansion-S02-20261001.csv"", ""raw_row"": 11, ""native_id"": ""2-s2.0-105019307475"", ""observed_rank"": """"}]",awaiting_title_abstract_screening,,,2026-10-01,2026-09-30,,,
R783d52202adba4fe,10.3390/sym16010089,A Blockchain-Based Privacy-Preserving Healthcare Data Sharing Scheme for Incremental Updates,https://www.scopus.com/pages/publications/85183155949?origin=resultslist,2024,Wang L.; Liu X.; Shao W.; Guan C.; Huang Q.; Xu S.; Zhang S.,Symmetry,Article,"[""S02""]","[""privacy""]","[{""database"": ""Scopus"", ""query_id"": ""S02"", ""raw_source"": ""search-expansion-S02-20261001.csv"", ""raw_row"": 12, ""native_id"": ""2-s2.0-85183155949"", ""observed_rank"": """"}]",awaiting_title_abstract_screening,,,2026-10-01,2026-09-30,,,
R6c17dae1bd004085,10.1038/s41598-025-13231-9,An online tool based on the Internet of Things and intelligent blockchain technology for data privacy and security in rural and agricultural development,https://www.scopus.com/pages/publications/105011751487?origin=resultslist,2025,Vellimalaipattinam Thiruvenkatasamy K.; Ghanimi H.M.A.; Sengan S.; Alharbi M.G.,Scientific Reports,Article,"[""S02""]","[""privacy""]","[{""database"": ""Scopus"", ""query_id"": ""S02"", ""raw_source"": ""search-expansion-S02-20261001.csv"", ""raw_row"": 13, ""native_id"": ""2-s2.0-105011751487"", ""observed_rank"": """"}]",awaiting_title_abstract_screening,,,2026-10-01,2026-09-30,,,
Rceab985e3d42f6ea,10.1145/3673277.3673282,A Study on Blockchain-Based Data Proxy Re-Encryption Privacy Protection,https://www.scopus.com/pages/publications/85200951177?origin=resultslist,2024,Huang W.; Yu X.; Ma Z.,ACM International Conference Proceeding Series,Conference paper,"[""S02"", ""S03""]","[""privacy""]","[{""database"": ""Scopus"", ""query_id"": ""S02"", ""raw_source"": ""search-expansion-S02-20261001.csv"", ""raw_row"": 14, ""native_id"": ""2-s2.0-85200951177"", ""observed_rank"": """"}, {""database"": ""ACM Full-Text Collection"", ""query_id"": ""S03"", ""raw_source"": ""search-expansion-ACM-20261001.csv"", ""raw_row"": 11, ""native_id"": """", ""observed_rank"": ""11""}]",awaiting_title_abstract_screening,,,2026-10-01,2026-09-30,,,
R936d51dbb0822e54,10.1515/9783112221082-031,Blockchain-Driven Data Mining in Federated Learning Environments Enhancing Privacy and Security,https://www.scopus.com/pages/publications/105034749796?origin=resultslist,2026,Legapriyadharshini N.; Kalarani P.; Parveen Banu S.; Sathiyamoorthy C.; Sivagamasundari R.M.; Anuradha S.,De Gruyter Proceedings in Mathematics,Conference paper,"[""S02""]","[""privacy""]","[{""database"": ""Scopus"", ""query_id"": ""S02"", ""raw_source"": ""search-expansion-S02-20261001.csv"", ""raw_row"": 15, ""native_id"": ""2-s2.0-105034749796"", ""observed_rank"": """"}]",awaiting_title_abstract_screening,,,2026-10-01,2026-09-30,,,
Rc717734ff47d44b8,10.1038/s41598-025-30916-3,A privacy preserving medical data management framework using blockchain enabled encrypted role based access control,https://www.scopus.com/pages/publications/105025000202?origin=resultslist,2025,Taloba A.I.; Rayan A.,Scientific Reports,Article,"[""S02""]","[""privacy""]","[{""database"": ""Scopus"", ""query_id"": ""S02"", ""raw_source"": ""search-expansion-S02-20261001.csv"", ""raw_row"": 16, ""native_id"": ""2-s2.0-105025000202"", ""observed_rank"": """"}]",awaiting_title_abstract_screening,,,2026-10-01,2026-09-30,,,
Rde994d3dabe7117c,10.1504/ijwmc.2025.147647,Blockchain model for authentication and access control-based data privacy in EHR system under mobile cloud platform,https://www.scopus.com/pages/publications/105011742645?origin=resultslist,2025,Sindhuri B.P.; Rao M.K.,International Journal of Wireless and Mobile Computing,Article,"[""S02""]","[""privacy""]","[{""database"": ""Scopus"", ""query_id"": ""S02"", ""raw_source"": ""search-expansion-S02-20261001.csv"", ""raw_row"": 17, ""native_id"": ""2-s2.0-105011742645"", ""observed_rank"": """"}]",awaiting_title_abstract_screening,,,2026-10-01,2026-09-30,,,
R9b2767942fba2339,10.1016/j.jksuci.2024.101969,Blockchain-based CP-ABE data sharing and privacy-preserving scheme using distributed KMS and zero-knowledge proof,https://www.scopus.com/pages/publications/85187388321?origin=resultslist,2024,Ren Z.; Yan E.; Chen T.; Yu Y.,Journal of King Saud University - Computer and Information Sciences,Article,"[""S02""]","[""privacy""]","[{""database"": ""Scopus"", ""query_id"": ""S02"", ""raw_source"": ""search-expansion-S02-20261001.csv"", ""raw_row"": 18, ""native_id"": ""2-s2.0-85187388321"", ""observed_rank"": """"}]",awaiting_title_abstract_screening,,,2026-10-01,2026-09-30,,,
R245b426184225cbf,10.1201/9781003513445-18,Enhancing privacy in big data analytics with blockchain-based frameworks,https://www.scopus.com/pages/publications/105004484796?origin=resultslist,2025,Guoqiang L.; Goyal S.B.; Kumar B.A.,"Security Issues in Communication Devices, Networks and Computing Models: Volume 1",Book chapter,"[""S02""]","[""privacy""]","[{""database"": ""Scopus"", ""query_id"": ""S02"", ""raw_source"": ""search-expansion-S02-20261001.csv"", ""raw_row"": 19, ""native_id"": ""2-s2.0-105004484796"", ""observed_rank"": """"}]",awaiting_title_abstract_screening,,,2026-10-01,2026-09-30,,,
Re47aec5f58778f75,10.1109/ic3ecsbhi63591.2025.10990967,Blockchain Based Secure and Privacy-Preserving Data Aggregation Scheme for Smart Grids,https://www.scopus.com/pages/publications/105008422793?origin=resultslist,2025,Singh P.P.; Dinker A.G.; Kumar A.,"2025 International Conference on Cognitive Computing in Engineering, Communications, Sciences and Biomedical Health Informatics, IC3ECSBHI 2025",Conference paper,"[""S02""]","[""privacy""]","[{""database"": ""Scopus"", ""query_id"": ""S02"", ""raw_source"": ""search-expansion-S02-20261001.csv"", ""raw_row"": 20, ""native_id"": ""2-s2.0-105008422793"", ""observed_rank"": """"}]",awaiting_title_abstract_screening,,,2026-10-01,2026-09-30,,,
R2e832823d01a62a0,10.1109/itikd63574.2025.11004752,A Secure and Privacy-Centric Blockchain Platform for Cloud-Based Healthcare Data Management,https://www.scopus.com/pages/publications/105007528392?origin=resultslist,2025,Baker S.A.; Thanoon K.H.; Abed M.N.; Almansor M.; Abdulqader T.Y.; Alsaif O.I.,"2nd International Conference on IT Innovations and Knowledge Discovery, ITIKD 2024",Conference paper,"[""S02""]","[""privacy""]","[{""database"": ""Scopus"", ""query_id"": ""S02"", ""raw_source"": ""search-expansion-S02-20261001.csv"", ""raw_row"": 21, ""native_id"": ""2-s2.0-105007528392"", ""observed_rank"": """"}]",awaiting_title_abstract_screening,,,2026-10-01,2026-09-30,,,
R64f73aa61c63328d,10.1016/j.micpro.2023.104965,Wiretap resisting and privacy preserving data exchange with physical layer security and blockchain based authentication in Internet of Vehicles,https://www.scopus.com/pages/publications/85181100808?origin=resultslist,2024,Liu Q.; Han Q.; Luo G.; Cao J.; Li H.; Wang Y.,Microprocessors and Microsystems,Article,"[""S02""]","[""privacy""]","[{""database"": ""Scopus"", ""query_id"": ""S02"", ""raw_source"": ""search-expansion-S02-20261001.csv"", ""raw_row"": 22, ""native_id"": ""2-s2.0-85181100808"", ""observed_rank"": """"}]",awaiting_title_abstract_screening,,,2026-10-01,2026-09-30,,,
R9198d4473dad304e,10.1109/ispa63168.2024.00318,A Privacy-Preserving and Efficient Data Sharing Scheme Based on Blockchain in IIoT,https://www.scopus.com/pages/publications/105000107466?origin=resultslist,2024,Peng H.; Yang Y.; Li D.; Wang P.; Liu P.,"Proceedings - 2024 IEEE International Symposium on Parallel and Distributed Processing with Applications, ISPA 2024",Conference paper,"[""S02""]","[""privacy""]","[{""database"": ""Scopus"", ""query_id"": ""S02"", ""raw_source"": ""search-expansion-S02-20261001.csv"", ""raw_row"": 23, ""native_id"": ""2-s2.0-105000107466"", ""observed_rank"": """"}]",awaiting_title_abstract_screening,,,2026-10-01,2026-09-30,,,
R1cdaf2467dcb6bfb,10.1007/978-3-031-60221-4_42,Blockchain Adoption in Education with Enhancing Data Privacy,https://www.scopus.com/pages/publications/85194233591?origin=resultslist,2024,Abdullah K.; Saleh K.; Manuel P.,Lecture Notes in Networks and Systems,Conference paper,"[""S02""]","[""privacy""]","[{""database"": ""Scopus"", ""query_id"": ""S02"", ""raw_source"": ""search-expansion-S02-20261001.csv"", ""raw_row"": 24, ""native_id"": ""2-s2.0-85194233591"", ""observed_rank"": """"}]",awaiting_title_abstract_screening,,,2026-10-01,2026-09-30,,,
R513d128c21a7c3cf,10.1109/ispds67367.2025.11391075,Blockchain-based Privacy-Preserving Data Trading Using NFT and GANs,https://www.scopus.com/pages/publications/105035594202?origin=resultslist,2025,Zheng X.; Duan M.,"2025 6th International Conference on Information Science, Parallel and Distributed Systems, ISPDS 2025",Conference paper,"[""S02""]","[""privacy""]","[{""database"": ""Scopus"", ""query_id"": ""S02"", ""raw_source"": ""search-expansion-S02-20261001.csv"", ""raw_row"": 25, ""native_id"": ""2-s2.0-105035594202"", ""observed_rank"": """"}]",awaiting_title_abstract_screening,,,2026-10-01,2026-09-30,,,
Rc0c5960268813945,10.1109/apcit65661.2025.11410896,A Blockchain-IoT-Edge Framework for Real-Time Patient Data Privacy and Management,https://www.scopus.com/pages/publications/105035591064?origin=resultslist,2025,Kumari K.; Mrunalini M.,"2025 2nd Asia Pacific Conference on Innovation in Technology, APCIT 2025",Conference paper,"[""S02""]","[""privacy""]","[{""database"": ""Scopus"", ""query_id"": ""S02"", ""raw_source"": ""search-expansion-S02-20261001.csv"", ""raw_row"": 26, ""native_id"": ""2-s2.0-105035591064"", ""observed_rank"": """"}]",awaiting_title_abstract_screening,,,2026-10-01,2026-09-30,,,
R62ec42fda5e28ef1,10.1177/09610006261442995,Blockchain technology adoption for enhancing user privacy and data security in libraries: A scoping review,https://www.scopus.com/pages/publications/105038987304?origin=resultslist,2026,Bankole Q.A.; Akanbi M.L.; Falaiye S.J.; Egbebi F.O.,Journal of Librarianship and Information Science,Review,"[""S02""]","[""privacy""]","[{""database"": ""Scopus"", ""query_id"": ""S02"", ""raw_source"": ""search-expansion-S02-20261001.csv"", ""raw_row"": 27, ""native_id"": ""2-s2.0-105038987304"", ""observed_rank"": """"}]",awaiting_title_abstract_screening,,,2026-10-01,2026-09-30,,,
R07e7936d0eb8e9e7,10.1109/eebda60612.2024.10485765,Distributed Energy Data Sharing and Privacy Protection Based on Blockchain Technology,https://www.scopus.com/pages/publications/85191198310?origin=resultslist,2024,Anqing C.; Haiyu L.; Ruoxue W.; Bin W.; Zhenghai X.,"2024 IEEE 3rd International Conference on Electrical Engineering, Big Data and Algorithms, EEBDA 2024",Conference paper,"[""S02""]","[""privacy""]","[{""database"": ""Scopus"", ""query_id"": ""S02"", ""raw_source"": ""search-expansion-S02-20261001.csv"", ""raw_row"": 28, ""native_id"": ""2-s2.0-85191198310"", ""observed_rank"": """"}]",awaiting_title_abstract_screening,,,2026-10-01,2026-09-30,,,
R4fbe2ad70665fc2b,10.13052/jwe1540-9589.25510,Blockchain-Assisted Privacy-Preserving Retrieval for Sensitive Outsourced Data,https://www.scopus.com/pages/publications/105045145645?origin=resultslist,2026,Zhu B.; Niu L.,Journal of Web Engineering,Article,"[""S02""]","[""privacy""]","[{""database"": ""Scopus"", ""query_id"": ""S02"", ""raw_source"": ""search-expansion-S02-20261001.csv"", ""raw_row"": 29, ""native_id"": ""2-s2.0-105045145645"", ""observed_rank"": """"}]",awaiting_title_abstract_screening,,,2026-10-01,2026-09-30,,,
R4fee3415af36a1e4,10.5220/0012470500003648,Blockchain for Privacy-Preserving Data Distribution in Healthcare,https://www.scopus.com/pages/publications/85190882847?origin=resultslist,2024,Rajput A.S.; Agrawal A.,International Conference on Information Systems Security and Privacy,Conference paper,"[""S02""]","[""privacy""]","[{""database"": ""Scopus"", ""query_id"": ""S02"", ""raw_source"": ""search-expansion-S02-20261001.csv"", ""raw_row"": 30, ""native_id"": ""2-s2.0-85190882847"", ""observed_rank"": """"}]",awaiting_title_abstract_screening,,,2026-10-01,2026-09-30,,,
R8c50985323f53647,10.1016/j.sysarc.2024.103132,Enhancing privacy in cyber–physical systems: An efficient blockchain-assisted data-sharing scheme with deniability,https://www.scopus.com/pages/publications/85189525654?origin=resultslist,2024,Xu Y.; Peng Z.; Zhang C.; Wang G.; Wang H.; Jiang H.; Zhang Y.,Journal of Systems Architecture,Article,"[""S02""]","[""privacy""]","[{""database"": ""Scopus"", ""query_id"": ""S02"", ""raw_source"": ""search-expansion-S02-20261001.csv"", ""raw_row"": 31, ""native_id"": ""2-s2.0-85189525654"", ""observed_rank"": """"}]",awaiting_title_abstract_screening,,,2026-10-01,2026-09-30,,,
Rc114bd8aa119649f,10.1109/tvt.2024.3476670,Blockchain-Assisted Efficient Data Sharing Scheme With Accountability and Privacy-Preserving for Internet of Drones Networks,https://www.scopus.com/pages/publications/85207150461?origin=resultslist,2025,Zhou Z.; Luo X.; Mao J.; He T.; Ji X.; Wang J.,IEEE Transactions on Vehicular Technology,Article,"[""S02""]","[""privacy""]","[{""database"": ""Scopus"", ""query_id"": ""S02"", ""raw_source"": ""search-expansion-S02-20261001.csv"", ""raw_row"": 32, ""native_id"": ""2-s2.0-85207150461"", ""observed_rank"": """"}]",awaiting_title_abstract_screening,,,2026-10-01,2026-09-30,,,
Rec8f9d9d9dcfbffb,10.1109/cscwd68734.2026.11582628,Privacy Protection of Energy Transaction Data Based on Blockchain and Homomorphic Encryption,https://www.scopus.com/pages/publications/105045119147?origin=resultslist,2026,Wang X.; Zhang S.; Gao T.; Wang L.; Xu S.; Shao W.; Wang Q.,"Proceedings of the International Conference on Computer Supported Cooperative Work in Design, CSCWD",Conference paper,"[""S02""]","[""privacy""]","[{""database"": ""Scopus"", ""query_id"": ""S02"", ""raw_source"": ""search-expansion-S02-20261001.csv"", ""raw_row"": 33, ""native_id"": ""2-s2.0-105045119147"", ""observed_rank"": """"}]",awaiting_title_abstract_screening,,,2026-10-01,2026-09-30,,,
Rdea92ea887cad327,10.1109/icdsis65355.2025.11071121,Binary Whale Optimization Algorithm with Bidirectional Long Short-Term Memory Blockchain-based Privacy-Preserving for Healthcare Data in Internet of Things,https://www.scopus.com/pages/publications/105011822874?origin=resultslist,2025,Shaikh A.A.; Riadhusin R.; Sudhakar K.; Subalakshmi R.; Mahesh S.,"3rd International Conference on Data Science and Information System, ICDSIS 2025",Conference paper,"[""S02""]","[""privacy""]","[{""database"": ""Scopus"", ""query_id"": ""S02"", ""raw_source"": ""search-expansion-S02-20261001.csv"", ""raw_row"": 34, ""native_id"": ""2-s2.0-105011822874"", ""observed_rank"": """"}]",awaiting_title_abstract_screening,,,2026-10-01,2026-09-30,,,
R97afa7f19ea92b82,10.1007/s10586-026-06490-2,Blockchain-driven AI-enhanced post-quantum multivariate identity-based signature and privacy-preserving data aggregation scheme for fog-enabled flying Ad-hoc networks,https://www.scopus.com/pages/publications/105047863497?origin=resultslist,2026,Al Majmaie S.; Ghajari G.; Prasad Bhatta N.; Amsaad F.,Cluster Computing,Article,"[""S02""]","[""privacy""]","[{""database"": ""Scopus"", ""query_id"": ""S02"", ""raw_source"": ""search-expansion-S02-20261001.csv"", ""raw_row"": 35, ""native_id"": ""2-s2.0-105047863497"", ""observed_rank"": """"}]",awaiting_title_abstract_screening,,,2026-10-01,2026-09-30,,,
R716cce824cac5521,10.1016/j.bcra.2025.100318,Unlocking the potential of data: Toward a secure and privacy-preserving blockchain-based health data governance framework,https://www.scopus.com/pages/publications/105034585183?origin=resultslist,2026,Azzi R.; Kilany Chamoun R.; Serhrouchni A.; Sokhn M.,Blockchain: Research and Applications,Article,"[""S02""]","[""privacy""]","[{""database"": ""Scopus"", ""query_id"": ""S02"", ""raw_source"": ""search-expansion-S02-20261001.csv"", ""raw_row"": 36, ""native_id"": ""2-s2.0-105034585183"", ""observed_rank"": """"}]",awaiting_title_abstract_screening,,,2026-10-01,2026-09-30,,,
Ra2a0b2dc97322985,10.1109/ariia63345.2024.11051613,Blockchain: A nostrum for cloud service providers data security and privacy,https://www.scopus.com/pages/publications/105012114014?origin=resultslist,2024,Malik M.; Arya N.; Nagamuthu Krishnan S.S.; Parashar A.; Chaudhary J.K.; Verma N.K.,"2024 International Conference on Augmented Reality, Intelligent Systems, and Industrial Automation, ARIIA 2024",Conference paper,"[""S02""]","[""privacy""]","[{""database"": ""Scopus"", ""query_id"": ""S02"", ""raw_source"": ""search-expansion-S02-20261001.csv"", ""raw_row"": 37, ""native_id"": ""2-s2.0-105012114014"", ""observed_rank"": """"}]",awaiting_title_abstract_screening,,,2026-10-01,2026-09-30,,,
R926ab7b1013f3c8c,10.14569/ijacsa.2025.0160895,A Scalable and Privacy-Preserving Hybrid Blockchain Architecture for Secure Healthcare Data Management,https://www.scopus.com/pages/publications/105015671757?origin=resultslist,2025,Sharmin S.; Arefin M.S.; Dhar P.K.; Sultana Z.; Akter S.,International Journal of Advanced Computer Science and Applications,Article,"[""S02""]","[""privacy""]","[{""database"": ""Scopus"", ""query_id"": ""S02"", ""raw_source"": ""search-expansion-S02-20261001.csv"", ""raw_row"": 38, ""native_id"": ""2-s2.0-105015671757"", ""observed_rank"": """"}]",awaiting_title_abstract_screening,,,2026-10-01,2026-09-30,,,
R73592687756b3c4b,10.1016/b978-0-44-327726-9.00023-x,Blockchain-empowered federated learning to enhance data privacy and sustainability in smart cities,https://www.scopus.com/pages/publications/105033788372?origin=resultslist,2026,Kumari C.; Bhat A.N.,Smart City Computational Paradigms: A Sustainable Approach,Book chapter,"[""S02""]","[""privacy""]","[{""database"": ""Scopus"", ""query_id"": ""S02"", ""raw_source"": ""search-expansion-S02-20261001.csv"", ""raw_row"": 39, ""native_id"": ""2-s2.0-105033788372"", ""observed_rank"": """"}]",awaiting_title_abstract_screening,,,2026-10-01,2026-09-30,,,
Reab7fdcc839b5996,10.1109/iccpct70290.2026.11654826,A Decentralized Blockchain Framework for Secure and Privacy-Preserving Healthcare Data Management,https://www.scopus.com/pages/publications/105049013564?origin=resultslist,2026,Raghunathan T.; Peter S.S.; Vidhya R.; Akshya J.; Sundarrajan M.,"Proceedings of the International Conference on Circuit, Power and Computing Technologies, ICCPCT 2026",Conference paper,"[""S02""]","[""privacy""]","[{""database"": ""Scopus"", ""query_id"": ""S02"", ""raw_source"": ""search-expansion-S02-20261001.csv"", ""raw_row"": 40, ""native_id"": ""2-s2.0-105049013564"", ""observed_rank"": """"}]",awaiting_title_abstract_screening,,,2026-10-01,2026-09-30,,,
Ra9a3187bf80170d1,10.1016/j.procs.2026.05.252,Construction of Consumer Data Privacy Protection System Based On Blockchain Technology,https://www.scopus.com/pages/publications/105045600351?origin=resultslist,2026,Liu X.,Procedia Computer Science,Conference paper,"[""S02""]","[""privacy""]","[{""database"": ""Scopus"", ""query_id"": ""S02"", ""raw_source"": ""search-expansion-S02-20261001.csv"", ""raw_row"": 41, ""native_id"": ""2-s2.0-105045600351"", ""observed_rank"": """"}]",awaiting_title_abstract_screening,,,2026-10-01,2026-09-30,,,
Ra4e337e24c5e4e7d,10.1109/aece67531.2025.11386642,"Blockchain Architecture for Secure Healthcare Data Storage with Privacy, Scalability, Interoperability, and Accessibility Features",https://www.scopus.com/pages/publications/105035170317?origin=resultslist,2025,Sowmya M.; Kaushal R.K.; Makka S.,"2025 5th International Conference on Advancement in Electronics and Communication Engineering, AECE 2025",Conference paper,"[""S02""]","[""privacy""]","[{""database"": ""Scopus"", ""query_id"": ""S02"", ""raw_source"": ""search-expansion-S02-20261001.csv"", ""raw_row"": 42, ""native_id"": ""2-s2.0-105035170317"", ""observed_rank"": """"}]",awaiting_title_abstract_screening,,,2026-10-01,2026-09-30,,,
R60e66b37d7a3e0d7,10.1007/s11227-025-07388-3,A privacy-preserving and secure editable blockchain model for government data sharing,https://www.scopus.com/pages/publications/105006708016?origin=resultslist,2025,Zhao Y.; Song Z.; Song J.; Tong H.; Xing Z.; Jiang R.,Journal of Supercomputing,Article,"[""S02""]","[""privacy""]","[{""database"": ""Scopus"", ""query_id"": ""S02"", ""raw_source"": ""search-expansion-S02-20261001.csv"", ""raw_row"": 43, ""native_id"": ""2-s2.0-105006708016"", ""observed_rank"": """"}]",awaiting_title_abstract_screening,,,2026-10-01,2026-09-30,,,
R80da5cc431f5c0df,10.1145/3779208.3785393,PrivaDE: Privacy-preserving Data Evaluation for Blockchain-based Data Marketplaces,https://www.scopus.com/pages/publications/105042436192?origin=resultslist,2026,Wong W.K.; Torkamani S.; Ciampi M.; Sarkar R.,ASIA CCS 2026 - Proceedings of the 21st ACM ASIA Conference on Computer and Communications Security,Conference paper,"[""S02"", ""S03""]","[""privacy""]","[{""database"": ""Scopus"", ""query_id"": ""S02"", ""raw_source"": ""search-expansion-S02-20261001.csv"", ""raw_row"": 44, ""native_id"": ""2-s2.0-105042436192"", ""observed_rank"": """"}, {""database"": ""ACM Full-Text Collection"", ""query_id"": ""S03"", ""raw_source"": ""search-expansion-ACM-20261001.csv"", ""raw_row"": 1, ""native_id"": """", ""observed_rank"": ""1""}]",awaiting_title_abstract_screening,,,2026-10-01,2026-09-30,,,
R3119ccd9be92f632,10.1109/icicv64824.2025.11085460,A Privacy-Preserving Blockchain Framework for Personal Data Sharing,https://www.scopus.com/pages/publications/105013073159?origin=resultslist,2025,Pradeep Kumar J.; Thatha V.N.; Nandini C.; Gowthami Y.; Sahithya G.; Gowtham B.,"Proceedings of 6th International Conference on Intelligent Communication Technologies and Virtual Mobile Networks, ICICV 2025",Conference paper,"[""S02""]","[""privacy""]","[{""database"": ""Scopus"", ""query_id"": ""S02"", ""raw_source"": ""search-expansion-S02-20261001.csv"", ""raw_row"": 45, ""native_id"": ""2-s2.0-105013073159"", ""observed_rank"": """"}]",awaiting_title_abstract_screening,,,2026-10-01,2026-09-30,,,
R7039d9d086b14a95,10.23919/icact68090.2026.11431530,Blockchain-Based Data Management System Exploiting Consistent Hashing for Data Privacy in Urban Computing,https://www.scopus.com/pages/publications/105036072108?origin=resultslist,2026,Heo G.; Doh I.,"International Conference on Advanced Communication Technology, ICACT",Conference paper,"[""S02""]","[""privacy""]","[{""database"": ""Scopus"", ""query_id"": ""S02"", ""raw_source"": ""search-expansion-S02-20261001.csv"", ""raw_row"": 46, ""native_id"": ""2-s2.0-105036072108"", ""observed_rank"": """"}]",awaiting_title_abstract_screening,,,2026-10-01,2026-09-30,,,
R1170072b42065b95,10.1002/9781394242399.ch3,Unlocking Revolutionary Use Cases and Data Privacy Controls Throughout Quantum Computing and Blockchain,https://www.scopus.com/pages/publications/105001342563?origin=resultslist,2025,Benaich R.; El Mendili S.; Gahi Y.,Quantum Computing and Artificial Intelligence: The Industry Use Cases,Book chapter,"[""S02""]","[""privacy""]","[{""database"": ""Scopus"", ""query_id"": ""S02"", ""raw_source"": ""search-expansion-S02-20261001.csv"", ""raw_row"": 47, ""native_id"": ""2-s2.0-105001342563"", ""observed_rank"": """"}]",awaiting_title_abstract_screening,,,2026-10-01,2026-09-30,,,
R1d9a545790a4617e,10.23919/jcc.fa.2024-0597.202505,Blockchain-enabled data secure sharing with privacy protection based on proxy re-encryption in web3.0 applications,https://www.scopus.com/pages/publications/105015979850?origin=resultslist,2025,Jiawei M.; Haojie Z.; Sidie W.; Jiyuan S.; Tian T.,China Communications,Article,"[""S02""]","[""privacy""]","[{""database"": ""Scopus"", ""query_id"": ""S02"", ""raw_source"": ""search-expansion-S02-20261001.csv"", ""raw_row"": 48, ""native_id"": ""2-s2.0-105015979850"", ""observed_rank"": """"}]",awaiting_title_abstract_screening,,,2026-10-01,2026-09-30,,,
R4904c5689c1ad978,10.1109/iccc62609.2024.10942025,Blockchain Technology Promoting Data Privacy Protection and Sharing in Communication Networks,https://www.scopus.com/pages/publications/105006541959?origin=resultslist,2024,Xie T.; Zhu Y.,"Proceedings of the IEEE International Conference on Computer and Communications, ICCC",Conference paper,"[""S02""]","[""privacy""]","[{""database"": ""Scopus"", ""query_id"": ""S02"", ""raw_source"": ""search-expansion-S02-20261001.csv"", ""raw_row"": 49, ""native_id"": ""2-s2.0-105006541959"", ""observed_rank"": """"}]",awaiting_title_abstract_screening,,,2026-10-01,2026-09-30,,,
Rc9d1b3dcc3fb45eb,10.1109/tifs.2024.3398535,Fair and Privacy-Preserved Data Trading Protocol by Exploiting Blockchain,https://www.scopus.com/pages/publications/85192957007?origin=resultslist,2024,Abla P.; Li T.; He D.; Huang H.; Yu S.; Zhang Y.,IEEE Transactions on Information Forensics and Security,Article,"[""S02""]","[""privacy""]","[{""database"": ""Scopus"", ""query_id"": ""S02"", ""raw_source"": ""search-expansion-S02-20261001.csv"", ""raw_row"": 50, ""native_id"": ""2-s2.0-85192957007"", ""observed_rank"": """"}]",awaiting_title_abstract_screening,,,2026-10-01,2026-09-30,,,
Raf560b2096c064b7,10.1109/icsc64553.2025.10968535,Advancing Blockchain-Based Systems to Enhance Security and Privacy in Healthcare Data Management Practices,https://www.scopus.com/pages/publications/105005708838?origin=resultslist,2025,Gulhane M.; Rakesh N.; Dixit S.; Sharma R.; Kumar S.,"International Conference on Signal Processing and Communication, ICSC",Conference paper,"[""S02""]","[""privacy""]","[{""database"": ""Scopus"", ""query_id"": ""S02"", ""raw_source"": ""search-expansion-S02-20261001.csv"", ""raw_row"": 51, ""native_id"": ""2-s2.0-105005708838"", ""observed_rank"": """"}]",awaiting_title_abstract_screening,,,2026-10-01,2026-09-30,,,
R2b4cbae2374b15d7,10.1109/icadcs70036.2026.11583476,Federated Learning and Blockchain Hybrid for Privacy Preserving Interagency Data Governance,https://www.scopus.com/pages/publications/105045692245?origin=resultslist,2026,Ponvardhini T.; Tewari D.; Vikrant; Sharma R.; Chaudhary P.; Brijwal A.,"2026 1st International Conference on AI, Data Science, Cyber Security and Smart Manufacturing for Sustainable Development, ICADCS 2026",Conference paper,"[""S02""]","[""privacy""]","[{""database"": ""Scopus"", ""query_id"": ""S02"", ""raw_source"": ""search-expansion-S02-20261001.csv"", ""raw_row"": 52, ""native_id"": ""2-s2.0-105045692245"", ""observed_rank"": """"}]",awaiting_title_abstract_screening,,,2026-10-01,2026-09-30,,,
Rfaeba657ad71ff37,10.14569/ijacsa.2026.0170135,A Blockchain-Based Privacy-Preserving Scheme for Integrity Verification and Fair Payment in Cloud Data Storage,https://www.scopus.com/pages/publications/105031138124?origin=resultslist,2026,Zhenxiang L.; Yuanrong J.; Ahmad M.N.,International Journal of Advanced Computer Science and Applications,Article,"[""S02""]","[""privacy""]","[{""database"": ""Scopus"", ""query_id"": ""S02"", ""raw_source"": ""search-expansion-S02-20261001.csv"", ""raw_row"": 53, ""native_id"": ""2-s2.0-105031138124"", ""observed_rank"": """"}]",awaiting_title_abstract_screening,,,2026-10-01,2026-09-30,,,
R4464f40aa2918648,10.1080/20421338.2026.2651540,AI and ML-Based secure employee data management model using FBCSR and HSMPC with blockchain for privacy preservation and insider threat detection in HRM,https://www.scopus.com/pages/publications/105039787849?origin=resultslist,2026,Sareddy M.R.; Algaet M.A.; Khalifa Z.A.; Mohammed B.S.; Kalaikumaran T.,"African Journal of Science, Technology, Innovation and Development",Article,"[""S02""]","[""privacy""]","[{""database"": ""Scopus"", ""query_id"": ""S02"", ""raw_source"": ""search-expansion-S02-20261001.csv"", ""raw_row"": 54, ""native_id"": ""2-s2.0-105039787849"", ""observed_rank"": """"}]",awaiting_title_abstract_screening,,,2026-10-01,2026-09-30,,,
Re544af11fc3ac0bf,10.1109/dsp65409.2025.11074809,Privacy Protection and Real-Time Data Transmission Supported by Blockchain for Intelligent Connected Vehicles,https://www.scopus.com/pages/publications/105012217217?origin=resultslist,2025,Xu Z.; Kang X.; Zhang L.,"International Conference on Digital Signal Processing, DSP",Conference paper,"[""S02""]","[""privacy""]","[{""database"": ""Scopus"", ""query_id"": ""S02"", ""raw_source"": ""search-expansion-S02-20261001.csv"", ""raw_row"": 55, ""native_id"": ""2-s2.0-105012217217"", ""observed_rank"": """"}]",awaiting_title_abstract_screening,,,2026-10-01,2026-09-30,,,
R97e9baa05166b8fd,10.1007/s42979-024-03383-2,Adaptive Deep Conditional Random Field-Based Blockchain Access with Hybrid Encryption for Data Privacy Preservation,https://www.scopus.com/pages/publications/85210251282?origin=resultslist,2024,Viswanadham Y.V.R.S.; Panaiyappan K.A.,SN Computer Science,Article,"[""S02""]","[""privacy""]","[{""database"": ""Scopus"", ""query_id"": ""S02"", ""raw_source"": ""search-expansion-S02-20261001.csv"", ""raw_row"": 56, ""native_id"": ""2-s2.0-85210251282"", ""observed_rank"": """"}]",awaiting_title_abstract_screening,,,2026-10-01,2026-09-30,,,
Reafb819c4741c781,10.1007/978-3-031-54521-4_12,Blockchain-Based EMR Enhancement: Introducing PMI-Chain for Improved Medical Data Security and Privacy,https://www.scopus.com/pages/publications/85187651015?origin=resultslist,2024,Cui B.; Mei T.; Liu X.,"Lecture Notes of the Institute for Computer Sciences, Social-Informatics and Telecommunications Engineering, LNICST",Conference paper,"[""S02""]","[""privacy""]","[{""database"": ""Scopus"", ""query_id"": ""S02"", ""raw_source"": ""search-expansion-S02-20261001.csv"", ""raw_row"": 57, ""native_id"": ""2-s2.0-85187651015"", ""observed_rank"": """"}]",awaiting_title_abstract_screening,,,2026-10-01,2026-09-30,,,
Rb372bcdce3373b13,10.4018/979-8-3693-6859-6.ch007,Secured and Privacy-Preserved Aggregation of Data in Edge Computing Using Blockchain-Based Secured Aggregation (BSA),https://www.scopus.com/pages/publications/105007592524?origin=resultslist,2024,Dhinakaran D.; Kumar N.J.; Kumar V.V.; Lakshminarayanan S.; Selvaraj D.,Convergence of Cybersecurity and Cloud Computing,Book chapter,"[""S02""]","[""privacy""]","[{""database"": ""Scopus"", ""query_id"": ""S02"", ""raw_source"": ""search-expansion-S02-20261001.csv"", ""raw_row"": 58, ""native_id"": ""2-s2.0-105007592524"", ""observed_rank"": """"}]",awaiting_title_abstract_screening,,,2026-10-01,2026-09-30,,,
R15d300d66132128e,10.1016/j.eswa.2026.132813,A dual-blockchain-based privacy-preserving data authorization scheme for regulatory supervision in regional equity markets,https://www.scopus.com/pages/publications/105039335031?origin=resultslist,2026,Yang C.; Zhu Z.; Ma X.,Expert Systems with Applications,Article,"[""S02""]","[""privacy""]","[{""database"": ""Scopus"", ""query_id"": ""S02"", ""raw_source"": ""search-expansion-S02-20261001.csv"", ""raw_row"": 59, ""native_id"": ""2-s2.0-105039335031"", ""observed_rank"": """"}]",awaiting_title_abstract_screening,,,2026-10-01,2026-09-30,,,
Rcc2a041f9f7fea11,10.4018/979-8-3693-8784-9.ch012,"Optimizing data privacy and scalability in health monitoring: Leveraging, encryption, blockchain, and cloud technologies",https://www.scopus.com/pages/publications/86000065883?origin=resultslist,2025,Kothai G.; Harish P.; Kannan S.M.; Ajinesh D.; Sathyanarayanan V.,Critical Phishing Defense Strategies and Digital Asset Protection,Book chapter,"[""S02""]","[""privacy""]","[{""database"": ""Scopus"", ""query_id"": ""S02"", ""raw_source"": ""search-expansion-S02-20261001.csv"", ""raw_row"": 60, ""native_id"": ""2-s2.0-86000065883"", ""observed_rank"": """"}]",awaiting_title_abstract_screening,,,2026-10-01,2026-09-30,,,
R471863ff937b6bd6,10.1007/978-3-031-53717-2_40,Blockchain-Enhanced Privacy and Security in Medicare Data Sharing: Identifying Gaps and Solutions in Current Practices,https://www.scopus.com/pages/publications/85187983103?origin=resultslist,2024,Rehman A.; Ilyas M.,Studies in Computational Intelligence,Conference paper,"[""S02""]","[""privacy""]","[{""database"": ""Scopus"", ""query_id"": ""S02"", ""raw_source"": ""search-expansion-S02-20261001.csv"", ""raw_row"": 61, ""native_id"": ""2-s2.0-85187983103"", ""observed_rank"": """"}]",awaiting_title_abstract_screening,,,2026-10-01,2026-09-30,,,
Re9deff95187fff4d,10.52783/pmj.v34.i4.1885,"Developing Secure and Interoperable Health Information Systems Using Blockchain Technology to Enhance Data Privacy, Security, and Accessibility in Healthcare",https://www.scopus.com/pages/publications/85206354963?origin=resultslist,2024,Radwan R.M.; Limkar S.; Hossain M.A.; Abdelhag M.E.; El-Bahkiry H.S.; Meeran A.A.S.; Amin S.T.,Panamerican Mathematical Journal,Article,"[""S02""]","[""privacy""]","[{""database"": ""Scopus"", ""query_id"": ""S02"", ""raw_source"": ""search-expansion-S02-20261001.csv"", ""raw_row"": 62, ""native_id"": ""2-s2.0-85206354963"", ""observed_rank"": """"}]",awaiting_title_abstract_screening,,,2026-10-01,2026-09-30,,,
R341a68d8c92f346a,10.1016/j.vehcom.2024.100864,A data sharing scheme based on blockchain for privacy protection certification of Internet of Vehicles,https://www.scopus.com/pages/publications/85211077886?origin=resultslist,2025,Shang F.; Deng X.,Vehicular Communications,Article,"[""S02""]","[""privacy""]","[{""database"": ""Scopus"", ""query_id"": ""S02"", ""raw_source"": ""search-expansion-S02-20261001.csv"", ""raw_row"": 63, ""native_id"": ""2-s2.0-85211077886"", ""observed_rank"": """"}]",awaiting_title_abstract_screening,,,2026-10-01,2026-09-30,,,
R267053902acacb80,10.1109/ictacs62700.2024.10841078,Enhancing Data Security and Privacy in Electronic Health Records with Blockchain Technology,https://www.scopus.com/pages/publications/85218207357?origin=resultslist,2024,Hamela K.; Shrivastava G.; Umapathi P.; Bankar J.S.; Chaudhary S.D.; Kisan R.,"Proceedings - 4th International Conference on Technological Advancements in Computational Sciences, ICTACS 2024",Conference paper,"[""S02""]","[""privacy""]","[{""database"": ""Scopus"", ""query_id"": ""S02"", ""raw_source"": ""search-expansion-S02-20261001.csv"", ""raw_row"": 64, ""native_id"": ""2-s2.0-85218207357"", ""observed_rank"": """"}]",awaiting_title_abstract_screening,,,2026-10-01,2026-09-30,,,
R399dd14424f18afd,10.1007/978-3-032-20735-7_17,EHR Chain-Blockchain Based Privacy Preserving Data Sharing Model for Electronic Health Records (EHR) Using Hyperledger Fabric,https://www.scopus.com/pages/publications/105046056311?origin=resultslist,2026,Rajakarthik R.; Sumalatha V.; Rajalingam R.,Information Systems Engineering and Management,Book chapter,"[""S02""]","[""privacy""]","[{""database"": ""Scopus"", ""query_id"": ""S02"", ""raw_source"": ""search-expansion-S02-20261001.csv"", ""raw_row"": 65, ""native_id"": ""2-s2.0-105046056311"", ""observed_rank"": """"}]",awaiting_title_abstract_screening,,,2026-10-01,2026-09-30,,,
Rd53904111cbea40a,10.3233/idt-230393,International trade privacy data management system combining Internet of Things blockchain,https://www.scopus.com/pages/publications/85186115294?origin=resultslist,2024,Hua X.; Zhang H.,Intelligent Decision Technologies,Article,"[""S02""]","[""privacy""]","[{""database"": ""Scopus"", ""query_id"": ""S02"", ""raw_source"": ""search-expansion-S02-20261001.csv"", ""raw_row"": 66, ""native_id"": ""2-s2.0-85186115294"", ""observed_rank"": """"}]",awaiting_title_abstract_screening,,,2026-10-01,2026-09-30,,,
Rda0b59c9a5b28bff,10.1016/j.jisa.2024.103914,BCRS-DS: A Privacy-protected data sharing scheme for IoT based on blockchain and certificateless ring signature,https://www.scopus.com/pages/publications/85209109173?origin=resultslist,2024,Liu Q.; Wang G.; Yan B.; Dong A.; Yu H.; Yu J.,Journal of Information Security and Applications,Article,"[""S02""]","[""privacy""]","[{""database"": ""Scopus"", ""query_id"": ""S02"", ""raw_source"": ""search-expansion-S02-20261001.csv"", ""raw_row"": 67, ""native_id"": ""2-s2.0-85209109173"", ""observed_rank"": """"}]",awaiting_title_abstract_screening,,,2026-10-01,2026-09-30,,,
Re95a7c9622c45e3f,10.1109/tnsm.2025.3602117,Enhancing Security and Privacy of IoMT Data for Unconscious Patient With Blockchain,https://www.scopus.com/pages/publications/105014369904?origin=resultslist,2025,Maruthi V.; Singh K.,IEEE Transactions on Network and Service Management,Article,"[""S02""]","[""privacy""]","[{""database"": ""Scopus"", ""query_id"": ""S02"", ""raw_source"": ""search-expansion-S02-20261001.csv"", ""raw_row"": 68, ""native_id"": ""2-s2.0-105014369904"", ""observed_rank"": """"}]",awaiting_title_abstract_screening,,,2026-10-01,2026-09-30,,,
R5dd2ffac65db11a8,10.1007/s10586-025-05354-5,Privacy-preserving data aggregation in smart grid based on multi-key homomorphic encryption and blockchain,https://www.scopus.com/pages/publications/105015465888?origin=resultslist,2025,Wang H.; Bu M.; Feng J.; Ding Y.; Tang S.; Wang Y.,Cluster Computing,Article,"[""S02""]","[""privacy""]","[{""database"": ""Scopus"", ""query_id"": ""S02"", ""raw_source"": ""search-expansion-S02-20261001.csv"", ""raw_row"": 69, ""native_id"": ""2-s2.0-105015465888"", ""observed_rank"": """"}]",awaiting_title_abstract_screening,,,2026-10-01,2026-09-30,,,
Ra50fef8cacb3c151,10.1016/j.iot.2024.101256,Enhancing privacy and security in smart healthcare: A blockchain-powered decentralized data dissemination scheme,https://www.scopus.com/pages/publications/85196381886?origin=resultslist,2024,Mohd Shari N.F.; Malip A.,Internet of Things (Netherlands),Article,"[""S02""]","[""privacy""]","[{""database"": ""Scopus"", ""query_id"": ""S02"", ""raw_source"": ""search-expansion-S02-20261001.csv"", ""raw_row"": 70, ""native_id"": ""2-s2.0-85196381886"", ""observed_rank"": """"}]",awaiting_title_abstract_screening,,,2026-10-01,2026-09-30,,,
R20b4e01a9bef6e8a,10.1007/s42979-025-04082-2,A Privacy-Preserving Blockchain Learning Model for Reliable Industrial Internet of Things Data Transmission,https://www.scopus.com/pages/publications/105007469903?origin=resultslist,2025,Alotaibi A.M.,SN Computer Science,Article,"[""S02""]","[""privacy""]","[{""database"": ""Scopus"", ""query_id"": ""S02"", ""raw_source"": ""search-expansion-S02-20261001.csv"", ""raw_row"": 71, ""native_id"": ""2-s2.0-105007469903"", ""observed_rank"": """"}]",awaiting_title_abstract_screening,,,2026-10-01,2026-09-30,,,
Rff8bd6ad690089ad,10.1007/s10586-025-05466-y,A decentralized blockchain based privacy preservation scheme for healthcare data security enhancement in cloud,https://www.scopus.com/pages/publications/105013670301?origin=resultslist,2025,Kumar N.; Kumar S.; Sharma R.K.; Sharma R.; Tomar K.,Cluster Computing,Article,"[""S02""]","[""privacy""]","[{""database"": ""Scopus"", ""query_id"": ""S02"", ""raw_source"": ""search-expansion-S02-20261001.csv"", ""raw_row"": 72, ""native_id"": ""2-s2.0-105013670301"", ""observed_rank"": """"}]",awaiting_title_abstract_screening,,,2026-10-01,2026-09-30,,,
R8ce1de3d4f59718d,10.1109/jiot.2024.3492031,A Trusted Data Privacy Computing Method for Vehicular Ad Hoc Networks Based on Homomorphic Encryption and DAG Blockchain,https://www.scopus.com/pages/publications/86000435087?origin=resultslist,2025,Jiang W.; Tao J.; Guan Z.,IEEE Internet of Things Journal,Article,"[""S02""]","[""privacy""]","[{""database"": ""Scopus"", ""query_id"": ""S02"", ""raw_source"": ""search-expansion-S02-20261001.csv"", ""raw_row"": 73, ""native_id"": ""2-s2.0-86000435087"", ""observed_rank"": """"}]",awaiting_title_abstract_screening,,,2026-10-01,2026-09-30,,,
R42197a37d18c481c,10.1109/icad69378.2026.11608846,Privacy-Preserving Federated AI on Blockchain for Secure and Compliant Banking Data Management,https://www.scopus.com/pages/publications/105046422201?origin=resultslist,2026,Lakkadi V.R.; Donthi P.R.; Kandula S.; Kumar M.,"2026 IEEE International Conference on AI and Data Analytics, ICAD 2026",Conference paper,"[""S02""]","[""privacy""]","[{""database"": ""Scopus"", ""query_id"": ""S02"", ""raw_source"": ""search-expansion-S02-20261001.csv"", ""raw_row"": 74, ""native_id"": ""2-s2.0-105046422201"", ""observed_rank"": """"}]",awaiting_title_abstract_screening,,,2026-10-01,2026-09-30,,,
Rc5fb7ed55520820c,10.1007/s11227-025-07746-1,Blockchain-enabled one-stop efficient data retrieval privacy protection mechanism industry 4.0,https://www.scopus.com/pages/publications/105013554162?origin=resultslist,2025,Zhang J.; Li S.; Pei H.,Journal of Supercomputing,Article,"[""S02""]","[""privacy""]","[{""database"": ""Scopus"", ""query_id"": ""S02"", ""raw_source"": ""search-expansion-S02-20261001.csv"", ""raw_row"": 75, ""native_id"": ""2-s2.0-105013554162"", ""observed_rank"": """"}]",awaiting_title_abstract_screening,,,2026-10-01,2026-09-30,,,
R59d97165c1f1d6d8,10.1016/j.vehcom.2024.100832,Conditional privacy-preserving and efficient distributed IoV data sharing scheme based on a hierarchical and zonal blockchain,https://www.scopus.com/pages/publications/85200143816?origin=resultslist,2024,Zhou Z.; Wang N.; Liu J.; Zhou W.; Fu J.; Deng L.,Vehicular Communications,Article,"[""S02""]","[""privacy""]","[{""database"": ""Scopus"", ""query_id"": ""S02"", ""raw_source"": ""search-expansion-S02-20261001.csv"", ""raw_row"": 76, ""native_id"": ""2-s2.0-85200143816"", ""observed_rank"": """"}]",awaiting_title_abstract_screening,,,2026-10-01,2026-09-30,,,
Rceba1548d0ec7fea,10.1108/jedt-09-2021-0494,Secured platform for healthcare data: privacy preservation based blockchain environment,https://www.scopus.com/pages/publications/85127265133?origin=resultslist,2024,Raghav N.; Bhola A.K.,"Journal of Engineering, Design and Technology",Article,"[""S02""]","[""privacy""]","[{""database"": ""Scopus"", ""query_id"": ""S02"", ""raw_source"": ""search-expansion-S02-20261001.csv"", ""raw_row"": 77, ""native_id"": ""2-s2.0-85127265133"", ""observed_rank"": """"}]",awaiting_title_abstract_screening,,,2026-10-01,2026-09-30,,,
R2e071147e874546b,10.19682/j.cnki.1005-8885.2025.0022,BPMC: blockchain-pedersen multi-aggregation communication framework for data privacy-preserving interaction,https://www.scopus.com/pages/publications/105039169978?origin=resultslist,2025,Jiazheng Z.; Haolun H.; Shouwei L.,Journal of China Universities of Posts and Telecommunications,Article,"[""S02""]","[""privacy""]","[{""database"": ""Scopus"", ""query_id"": ""S02"", ""raw_source"": ""search-expansion-S02-20261001.csv"", ""raw_row"": 78, ""native_id"": ""2-s2.0-105039169978"", ""observed_rank"": """"}]",awaiting_title_abstract_screening,,,2026-10-01,2026-09-30,,,
Rcbf69eee084fa41b,10.1201/9781003731597-8,Hybrid AI- Blockchain Frameworks for Secure Spectrum Data Governance in Smart Grids: Addressing Privacy and Ethical Challenges in 6G Ecosystems,https://www.scopus.com/pages/publications/105051140061?origin=resultslist,2026,Ray D.K.; Prasad R.; More C.,"AI, Machine Learning, and Blockchain for Next-Generation Spectrum Management",Book chapter,"[""S02""]","[""privacy""]","[{""database"": ""Scopus"", ""query_id"": ""S02"", ""raw_source"": ""search-expansion-S02-20261001.csv"", ""raw_row"": 79, ""native_id"": ""2-s2.0-105051140061"", ""observed_rank"": """"}]",awaiting_title_abstract_screening,,,2026-10-01,2026-09-30,,,
R8c863c3ff505fd72,10.1007/978-3-032-06677-0_20,"Enhancing Healthcare Data Security: Integrating NLP, Deep Learning, and Blockchain for Privacy and Compliance",https://www.scopus.com/pages/publications/105023586276?origin=resultslist,2026,Singhal S.; Sharma U.,Lecture Notes in Networks and Systems,Conference paper,"[""S02""]","[""privacy""]","[{""database"": ""Scopus"", ""query_id"": ""S02"", ""raw_source"": ""search-expansion-S02-20261001.csv"", ""raw_row"": 80, ""native_id"": ""2-s2.0-105023586276"", ""observed_rank"": """"}]",awaiting_title_abstract_screening,,,2026-10-01,2026-09-30,,,
R596660d38db467e5,10.1109/iccit65724.2025.11167542,Blockchain Technology for Securing Electronic Health Records and Enhancing Data Privacy,https://www.scopus.com/pages/publications/105018474083?origin=resultslist,2025,Utami R.T.; Lubis V.H.; Royani; Santoso N.P.L.; Rizky A.; Komara M.A.; Suryadi L.,"Proceeding - 2025 4th International Conference on Creative Communication and Innovative Technology: Empowering Transformative MATURE LEADERSHIP: Harnessing Technological Advancement for Global Sustainability, ICCIT 2025",Conference paper,"[""S02""]","[""privacy""]","[{""database"": ""Scopus"", ""query_id"": ""S02"", ""raw_source"": ""search-expansion-S02-20261001.csv"", ""raw_row"": 81, ""native_id"": ""2-s2.0-105018474083"", ""observed_rank"": """"}]",awaiting_title_abstract_screening,,,2026-10-01,2026-09-30,,,
R6ffedd4ebe9ac7c9,10.1109/accai61061.2024.10602356,Blockchain-Based Federated Learning for Data Privacy and Security,https://www.scopus.com/pages/publications/85200598177?origin=resultslist,2024,Murugan G.; Divyashree D.; Ravisankar P.; Vasudevan M.; Karthikeyan T.; Singh D.P.,"Proceedings - 3rd International Conference on Advances in Computing, Communication and Applied Informatics, ACCAI 2024",Conference paper,"[""S02""]","[""privacy""]","[{""database"": ""Scopus"", ""query_id"": ""S02"", ""raw_source"": ""search-expansion-S02-20261001.csv"", ""raw_row"": 82, ""native_id"": ""2-s2.0-85200598177"", ""observed_rank"": """"}]",awaiting_title_abstract_screening,,,2026-10-01,2026-09-30,,,
R28da575caf54a36c,10.1142/s0218194026410020,Evaluation of Blockchain Technology for Enhancing Data Privacy and Security in Cloud Computing Environments,https://www.scopus.com/pages/publications/105034702667?origin=resultslist,2026,Alkhattabi K.,International Journal of Software Engineering and Knowledge Engineering,Article,"[""S02""]","[""privacy""]","[{""database"": ""Scopus"", ""query_id"": ""S02"", ""raw_source"": ""search-expansion-S02-20261001.csv"", ""raw_row"": 83, ""native_id"": ""2-s2.0-105034702667"", ""observed_rank"": """"}]",awaiting_title_abstract_screening,,,2026-10-01,2026-09-30,,,
Radaef8844baac257,10.32604/cmc.2024.052570,Privacy-Preserving Healthcare and Medical Data Collaboration Service System Based on Blockchain and Federated Learning,https://www.scopus.com/pages/publications/85201269225?origin=resultslist,2024,Hu F.; Qiu S.; Yang X.; Wu C.; Nunes M.B.; Chen H.,"Computers, Materials and Continua",Article,"[""S02""]","[""privacy""]","[{""database"": ""Scopus"", ""query_id"": ""S02"", ""raw_source"": ""search-expansion-S02-20261001.csv"", ""raw_row"": 84, ""native_id"": ""2-s2.0-85201269225"", ""observed_rank"": """"}]",awaiting_title_abstract_screening,,,2026-10-01,2026-09-30,,,
R904b8fe8952150ce,10.1109/trustcom66490.2025.00385,Blockchain-Enabled Privacy-Preserving Medical Data Sharing with Verifiable Insurance Evaluation,https://www.scopus.com/pages/publications/105033682076?origin=resultslist,2025,Li J.; Chen X.; Xu G.,"Proceedings of the IEEE International Conference on Trust, Security and Privacy in Computing and Communications, TrustCom",Conference paper,"[""S02""]","[""privacy""]","[{""database"": ""Scopus"", ""query_id"": ""S02"", ""raw_source"": ""search-expansion-S02-20261001.csv"", ""raw_row"": 85, ""native_id"": ""2-s2.0-105033682076"", ""observed_rank"": """"}]",awaiting_title_abstract_screening,,,2026-10-01,2026-09-30,,,
Rd2e9dc22333206e6,10.1109/tvt.2026.3658862,V2Share: Blockchain-Enabled Verifiable Data Sharing With Privacy Preserving in Vehicular Social Networks,https://www.scopus.com/pages/publications/105029019997?origin=resultslist,2026,Yang X.; Qi S.; Wei W.; Wang A.; Yang J.; Cheng J.; Zhao W.,IEEE Transactions on Vehicular Technology,Article,"[""S02""]","[""privacy""]","[{""database"": ""Scopus"", ""query_id"": ""S02"", ""raw_source"": ""search-expansion-S02-20261001.csv"", ""raw_row"": 86, ""native_id"": ""2-s2.0-105029019997"", ""observed_rank"": """"}]",awaiting_title_abstract_screening,,,2026-10-01,2026-09-30,,,
R73fbc8aa645fbb4a,10.1109/icicacs65178.2025.10967902,Graph-Theoretical Approaches Integrated with Deep Learning for Data Privacy Enhancement in Blockchain Networks,https://www.scopus.com/pages/publications/105004725437?origin=resultslist,2025,Bala Samuvel J.; Mahmoud M.I.; Lotus A.A.; Rajeshwari M.; Mutlag A.H.; Raj I.I.,"3rd International Conference on Integrated Circuits and Communication Systems, ICICACS 2025",Conference paper,"[""S02""]","[""privacy""]","[{""database"": ""Scopus"", ""query_id"": ""S02"", ""raw_source"": ""search-expansion-S02-20261001.csv"", ""raw_row"": 87, ""native_id"": ""2-s2.0-105004725437"", ""observed_rank"": """"}]",awaiting_title_abstract_screening,,,2026-10-01,2026-09-30,,,
R06c1a14a8f3b2539,10.1109/icetas62372.2024.11120069,Blockchain-Enabled Cybersecurity and Data Privacy Solutions for Smart Cities,https://www.scopus.com/pages/publications/105015846294?origin=resultslist,2024,Al-Balasmeh H.,ICETAS 2024 - 9th IEEE International Conference on Engineering Technologies and Applied Sciences,Conference paper,"[""S02""]","[""privacy""]","[{""database"": ""Scopus"", ""query_id"": ""S02"", ""raw_source"": ""search-expansion-S02-20261001.csv"", ""raw_row"": 88, ""native_id"": ""2-s2.0-105015846294"", ""observed_rank"": """"}]",awaiting_title_abstract_screening,,,2026-10-01,2026-09-30,,,
Rf4d8936f120d2936,10.55214/25768484.v9i5.7124,Data privacy in blockchain management scheme with Nudge Theory for banking sector,https://www.scopus.com/pages/publications/105006685004?origin=resultslist,2025,Komatiguntala D.; Kota P.; Krishnan D.; Kongari A.; Dadhabai S.; Bommisetti R.K.,Edelweiss Applied Science and Technology,Article,"[""S02""]","[""privacy""]","[{""database"": ""Scopus"", ""query_id"": ""S02"", ""raw_source"": ""search-expansion-S02-20261001.csv"", ""raw_row"": 89, ""native_id"": ""2-s2.0-105006685004"", ""observed_rank"": """"}]",awaiting_title_abstract_screening,,,2026-10-01,2026-09-30,,,
Rfd615a8fb0e1ef11,10.1109/cicn63059.2024.10847524,Metamorphose Digital Marketing with Cybersecurity Data Privacy Federatin Utilizing Blockchain,https://www.scopus.com/pages/publications/85218064523?origin=resultslist,2024,Qaffas A.A.,"Proceedings - 2024 IEEE 16th International Conference on Communication Systems and Network Technologies, CICN 2024",Conference paper,"[""S02""]","[""privacy""]","[{""database"": ""Scopus"", ""query_id"": ""S02"", ""raw_source"": ""search-expansion-S02-20261001.csv"", ""raw_row"": 90, ""native_id"": ""2-s2.0-85218064523"", ""observed_rank"": """"}]",awaiting_title_abstract_screening,,,2026-10-01,2026-09-30,,,
Re4e710dfa1a1f2cb,10.1504/ijcnds.2025.145910,Blockchain-based privacy-preserving technology to secure shared data in vehicular communication,https://www.scopus.com/pages/publications/105004178951?origin=resultslist,2025,Slama O.; Dhifallah W.; Zidi S.; Lloret J.; Alaya B.; Tarhouni M.,International Journal of Communication Networks and Distributed Systems,Article,"[""S02""]","[""privacy""]","[{""database"": ""Scopus"", ""query_id"": ""S02"", ""raw_source"": ""search-expansion-S02-20261001.csv"", ""raw_row"": 91, ""native_id"": ""2-s2.0-105004178951"", ""observed_rank"": """"}]",awaiting_title_abstract_screening,,,2026-10-01,2026-09-30,,,
R98090f413950934c,10.1109/iciscae62304.2024.10761935,Research on Electronic Data Security and Privacy Protection Mechanism Based on Blockchain Technology,https://www.scopus.com/pages/publications/85214694284?origin=resultslist,2024,Wang H.,"2024 IEEE 7th International Conference on Information Systems and Computer Aided Education, ICISCAE 2024",Conference paper,"[""S02""]","[""privacy""]","[{""database"": ""Scopus"", ""query_id"": ""S02"", ""raw_source"": ""search-expansion-S02-20261001.csv"", ""raw_row"": 92, ""native_id"": ""2-s2.0-85214694284"", ""observed_rank"": """"}]",awaiting_title_abstract_screening,,,2026-10-01,2026-09-30,,,
R15b9a79599cd549c,10.1016/j.future.2024.06.035,Decentralized IoT data sharing: A blockchain-based federated learning approach with joint optimizations for efficiency and privacy,https://www.scopus.com/pages/publications/85196710091?origin=resultslist,2024,Cheng Z.; Liu Y.; Wu C.; Pan Y.; Zhao L.; Deng X.; Zhu C.,Future Generation Computer Systems,Article,"[""S02""]","[""privacy""]","[{""database"": ""Scopus"", ""query_id"": ""S02"", ""raw_source"": ""search-expansion-S02-20261001.csv"", ""raw_row"": 93, ""native_id"": ""2-s2.0-85196710091"", ""observed_rank"": """"}]",awaiting_title_abstract_screening,,,2026-10-01,2026-09-30,,,
R595a36039072a6c4,10.1109/icses63760.2024.10910390,"Securing Sensitive Data: How Blockchain Transforms Privacy in Healthcare, Law, and Education",https://www.scopus.com/pages/publications/105001228496?origin=resultslist,2024,Bale A.S.; Arulananth T.S.; Saranya S.; Gadag T.; Sathiamoorthy J.; Ponnuru S.,"Proceedings of the 2024 International Conference on Innovative Computing, Intelligent Communication and Smart Electrical Systems, ICSES 2024",Conference paper,"[""S02""]","[""privacy""]","[{""database"": ""Scopus"", ""query_id"": ""S02"", ""raw_source"": ""search-expansion-S02-20261001.csv"", ""raw_row"": 94, ""native_id"": ""2-s2.0-105001228496"", ""observed_rank"": """"}]",awaiting_title_abstract_screening,,,2026-10-01,2026-09-30,,,
Rf9ada6e735646c79,10.1016/j.chb.2024.108302,A blockchain-empowered federated learning-based framework for data privacy in lung disease detection system,https://www.scopus.com/pages/publications/85194942561?origin=resultslist,2024,Gupta M.; Kumar M.; Gupta Y.,Computers in Human Behavior,Article,"[""S02""]","[""privacy""]","[{""database"": ""Scopus"", ""query_id"": ""S02"", ""raw_source"": ""search-expansion-S02-20261001.csv"", ""raw_row"": 95, ""native_id"": ""2-s2.0-85194942561"", ""observed_rank"": """"}]",duplicate_current_application,updateGupta2024LungFL,Matching nonempty DOI,2026-10-01,2026-09-30,,,
Rf90c040eff6cb739,10.1007/978-981-99-8211-0_24,A Privacy-Preserving Blockchain Scheme for the Reliable Exchange of IoT Data,https://www.scopus.com/pages/publications/85180148560?origin=resultslist,2024,Alnaghes M.; Falkner N.; Shen H.,Lecture Notes in Electrical Engineering,Conference paper,"[""S02""]","[""privacy""]","[{""database"": ""Scopus"", ""query_id"": ""S02"", ""raw_source"": ""search-expansion-S02-20261001.csv"", ""raw_row"": 96, ""native_id"": ""2-s2.0-85180148560"", ""observed_rank"": """"}]",awaiting_title_abstract_screening,,,2026-10-01,2026-09-30,,,
R6f4afe86f2f48fac,10.1016/j.comnet.2024.110223,HealthRec-Chain: Patient-centric blockchain enabled IPFS for privacy preserving scalable health data,https://www.scopus.com/pages/publications/85184135417?origin=resultslist,2024,Kumari D.; Parmar A.S.; Goyal H.S.; Mishra K.; Panda S.,Computer Networks,Article,"[""S02""]","[""privacy""]","[{""database"": ""Scopus"", ""query_id"": ""S02"", ""raw_source"": ""search-expansion-S02-20261001.csv"", ""raw_row"": 97, ""native_id"": ""2-s2.0-85184135417"", ""observed_rank"": """"}]",awaiting_title_abstract_screening,,,2026-10-01,2026-09-30,,,
Ra3496b36b12032b5,10.1109/ccsb66722.2025.11154335,Big Data Privacy Protection and Secure Sharing Mechanism Based on Blockchain,https://www.scopus.com/pages/publications/105017861627?origin=resultslist,2025,Miao H.,"2025 5th International Conference on Computer Science and Blockchain, CCSB 2025",Conference paper,"[""S02""]","[""privacy""]","[{""database"": ""Scopus"", ""query_id"": ""S02"", ""raw_source"": ""search-expansion-S02-20261001.csv"", ""raw_row"": 98, ""native_id"": ""2-s2.0-105017861627"", ""observed_rank"": """"}]",awaiting_title_abstract_screening,,,2026-10-01,2026-09-30,,,
R59b0f1b02166bc42,10.1109/icccit62592.2025.10928036,Cybersecurity with Blockchain: Strengthening the Privacy and Security of Data in Internet of Things Networks,https://www.scopus.com/pages/publications/105002235557?origin=resultslist,2025,Bonagiri K.; Deepalakshmi P.,"IEEE International Conference on ""Computational, Communication and Information Technology"", ICCCIT 2025",Conference paper,"[""S02""]","[""privacy""]","[{""database"": ""Scopus"", ""query_id"": ""S02"", ""raw_source"": ""search-expansion-S02-20261001.csv"", ""raw_row"": 99, ""native_id"": ""2-s2.0-105002235557"", ""observed_rank"": """"}]",awaiting_title_abstract_screening,,,2026-10-01,2026-09-30,,,
R2766bb6be6b76f69,10.1109/caibda70336.2026.11621141,A Patient-Centric and Privacy-Preserving Medical Data Sharing Framework with Policy-Hiding CP-ABE and Blockchain,https://www.scopus.com/pages/publications/105047026575?origin=resultslist,2026,Duan Z.; Wu X.; Zhang L.,"2026 6th International Conference on Artificial Intelligence, Big Data and Algorithms, CAIBDA 2026",Conference paper,"[""S02""]","[""privacy""]","[{""database"": ""Scopus"", ""query_id"": ""S02"", ""raw_source"": ""search-expansion-S02-20261001.csv"", ""raw_row"": 100, ""native_id"": ""2-s2.0-105047026575"", ""observed_rank"": """"}]",awaiting_title_abstract_screening,,,2026-10-01,2026-09-30,,,
Rb96a2a4073290c62,10.1109/tce.2025.3563943,A Privacy Protection Scheme for Consumer Electronics Data Based on Blockchain and AI,https://www.scopus.com/pages/publications/105004884233?origin=resultslist,2025,Wang L.; Yan C.; Wu H.; Zhu F.; Kumari S.; Alenazi M.J.F.,IEEE Transactions on Consumer Electronics,Article,"[""S02""]","[""privacy""]","[{""database"": ""Scopus"", ""query_id"": ""S02"", ""raw_source"": ""search-expansion-S02-20261001.csv"", ""raw_row"": 101, ""native_id"": ""2-s2.0-105004884233"", ""observed_rank"": """"}]",awaiting_title_abstract_screening,,,2026-10-01,2026-09-30,,,
R15b37db0406f9836,10.1007/s40998-026-01061-y,Energy Efficient Cybersecurity and Blockchain-Enhanced Data Privacy in Smart Grid Infrastructure for Secure Energy Transactions,https://www.scopus.com/pages/publications/105034404657?origin=resultslist,2026,Srinivasarao B.; Khasim S.R.; Lavanya M.; Sudha K.A.; Londhe G.V.; SamptaroSalunkhe S.,Iranian Journal of Science and Technology - Transactions of Electrical Engineering,Article,"[""S02""]","[""privacy""]","[{""database"": ""Scopus"", ""query_id"": ""S02"", ""raw_source"": ""search-expansion-S02-20261001.csv"", ""raw_row"": 102, ""native_id"": ""2-s2.0-105034404657"", ""observed_rank"": """"}]",awaiting_title_abstract_screening,,,2026-10-01,2026-09-30,,,
R64631e025c38e15c,10.1016/j.future.2025.107922,BCE-PPDS: Blockchain-based cloud–edge collaborative privacy-preserving data sharing scheme for IoT,https://www.scopus.com/pages/publications/105007006441?origin=resultslist,2026,Wang G.; Liu Q.; Yu Z.; Zhang H.; Dong A.,Future Generation Computer Systems,Article,"[""S02""]","[""privacy""]","[{""database"": ""Scopus"", ""query_id"": ""S02"", ""raw_source"": ""search-expansion-S02-20261001.csv"", ""raw_row"": 103, ""native_id"": ""2-s2.0-105007006441"", ""observed_rank"": """"}]",awaiting_title_abstract_screening,,,2026-10-01,2026-09-30,,,
R7a4c317833192675,10.4018/979-8-3373-5742-3.ch008,Data Privacy and Cybersecurity in Blockchain Energy Platforms,https://www.scopus.com/pages/publications/105046345937?origin=resultslist,2026,Mandani M.A.; Sekti B.A.,Blockchain-Driven Decentralized Energy Trading: Navigating the Legal Architecture,Book chapter,"[""S02""]","[""privacy""]","[{""database"": ""Scopus"", ""query_id"": ""S02"", ""raw_source"": ""search-expansion-S02-20261001.csv"", ""raw_row"": 104, ""native_id"": ""2-s2.0-105046345937"", ""observed_rank"": """"}]",awaiting_title_abstract_screening,,,2026-10-01,2026-09-30,,,
R11c8023b7646623f,10.1109/icepet61938.2024.10627439,Research and application of power blockchain data sharing technology based on privacy computing,https://www.scopus.com/pages/publications/85202625714?origin=resultslist,2024,Shi Y.; Wang L.; Ao J.; Song J.; Li Q.; Zhang X.,"2024 3rd International Conference on Energy, Power and Electrical Technology, ICEPET 2024",Conference paper,"[""S02""]","[""privacy""]","[{""database"": ""Scopus"", ""query_id"": ""S02"", ""raw_source"": ""search-expansion-S02-20261001.csv"", ""raw_row"": 105, ""native_id"": ""2-s2.0-85202625714"", ""observed_rank"": """"}]",awaiting_title_abstract_screening,,,2026-10-01,2026-09-30,,,
R3d6f6e7bc3b8ec4a,10.21522/tijph.2013.12.04.art069,"A Blockchain-Based, Efficient, and Privacy-Preserving Data Exchange System for mHealthcare that Includes Trust Authentication",https://www.scopus.com/pages/publications/85214031660?origin=resultslist,2024,Krishnamoorthy R.; Kaliyamurthie K.P.,Texila International Journal of Public Health,Article,"[""S02""]","[""privacy""]","[{""database"": ""Scopus"", ""query_id"": ""S02"", ""raw_source"": ""search-expansion-S02-20261001.csv"", ""raw_row"": 106, ""native_id"": ""2-s2.0-85214031660"", ""observed_rank"": """"}]",awaiting_title_abstract_screening,,,2026-10-01,2026-09-30,,,
R76874ae75163cfb3,10.1007/978-981-96-7121-2_4,Decentralising AI: Can Blockchain Technology Solve Data Privacy Challenges in Machine Learning?,https://www.scopus.com/pages/publications/105031473790?origin=resultslist,2025,Murphy D.G.; Lundie A.; Sun R.; Wilkinson S.,"Private Law, Digital Assets, and Infrastructure",Book chapter,"[""S02""]","[""privacy""]","[{""database"": ""Scopus"", ""query_id"": ""S02"", ""raw_source"": ""search-expansion-S02-20261001.csv"", ""raw_row"": 107, ""native_id"": ""2-s2.0-105031473790"", ""observed_rank"": """"}]",awaiting_title_abstract_screening,,,2026-10-01,2026-09-30,,,
R5edb3fd12b265226,10.1109/fmlds63805.2024.00049,A Comparative Study on Permissioned Based Blockchain Implementation on Healthcare Data: From Security and Privacy Perspective,https://www.scopus.com/pages/publications/85219752060?origin=resultslist,2024,Hossain M.D.; Mamun Q.; Islam R.,"Proceedings - 2024 IEEE International Conference on Future Machine Learning and Data Science, FMLDS 2024",Conference paper,"[""S02""]","[""privacy""]","[{""database"": ""Scopus"", ""query_id"": ""S02"", ""raw_source"": ""search-expansion-S02-20261001.csv"", ""raw_row"": 108, ""native_id"": ""2-s2.0-85219752060"", ""observed_rank"": """"}]",awaiting_title_abstract_screening,,,2026-10-01,2026-09-30,,,
R8ab2e19de669dfaa,10.1109/icpeca63937.2025.10928782,Research on Tax Data Sharing and Privacy Protection Mechanism Based on Blockchain Technology,https://www.scopus.com/pages/publications/105002567419?origin=resultslist,2025,Wang Z.,"2025 IEEE 5th International Conference on Power, Electronics and Computer Applications, ICPECA 2025",Conference paper,"[""S02""]","[""privacy""]","[{""database"": ""Scopus"", ""query_id"": ""S02"", ""raw_source"": ""search-expansion-S02-20261001.csv"", ""raw_row"": 109, ""native_id"": ""2-s2.0-105002567419"", ""observed_rank"": """"}]",awaiting_title_abstract_screening,,,2026-10-01,2026-09-30,,,
R9e9a7fde003201ef,10.1016/j.procs.2025.05.186,Cloud Storage Privacy Data Protection Technology Based on Blockchain,https://www.scopus.com/pages/publications/105008869606?origin=resultslist,2025,Li R.; Liang W.; Bo S.; Ran X.; Kong X.; Wang C.,Procedia Computer Science,Conference paper,"[""S02""]","[""privacy""]","[{""database"": ""Scopus"", ""query_id"": ""S02"", ""raw_source"": ""search-expansion-S02-20261001.csv"", ""raw_row"": 110, ""native_id"": ""2-s2.0-105008869606"", ""observed_rank"": """"}]",awaiting_title_abstract_screening,,,2026-10-01,2026-09-30,,,
R9c0c12a4e2f248fc,10.1109/iccubea65967.2025.11283674,Medsecurechain: A Blockchain-Based Framework for Privacy-Preserving Medical Data Sharing and Decentralized Personal Health Records,https://www.scopus.com/pages/publications/105031903036?origin=resultslist,2025,Patil S.; Katti J.; Pise R.; Shinde S.; Gavkare S.; Pathan A.,"2025 9th International Conference on Computing, Communication, Control and Automation, ICCCBEA 2025",Conference paper,"[""S02""]","[""privacy""]","[{""database"": ""Scopus"", ""query_id"": ""S02"", ""raw_source"": ""search-expansion-S02-20261001.csv"", ""raw_row"": 111, ""native_id"": ""2-s2.0-105031903036"", ""observed_rank"": """"}]",awaiting_title_abstract_screening,,,2026-10-01,2026-09-30,,,
R01b4a9e8490dfd3a,10.1109/icpads67057.2025.11322965,Privacy-Preserving and Efficient Multi-Keyword Search for Blockchain-Enabled Medical Data,https://www.scopus.com/pages/publications/105032424952?origin=resultslist,2025,Wang T.; Zhang G.; Ye T.; Chen F.,Proceedings of the International Conference on Parallel and Distributed Systems - ICPADS,Conference paper,"[""S02""]","[""privacy""]","[{""database"": ""Scopus"", ""query_id"": ""S02"", ""raw_source"": ""search-expansion-S02-20261001.csv"", ""raw_row"": 112, ""native_id"": ""2-s2.0-105032424952"", ""observed_rank"": """"}]",awaiting_title_abstract_screening,,,2026-10-01,2026-09-30,,,
Rd2f62578514b9ea1,10.1049/blc2.12058,Blockchain privacy: Fundamental aspects and challenges for the future Internet data sharing,https://www.scopus.com/pages/publications/85190396065?origin=resultslist,2024,Kapsoulis N.; Psychas A.; Litke A.; Varvarigou T.,IET Blockchain,Article,"[""S02""]","[""privacy""]","[{""database"": ""Scopus"", ""query_id"": ""S02"", ""raw_source"": ""search-expansion-S02-20261001.csv"", ""raw_row"": 113, ""native_id"": ""2-s2.0-85190396065"", ""observed_rank"": """"}]",awaiting_title_abstract_screening,,,2026-10-01,2026-09-30,,,
Rc13098311fb1bfa1,10.1145/3672570,Cumulus: Blockchain-Enabled Privacy-Preserving Data Audit in Cloud,https://www.scopus.com/pages/publications/105016259204?origin=resultslist,2025,Banerjee P.; Nikam N.; Mazumdar S.; Ruj S.,Distributed Ledger Technologies,Article,"[""S02"", ""S03""]","[""privacy""]","[{""database"": ""Scopus"", ""query_id"": ""S02"", ""raw_source"": ""search-expansion-S02-20261001.csv"", ""raw_row"": 114, ""native_id"": ""2-s2.0-105016259204"", ""observed_rank"": """"}, {""database"": ""ACM Full-Text Collection"", ""query_id"": ""S03"", ""raw_source"": ""search-expansion-ACM-20261001.csv"", ""raw_row"": 6, ""native_id"": """", ""observed_rank"": ""6""}]",awaiting_title_abstract_screening,,,2026-10-01,2026-09-30,,,
Rab2eef182c74d54f,10.28991/esj-2024-08-06-011,BSHPC: Improve Big Data Privacy Based on Blockchain and High-Performance Computing (HPC),https://www.scopus.com/pages/publications/85212263435?origin=resultslist,2024,Alsumayt A.,Emerging Science Journal,Article,"[""S02""]","[""privacy""]","[{""database"": ""Scopus"", ""query_id"": ""S02"", ""raw_source"": ""search-expansion-S02-20261001.csv"", ""raw_row"": 115, ""native_id"": ""2-s2.0-85212263435"", ""observed_rank"": """"}]",awaiting_title_abstract_screening,,,2026-10-01,2026-09-30,,,
Rb86cb85ce911816c,10.1038/s41598-025-04083-4,An explainable federated blockchain framework with privacy-preserving AI optimization for securing healthcare data,https://www.scopus.com/pages/publications/105009551237?origin=resultslist,2025,Bhardwaj T.; Sumangali K.,Scientific Reports,Article,"[""S02""]","[""privacy""]","[{""database"": ""Scopus"", ""query_id"": ""S02"", ""raw_source"": ""search-expansion-S02-20261001.csv"", ""raw_row"": 116, ""native_id"": ""2-s2.0-105009551237"", ""observed_rank"": """"}]",awaiting_title_abstract_screening,,,2026-10-01,2026-09-30,,,
Re8d7109e185daedb,10.1109/ginotech63460.2025.11076879,Secure Data Transmission in Decentralized and Distributed Systems using Federated Learning and Blockchain for the Preservation of Individual Privacy,https://www.scopus.com/pages/publications/105013615959?origin=resultslist,2025,Kasu V.R.; Deepalakshmi P.,"2025 Global Conference in Emerging Technology, GINOTECH 2025",Conference paper,"[""S02""]","[""privacy""]","[{""database"": ""Scopus"", ""query_id"": ""S02"", ""raw_source"": ""search-expansion-S02-20261001.csv"", ""raw_row"": 117, ""native_id"": ""2-s2.0-105013615959"", ""observed_rank"": """"}]",awaiting_title_abstract_screening,,,2026-10-01,2026-09-30,,,
R700b178f6f6e1d63,10.1049/icp.2024.4249,Application of Blockchain Technology in Student Learning Data Security and Privacy Protection,https://www.scopus.com/pages/publications/85216753850?origin=resultslist,2024,Liu Y.,IET Conference Proceedings,Conference paper,"[""S02""]","[""privacy""]","[{""database"": ""Scopus"", ""query_id"": ""S02"", ""raw_source"": ""search-expansion-S02-20261001.csv"", ""raw_row"": 118, ""native_id"": ""2-s2.0-85216753850"", ""observed_rank"": """"}]",awaiting_title_abstract_screening,,,2026-10-01,2026-09-30,,,
R92c1c1596e1f299c,10.1038/s41598-025-21852-3,A federated incremental blockchain framework with privacy preserving XAI optimization for securing healthcare data,https://www.scopus.com/pages/publications/105020422380?origin=resultslist,2025,Bhardwaj T.; Sumangali K.,Scientific Reports,Article,"[""S02""]","[""privacy""]","[{""database"": ""Scopus"", ""query_id"": ""S02"", ""raw_source"": ""search-expansion-S02-20261001.csv"", ""raw_row"": 119, ""native_id"": ""2-s2.0-105020422380"", ""observed_rank"": """"}]",awaiting_title_abstract_screening,,,2026-10-01,2026-09-30,,,
R0c50d4307717c9cd,10.1002/9781394417131.ch3,Privacy-Preserving Data Management at the Edge of IoT: Leveraging IPFS and Blockchain for Decentralized Security,https://www.scopus.com/pages/publications/105042829606?origin=resultslist,2026,Agrawal K.; Reddy P.V.G.D.P.; Chittineni S.,Blockchain Solutions for Securing Internet of Things Networks,Book chapter,"[""S02""]","[""privacy""]","[{""database"": ""Scopus"", ""query_id"": ""S02"", ""raw_source"": ""search-expansion-S02-20261001.csv"", ""raw_row"": 120, ""native_id"": ""2-s2.0-105042829606"", ""observed_rank"": """"}]",awaiting_title_abstract_screening,,,2026-10-01,2026-09-30,,,
Rf58e60e5dd941b8d,10.1109/gbc60041.2025.11134476,Verifiable Privacy-Preserving Multidimensional Data Aggregation in Smart Healthcare via Blockchain,https://www.scopus.com/pages/publications/105016411931?origin=resultslist,2025,Zhou H.; Zhang L.; Ma Y.,"2025 IEEE Global Blockchain Conference, GBC 2025",Conference paper,"[""S02""]","[""privacy""]","[{""database"": ""Scopus"", ""query_id"": ""S02"", ""raw_source"": ""search-expansion-S02-20261001.csv"", ""raw_row"": 121, ""native_id"": ""2-s2.0-105016411931"", ""observed_rank"": """"}]",awaiting_title_abstract_screening,,,2026-10-01,2026-09-30,,,
R52b482f074953048,10.1109/icicacs68679.2026.11578733,Blockchain-Enabled Explainable Privacy-Preserving AI Framework for Secure Data Sharing in Healthcare Systems,https://www.scopus.com/pages/publications/105044489708?origin=resultslist,2026,Bhatia V.S.; Pooja Nayak S.; Siresha P.; Rufina A.; Kumararaja K.,"4th International Conference on Integrated Circuits and Communication Systems, ICICACS 2026",Conference paper,"[""S02""]","[""privacy""]","[{""database"": ""Scopus"", ""query_id"": ""S02"", ""raw_source"": ""search-expansion-S02-20261001.csv"", ""raw_row"": 122, ""native_id"": ""2-s2.0-105044489708"", ""observed_rank"": """"}]",awaiting_title_abstract_screening,,,2026-10-01,2026-09-30,,,
Rd752cdb0928a69c0,10.1016/j.eswa.2023.121572,A secure and privacy blockchain-based data sharing scheme in mobile edge caching system,https://www.scopus.com/pages/publications/85172289993?origin=resultslist,2024,Alamer A.M.A.,Expert Systems with Applications,Article,"[""S02""]","[""privacy""]","[{""database"": ""Scopus"", ""query_id"": ""S02"", ""raw_source"": ""search-expansion-S02-20261001.csv"", ""raw_row"": 123, ""native_id"": ""2-s2.0-85172289993"", ""observed_rank"": """"}]",awaiting_title_abstract_screening,,,2026-10-01,2026-09-30,,,
R7cbe395ef0747367,10.1007/978-981-96-8350-5_16,A Hybrid Blockchain Framework for Securing Healthcare Data: Balancing Privacy and Scalability,https://www.scopus.com/pages/publications/105028360362?origin=resultslist,2026,Banerjee D.; Sharma J.; Chilluri V.S.B.; Yang T.; Wang L.; Rathore R.S.,Lecture Notes in Networks and Systems,Conference paper,"[""S02""]","[""privacy""]","[{""database"": ""Scopus"", ""query_id"": ""S02"", ""raw_source"": ""search-expansion-S02-20261001.csv"", ""raw_row"": 124, ""native_id"": ""2-s2.0-105028360362"", ""observed_rank"": """"}]",awaiting_title_abstract_screening,,,2026-10-01,2026-09-30,,,
Rc649e9481dada6d9,10.1109/iscon65210.2025.11341557,A Unified Approach of Blockchain Distributed Systems for Protecting Health Data Privacy and Security from Cyber Attacks,https://www.scopus.com/pages/publications/105033347830?origin=resultslist,2025,Kumari M.; Kumar A.,"2025 7th International Conference on Information Systems and Computer Networks, ISCON 2025",Conference paper,"[""S02""]","[""privacy""]","[{""database"": ""Scopus"", ""query_id"": ""S02"", ""raw_source"": ""search-expansion-S02-20261001.csv"", ""raw_row"": 125, ""native_id"": ""2-s2.0-105033347830"", ""observed_rank"": """"}]",awaiting_title_abstract_screening,,,2026-10-01,2026-09-30,,,
R1c867a779c7c45d4,10.17559/tv-20250107002242,Secure Cloud Data Distribution using Blockchain and Explainable Deep Learning for Enhanced Privacy,https://www.scopus.com/pages/publications/105021973833?origin=resultslist,2025,Jayanthi S.; Valarmathi A.,Tehnicki Vjesnik,Article,"[""S02""]","[""privacy""]","[{""database"": ""Scopus"", ""query_id"": ""S02"", ""raw_source"": ""search-expansion-S02-20261001.csv"", ""raw_row"": 126, ""native_id"": ""2-s2.0-105021973833"", ""observed_rank"": """"}]",awaiting_title_abstract_screening,,,2026-10-01,2026-09-30,,,
R4fed5882aa3fb004,,Exploring the Role of Blockchain Technology in Enhancing Data Security and Privacy in ECommerce Platforms,https://www.scopus.com/pages/publications/105046135139?origin=resultslist,2026,Kandasamy R.; Chavadi C.; Chittoo H.; Shukla N.,E-commerce Data Security and Privacy: Innovative AI and ML Strategies,Book chapter,"[""S02""]","[""privacy""]","[{""database"": ""Scopus"", ""query_id"": ""S02"", ""raw_source"": ""search-expansion-S02-20261001.csv"", ""raw_row"": 127, ""native_id"": ""2-s2.0-105046135139"", ""observed_rank"": """"}]",awaiting_title_abstract_screening,,,2026-10-01,2026-09-30,,,
Re5f162cdb2e68851,10.1109/iscait64916.2025.11010789,Research on Data Privacy Protection Scheme Based on Blockchain,https://www.scopus.com/pages/publications/105010182187?origin=resultslist,2025,Sen Y.,"2025 4th International Symposium on Computer Applications and Information Technology, ISCAIT 2025",Conference paper,"[""S02""]","[""privacy""]","[{""database"": ""Scopus"", ""query_id"": ""S02"", ""raw_source"": ""search-expansion-S02-20261001.csv"", ""raw_row"": 128, ""native_id"": ""2-s2.0-105010182187"", ""observed_rank"": """"}]",awaiting_title_abstract_screening,,,2026-10-01,2026-09-30,,,
Rfc2fa3c6bbc03f10,10.1201/9781003483113-9,ENSURING DATA PRIVACY AND SECURITY WITH BLOCKCHAIN IN HEALTH CARE,https://www.scopus.com/pages/publications/105001275314?origin=resultslist,2025,Mohanty M.; Mohapatra A.G.; Rath P.S.; Mohanty A.,Using Blockchain Technology in Healthcare Settings: Empowering Patients with Trustworthy Data,Book chapter,"[""S02""]","[""privacy""]","[{""database"": ""Scopus"", ""query_id"": ""S02"", ""raw_source"": ""search-expansion-S02-20261001.csv"", ""raw_row"": 129, ""native_id"": ""2-s2.0-105001275314"", ""observed_rank"": """"}]",awaiting_title_abstract_screening,,,2026-10-01,2026-09-30,,,
R45219fa22b62a6d3,10.1142/s1469026824500202,A Novel Blockchain-Based Privacy-Preserved Data Sharing Using Deep Maxout Network in Federated Learning,https://www.scopus.com/pages/publications/85202208578?origin=resultslist,2024,Suganthi S.; Kala T.S.,International Journal of Computational Intelligence and Applications,Article,"[""S02""]","[""privacy""]","[{""database"": ""Scopus"", ""query_id"": ""S02"", ""raw_source"": ""search-expansion-S02-20261001.csv"", ""raw_row"": 130, ""native_id"": ""2-s2.0-85202208578"", ""observed_rank"": """"}]",awaiting_title_abstract_screening,,,2026-10-01,2026-09-30,,,
R9e385ae93140413b,10.1109/i2ct61223.2024.10544066,"Revolutionizing Healthcare: Blockchain's Transformative Applications for Data Security, Privacy, and Interoperability",https://www.scopus.com/pages/publications/85196818805?origin=resultslist,2024,Raj R.; Raja S.P.,"2024 IEEE 9th International Conference for Convergence in Technology, I2CT 2024",Conference paper,"[""S02""]","[""privacy""]","[{""database"": ""Scopus"", ""query_id"": ""S02"", ""raw_source"": ""search-expansion-S02-20261001.csv"", ""raw_row"": 131, ""native_id"": ""2-s2.0-85196818805"", ""observed_rank"": """"}]",awaiting_title_abstract_screening,,,2026-10-01,2026-09-30,,,
R896ff122b129b948,10.1201/9781003606659-161,Enhanced data security and privacy in healthcare using a new secentralized blockchain architecture,https://www.scopus.com/pages/publications/85218476658?origin=resultslist,2025,Kumar Y.,Applications of Mathematics in Science and Technology: International Conference on Mathematical Applications in Science and Technology,Book chapter,"[""S02""]","[""privacy""]","[{""database"": ""Scopus"", ""query_id"": ""S02"", ""raw_source"": ""search-expansion-S02-20261001.csv"", ""raw_row"": 132, ""native_id"": ""2-s2.0-85218476658"", ""observed_rank"": """"}]",awaiting_title_abstract_screening,,,2026-10-01,2026-09-30,,,
R08bd08ba9d22f043,10.13052/jcsm2245-1439.1457,Application Mode of Blockchain Technology in User Data Sovereignty and Privacy Protection,https://www.scopus.com/pages/publications/105024936762?origin=resultslist,2025,Li Y.,Journal of Cyber Security and Mobility,Article,"[""S02""]","[""privacy""]","[{""database"": ""Scopus"", ""query_id"": ""S02"", ""raw_source"": ""search-expansion-S02-20261001.csv"", ""raw_row"": 133, ""native_id"": ""2-s2.0-105024936762"", ""observed_rank"": """"}]",awaiting_title_abstract_screening,,,2026-10-01,2026-09-30,,,
R7f249f95c6be7329,,BLOCKCHAIN FOR SECURE AND DECENTRALIZED CLOUD COMPUTING ENHANCING DATA PRIVACY AND INTEGRITY,https://www.scopus.com/pages/publications/105028476908?origin=resultslist,2025,Nelluru A.; Prabhavathi V.; Pravallika A.N.; Raghavender K.V.; Sowjanya B.; Supriya B.Y.; Shanmugam S.K.,Journal of Theoretical and Applied Information Technology,Article,"[""S02""]","[""privacy""]","[{""database"": ""Scopus"", ""query_id"": ""S02"", ""raw_source"": ""search-expansion-S02-20261001.csv"", ""raw_row"": 134, ""native_id"": ""2-s2.0-105028476908"", ""observed_rank"": """"}]",awaiting_title_abstract_screening,,,2026-10-01,2026-09-30,,,
R422f81361c436c8d,10.1109/icsss66939.2025.11346151,Employing Li-Fi and Blockchain Technology to Improve Data Privacy and Reduce Interference in Wireless Networks for Secure Communication,https://www.scopus.com/pages/publications/105033153405?origin=resultslist,2025,Arokiaraj K.A.; Aiswarya S.; Parthiban S.; Khrais I.M.; Singh N.; Manjunath T.C.,"Proceedings - IEEE 10th International Conference on Smart Structures and Systems, ICSSS 2025",Conference paper,"[""S02""]","[""privacy""]","[{""database"": ""Scopus"", ""query_id"": ""S02"", ""raw_source"": ""search-expansion-S02-20261001.csv"", ""raw_row"": 135, ""native_id"": ""2-s2.0-105033153405"", ""observed_rank"": """"}]",awaiting_title_abstract_screening,,,2026-10-01,2026-09-30,,,
R5a5087dfe64c9307,10.3390/electronics13245050,"Unleashing the Potential of Permissioned Blockchain: Addressing Privacy, Security, and Interoperability Concerns in Healthcare Data Management",https://www.scopus.com/pages/publications/85213283930?origin=resultslist,2024,Hossain D.; Mamun Q.; Islam R.,Electronics (Switzerland),Article,"[""S02""]","[""privacy""]","[{""database"": ""Scopus"", ""query_id"": ""S02"", ""raw_source"": ""search-expansion-S02-20261001.csv"", ""raw_row"": 136, ""native_id"": ""2-s2.0-85213283930"", ""observed_rank"": """"}]",awaiting_title_abstract_screening,,,2026-10-01,2026-09-30,,,
R5bb0ab12c6bbbd6d,10.1109/srds69199.2025.00019,Privacy-Preserving Blockchain-enabled Vertical Federated Learning with Data Auditing,https://www.scopus.com/pages/publications/105033356423?origin=resultslist,2025,Li B.; Xu Z.; Zhang Y.; Wang H.,Proceedings of the IEEE Symposium on Reliable Distributed Systems,Conference paper,"[""S02""]","[""privacy""]","[{""database"": ""Scopus"", ""query_id"": ""S02"", ""raw_source"": ""search-expansion-S02-20261001.csv"", ""raw_row"": 137, ""native_id"": ""2-s2.0-105033356423"", ""observed_rank"": """"}]",awaiting_title_abstract_screening,,,2026-10-01,2026-09-30,,,
R3f15d990827dac57,10.1109/pais62114.2024.10541260,Blockchain-Enabled Authentication and Key Exchange for Enhancing User Privacy and Data Confidentiality in Smart Homes,https://www.scopus.com/pages/publications/85195968467?origin=resultslist,2024,Cherbal S.,PAIS 2024 - Proceedings: 6th International Conference on Pattern Analysis and Intelligent Systems,Conference paper,"[""S02""]","[""privacy""]","[{""database"": ""Scopus"", ""query_id"": ""S02"", ""raw_source"": ""search-expansion-S02-20261001.csv"", ""raw_row"": 138, ""native_id"": ""2-s2.0-85195968467"", ""observed_rank"": """"}]",awaiting_title_abstract_screening,,,2026-10-01,2026-09-30,,,
Rff5a16be7d617ec2,10.1109/icici62254.2024.00116,Application of Multi-Party Computation in Data Security and Privacy Protection under the Context of Blockchain,https://www.scopus.com/pages/publications/85205955963?origin=resultslist,2024,Jiang R.; Long C.; Yang M.; Liang Z.,"Proceedings - 2024 2nd International Conference on Inventive Computing and Informatics, ICICI 2024",Conference paper,"[""S02""]","[""privacy""]","[{""database"": ""Scopus"", ""query_id"": ""S02"", ""raw_source"": ""search-expansion-S02-20261001.csv"", ""raw_row"": 139, ""native_id"": ""2-s2.0-85205955963"", ""observed_rank"": """"}]",awaiting_title_abstract_screening,,,2026-10-01,2026-09-30,,,
Rea9eeb86bb9ac40c,,Enhancing Data Security and Privacy in 5G-IoT using Blockchain Technology,https://www.scopus.com/pages/publications/105043993765?origin=resultslist,2026,Malik R.; Dua S.; Shoran P.; Gupta P.,Blockchain and AI Amalgamation for IoT Applications Beyond 5G,Book chapter,"[""S02""]","[""privacy""]","[{""database"": ""Scopus"", ""query_id"": ""S02"", ""raw_source"": ""search-expansion-S02-20261001.csv"", ""raw_row"": 140, ""native_id"": ""2-s2.0-105043993765"", ""observed_rank"": """"}]",awaiting_title_abstract_screening,,,2026-10-01,2026-09-30,,,
R6cb95eb2594838c7,10.1007/s11227-025-06980-x,Privacy-preserving healthcare data in IoT: a synergistic approach with deep learning and blockchain,https://www.scopus.com/pages/publications/85218471694?origin=resultslist,2025,Bezanjani B.R.; Ghafouri S.H.; Gholamrezaei R.,Journal of Supercomputing,Article,"[""S02""]","[""privacy""]","[{""database"": ""Scopus"", ""query_id"": ""S02"", ""raw_source"": ""search-expansion-S02-20261001.csv"", ""raw_row"": 141, ""native_id"": ""2-s2.0-85218471694"", ""observed_rank"": """"}]",awaiting_title_abstract_screening,,,2026-10-01,2026-09-30,,,
R69196f7c72634492,10.1109/citce67565.2025.11360037,Privacy protection mechanism for multi-source heterogeneous distributed data representation and blockchain smart contract annotation,https://www.scopus.com/pages/publications/105033521609?origin=resultslist,2025,Li T.; He Z.; Pan D.; Cai Y.; Fu T.; Lei M.,"2025 5th International Conference on Computer, Internet of Things and Control Engineering, CITCE 2025",Conference paper,"[""S02""]","[""privacy""]","[{""database"": ""Scopus"", ""query_id"": ""S02"", ""raw_source"": ""search-expansion-S02-20261001.csv"", ""raw_row"": 142, ""native_id"": ""2-s2.0-105033521609"", ""observed_rank"": """"}]",awaiting_title_abstract_screening,,,2026-10-01,2026-09-30,,,
R8a24928c27ef2d34,10.1109/scecs65243.2025.11065902,Data Privacy Sharing Scheme Based on Proxy Re-encryption and Blockchain,https://www.scopus.com/pages/publications/105012249229?origin=resultslist,2025,Ai X.; Huang Y.; Dong Y.; Yin Y.; Chen Z.; Zhang L.,"2025 International Conference on Sensor-Cloud and Edge Computing System, SCECS 2025",Conference paper,"[""S02""]","[""privacy""]","[{""database"": ""Scopus"", ""query_id"": ""S02"", ""raw_source"": ""search-expansion-S02-20261001.csv"", ""raw_row"": 143, ""native_id"": ""2-s2.0-105012249229"", ""observed_rank"": """"}]",awaiting_title_abstract_screening,,,2026-10-01,2026-09-30,,,
Rbe48b7d21d1351f4,10.1007/978-3-032-10489-2_34,A Self-sovereign Identity Framework Using Blockchain for Privacy-Preserving Data Management,https://www.scopus.com/pages/publications/105022131131?origin=resultslist,2026,Garrido-Fúnez M.; Ramos-Cruz B.; Zaqueros-Martinez J.; Barranco M.J.; Sánchez P.J.,Lecture Notes in Computer Science,Conference paper,"[""S02"", ""S08""]","[""privacy"", ""identity""]","[{""database"": ""Scopus"", ""query_id"": ""S02"", ""raw_source"": ""search-expansion-S02-20261001.csv"", ""raw_row"": 144, ""native_id"": ""2-s2.0-105022131131"", ""observed_rank"": """"}, {""database"": ""Scopus"", ""query_id"": ""S08"", ""raw_source"": ""search-expansion-S08-20261001.csv"", ""raw_row"": 7, ""native_id"": ""2-s2.0-105022131131"", ""observed_rank"": """"}]",awaiting_title_abstract_screening,,,2026-10-01,2026-09-30,,,
R34d5e07ea7220079,10.1201/9781032694375-11,"Tagging Blockchain Technology Fostering Panacea for Data Privacy, Cloud Computing, and Integrity: Legal Framework in India and at a Globe",https://www.scopus.com/pages/publications/85217429823?origin=resultslist,2024,Singh B.; Kaunert C.,Artificial Intelligence Solutions for Cyber-Physical Systems,Book chapter,"[""S02""]","[""privacy""]","[{""database"": ""Scopus"", ""query_id"": ""S02"", ""raw_source"": ""search-expansion-S02-20261001.csv"", ""raw_row"": 145, ""native_id"": ""2-s2.0-85217429823"", ""observed_rank"": """"}]",awaiting_title_abstract_screening,,,2026-10-01,2026-09-30,,,
R2207b74587fbcf2a,10.1109/icoiics67115.2025.11390314,Blockchain in Healthcare: Privacy-Preserving Applications and Security Protocols for Patient Data Management,https://www.scopus.com/pages/publications/105036678983?origin=resultslist,2025,Harini S.; Gs G.; Maqbool A.; Al Said N.,"Proceedings of the 4th International Conference on Intelligent Computing, Information and Control Systems, ICOIICS 2025",Conference paper,"[""S02""]","[""privacy""]","[{""database"": ""Scopus"", ""query_id"": ""S02"", ""raw_source"": ""search-expansion-S02-20261001.csv"", ""raw_row"": 146, ""native_id"": ""2-s2.0-105036678983"", ""observed_rank"": """"}]",awaiting_title_abstract_screening,,,2026-10-01,2026-09-30,,,
Re04e472a6c445ee7,10.4324/9781003529910,Blockchain for Healthcare Data Management: A New Approach to Security and Privacy,https://www.scopus.com/pages/publications/105015765615?origin=resultslist,2025,Sharma S.; Sharma A.; Fuloria N.K.; Fuloria S.,Blockchain for Healthcare Data Management: A New Approach to Security and Privacy,Book,"[""S02""]","[""privacy""]","[{""database"": ""Scopus"", ""query_id"": ""S02"", ""raw_source"": ""search-expansion-S02-20261001.csv"", ""raw_row"": 147, ""native_id"": ""2-s2.0-105015765615"", ""observed_rank"": """"}]",awaiting_title_abstract_screening,,,2026-10-01,2026-09-30,,,
R3902baa5950a4445,10.1145/3800227.3800382,Data Security and Privacy Protection of Higher Education Institution Data Platform Based on Blockchain,https://www.scopus.com/pages/publications/105038740717?origin=resultslist,2026,Qu J.; Song Y.; Zhang J.,"Proceedings of 2025 5th International Conference on Big Data, Artificial Intelligence and Risk Management, ICBAR 2025",Conference paper,"[""S02"", ""S03""]","[""privacy""]","[{""database"": ""Scopus"", ""query_id"": ""S02"", ""raw_source"": ""search-expansion-S02-20261001.csv"", ""raw_row"": 148, ""native_id"": ""2-s2.0-105038740717"", ""observed_rank"": """"}, {""database"": ""ACM Full-Text Collection"", ""query_id"": ""S03"", ""raw_source"": ""search-expansion-ACM-20261001.csv"", ""raw_row"": 4, ""native_id"": """", ""observed_rank"": ""4""}]",awaiting_title_abstract_screening,,,2026-10-01,2026-09-30,,,
Rb9e14b89ea2a23df,10.1016/j.csi.2024.103932,A novel secure privacy-preserving data sharing model with deep-based key generation on the blockchain network in the cloud,https://www.scopus.com/pages/publications/85205963583?origin=resultslist,2025,B S.; K K.,Computer Standards and Interfaces,Article,"[""S02""]","[""privacy""]","[{""database"": ""Scopus"", ""query_id"": ""S02"", ""raw_source"": ""search-expansion-S02-20261001.csv"", ""raw_row"": 149, ""native_id"": ""2-s2.0-85205963583"", ""observed_rank"": """"}]",awaiting_title_abstract_screening,,,2026-10-01,2026-09-30,,,
Rcfc893efe27b7ed5,10.4018/979-8-3693-1906-2.ch017,Unveiling the future: Blockchain-powered digital twins for personalized privacy preservation in metaverse healthcare data,https://www.scopus.com/pages/publications/85189214836?origin=resultslist,2024,Komalasari R.,"Innovations, Securities, and Case Studies Across Healthcare, Business, and Technology",Book chapter,"[""S02""]","[""privacy""]","[{""database"": ""Scopus"", ""query_id"": ""S02"", ""raw_source"": ""search-expansion-S02-20261001.csv"", ""raw_row"": 150, ""native_id"": ""2-s2.0-85189214836"", ""observed_rank"": """"}]",awaiting_title_abstract_screening,,,2026-10-01,2026-09-30,,,
R7a9817b4bd5d1ca0,10.1109/access.2024.3415590,Research on the Privacy Protection Technology of Blockchain Spatiotemporal Big Data,https://www.scopus.com/pages/publications/85196488763?origin=resultslist,2024,Zhou B.; Zhao J.; Yin Y.; Chen G.,IEEE Access,Article,"[""S02""]","[""privacy""]","[{""database"": ""Scopus"", ""query_id"": ""S02"", ""raw_source"": ""search-expansion-S02-20261001.csv"", ""raw_row"": 151, ""native_id"": ""2-s2.0-85196488763"", ""observed_rank"": """"}]",awaiting_title_abstract_screening,,,2026-10-01,2026-09-30,,,
Rbc18b5016cfba7a0,10.1007/978-981-96-0808-9_24,A Blockchain-Enhanced Framework for Privacy and Data Integrity in Crowdsourced Drone Services,https://www.scopus.com/pages/publications/85213021145?origin=resultslist,2025,Akram J.; Anaissi A.,Lecture Notes in Computer Science (including subseries Lecture Notes in Artificial Intelligence and Lecture Notes in Bioinformatics) ,Conference paper,"[""S02""]","[""privacy""]","[{""database"": ""Scopus"", ""query_id"": ""S02"", ""raw_source"": ""search-expansion-S02-20261001.csv"", ""raw_row"": 152, ""native_id"": ""2-s2.0-85213021145"", ""observed_rank"": """"}]",awaiting_title_abstract_screening,,,2026-10-01,2026-09-30,,,
Rc6c40a3486244c54,10.3390/computers13040104,Using Privacy-Preserving Algorithms and Blockchain Tokens to Monetize Industrial Data in Digital Marketplaces †,https://www.scopus.com/pages/publications/85191311714?origin=resultslist,2024,Bordel Sánchez B.; Alcarria R.; Ladid L.; Machalek A.,Computers,Article,"[""S02""]","[""privacy""]","[{""database"": ""Scopus"", ""query_id"": ""S02"", ""raw_source"": ""search-expansion-S02-20261001.csv"", ""raw_row"": 153, ""native_id"": ""2-s2.0-85191311714"", ""observed_rank"": """"}]",awaiting_title_abstract_screening,,,2026-10-01,2026-09-30,,,
Rc242575e81a8f231,,Low-Cost Tamper-Proof IoT Devices to Improve Data Origin Verification and Privacy in Blockchain-Based Energy Consumption Records,https://www.scopus.com/pages/publications/85207824439?origin=resultslist,2024,Orrù D.; Pinna A.; Tonelli R.,CEUR Workshop Proceedings,Conference paper,"[""S02""]","[""privacy""]","[{""database"": ""Scopus"", ""query_id"": ""S02"", ""raw_source"": ""search-expansion-S02-20261001.csv"", ""raw_row"": 154, ""native_id"": ""2-s2.0-85207824439"", ""observed_rank"": """"}]",awaiting_title_abstract_screening,,,2026-10-01,2026-09-30,,,
R1118bd1d3ad5af83,10.32604/cmc.2024.052775,Blockchain-Enabled Federated Learning for Privacy-Preserving Non-IID Data Sharing in Industrial Internet,https://www.scopus.com/pages/publications/85201515560?origin=resultslist,2024,Wang Q.; Dong H.; Huang Y.; Liu Z.; Gou Y.,"Computers, Materials and Continua",Article,"[""S02""]","[""privacy""]","[{""database"": ""Scopus"", ""query_id"": ""S02"", ""raw_source"": ""search-expansion-S02-20261001.csv"", ""raw_row"": 155, ""native_id"": ""2-s2.0-85201515560"", ""observed_rank"": """"}]",awaiting_title_abstract_screening,,,2026-10-01,2026-09-30,,,
Re80c78b07fa7047f,10.51483/ijaiml.6.1s.2026.704-713,Design and Development of Efficient Electronic Medical Data Search Engine with Data Privacy Using Blockchain Technology,https://www.scopus.com/pages/publications/105042687126?origin=resultslist,2026,Devi M.K.; Thangaraj M.,International Journal of Artificial Intelligence and Machine Learning,Article,"[""S02""]","[""privacy""]","[{""database"": ""Scopus"", ""query_id"": ""S02"", ""raw_source"": ""search-expansion-S02-20261001.csv"", ""raw_row"": 156, ""native_id"": ""2-s2.0-105042687126"", ""observed_rank"": """"}]",awaiting_title_abstract_screening,,,2026-10-01,2026-09-30,,,
Rd85659657c8af931,10.1109/iciibms66230.2025.11316776,Blockchain-Powered Framework for Trustworthy AI: Ensuring End-to-End Data and Model Integrity with Privacy Preservation,https://www.scopus.com/pages/publications/105031898578?origin=resultslist,2025,Amirmozafarisabet K.; Namazi M.; Naserameri M.,"International Conference on Intelligent Informatics and BioMedical Sciences, ICIIBMS",Conference paper,"[""S02""]","[""privacy""]","[{""database"": ""Scopus"", ""query_id"": ""S02"", ""raw_source"": ""search-expansion-S02-20261001.csv"", ""raw_row"": 157, ""native_id"": ""2-s2.0-105031898578"", ""observed_rank"": """"}]",awaiting_title_abstract_screening,,,2026-10-01,2026-09-30,,,
Raef1edc645771117,10.1109/jiot.2023.3321308,PACTA: An IoT Data Privacy Regulation Compliance Scheme Using TEE and Blockchain,https://www.scopus.com/pages/publications/85174844685?origin=resultslist,2024,Zhang Y.; Yang J.; Lei H.; Bao Z.; Lu N.; Shi W.; Chen B.,IEEE Internet of Things Journal,Article,"[""S02""]","[""privacy""]","[{""database"": ""Scopus"", ""query_id"": ""S02"", ""raw_source"": ""search-expansion-S02-20261001.csv"", ""raw_row"": 158, ""native_id"": ""2-s2.0-85174844685"", ""observed_rank"": """"}]",awaiting_title_abstract_screening,,,2026-10-01,2026-09-30,,,
R5ffe9034ab091ae1,10.1117/12.3038136,Blockchain transaction data privacy protection scheme,https://www.scopus.com/pages/publications/85203046036?origin=resultslist,2024,Li Y.,Proceedings of SPIE - The International Society for Optical Engineering,Conference paper,"[""S02""]","[""privacy""]","[{""database"": ""Scopus"", ""query_id"": ""S02"", ""raw_source"": ""search-expansion-S02-20261001.csv"", ""raw_row"": 159, ""native_id"": ""2-s2.0-85203046036"", ""observed_rank"": """"}]",awaiting_title_abstract_screening,,,2026-10-01,2026-09-30,,,
Rf045c658ef997c14,10.1109/ccsb63463.2024.10735482,A Scheme for Privacy Protection of Medical Data Based on Blockchain,https://www.scopus.com/pages/publications/85210809807?origin=resultslist,2024,Gao J.; Guan J.; Xu J.,"2024 4th International Conference on Computer Science and Blockchain, CCSB 2024",Conference paper,"[""S02""]","[""privacy""]","[{""database"": ""Scopus"", ""query_id"": ""S02"", ""raw_source"": ""search-expansion-S02-20261001.csv"", ""raw_row"": 160, ""native_id"": ""2-s2.0-85210809807"", ""observed_rank"": """"}]",awaiting_title_abstract_screening,,,2026-10-01,2026-09-30,,,
R80ef89e36b0d30b4,10.1002/9781394287970.ch1,Exploring Blockchain Solutions in Healthcare Data Management and Patient Data Privacy,https://www.scopus.com/pages/publications/85215210334?origin=resultslist,2024,Taherdoost H.,Blockchain-Enabled Solutions for the Pharmaceutical Industry,Book chapter,"[""S02""]","[""privacy""]","[{""database"": ""Scopus"", ""query_id"": ""S02"", ""raw_source"": ""search-expansion-S02-20261001.csv"", ""raw_row"": 161, ""native_id"": ""2-s2.0-85215210334"", ""observed_rank"": """"}]",awaiting_title_abstract_screening,,,2026-10-01,2026-09-30,,,
R9e1ba00777c85641,10.1007/s12083-025-02044-2,A blockchain-based data transaction method with privacy protection and fairness,https://www.scopus.com/pages/publications/105008996269?origin=resultslist,2025,Yuan Y.; Yang M.; Xiong R.; Duan J.; Liu X.; Zhang L.; Ren W.; Zhang X.,Peer-to-Peer Networking and Applications,Article,"[""S02""]","[""privacy""]","[{""database"": ""Scopus"", ""query_id"": ""S02"", ""raw_source"": ""search-expansion-S02-20261001.csv"", ""raw_row"": 162, ""native_id"": ""2-s2.0-105008996269"", ""observed_rank"": """"}]",awaiting_title_abstract_screening,,,2026-10-01,2026-09-30,,,
R400e3b5f8f99719c,10.1002/nem.2289,"Blockchain-Enabled Decentralized Healthcare Data Exchange: Leveraging Novel Encryption Scheme, Smart Contracts, and Ring Signatures for Enhanced Data Security and Patient Privacy",https://www.scopus.com/pages/publications/85200563304?origin=resultslist,2024,Vidhya S.; Siva Raja P.M.; Sumithra R.P.,International Journal of Network Management,Article,"[""S02""]","[""privacy""]","[{""database"": ""Scopus"", ""query_id"": ""S02"", ""raw_source"": ""search-expansion-S02-20261001.csv"", ""raw_row"": 163, ""native_id"": ""2-s2.0-85200563304"", ""observed_rank"": """"}]",awaiting_title_abstract_screening,,,2026-10-01,2026-09-30,,,
R23bdecf12ac1fe66,10.1109/iccrtee64519.2025.11053119,Enhanced Proxy Re-Encryption With Blockchain For Privacy-Preserving IOT Data Exchange,https://www.scopus.com/pages/publications/105012160884?origin=resultslist,2025,Kumar A.M.; Anil K.; Kumar N.P.; Prasad P.; Raju V.V.B.,"International Conference on Computational Robotics, Testing and Engineering Evaluation, ICCRTEE 2025",Conference paper,"[""S02""]","[""privacy""]","[{""database"": ""Scopus"", ""query_id"": ""S02"", ""raw_source"": ""search-expansion-S02-20261001.csv"", ""raw_row"": 164, ""native_id"": ""2-s2.0-105012160884"", ""observed_rank"": """"}]",awaiting_title_abstract_screening,,,2026-10-01,2026-09-30,,,
R0af04a30b8bb6185,10.31449/inf.v49i20.8392,A Blockchain-based Secure and Privacy-Preserving Healthcare Data Management Framework with SHA-256 and PoW Consensus,https://www.scopus.com/pages/publications/105008639601?origin=resultslist,2025,Niu G.,Informatica (Slovenia),Article,"[""S02""]","[""privacy""]","[{""database"": ""Scopus"", ""query_id"": ""S02"", ""raw_source"": ""search-expansion-S02-20261001.csv"", ""raw_row"": 165, ""native_id"": ""2-s2.0-105008639601"", ""observed_rank"": """"}]",awaiting_title_abstract_screening,,,2026-10-01,2026-09-30,,,
R491c6083190fd819,10.1371/journal.pone.0324285,"Evaluating the effectiveness of data governance frameworks in ensuring security and privacy of healthcare data: A quantitative analysis of ISO standards, GDPR, and HIPAA in blockchain technology",https://www.scopus.com/pages/publications/105006538936?origin=resultslist,2025,Ahmed A.; Shahzad A.; Naseem A.; Ali S.; Ahmad I.,PLoS ONE,Article,"[""S02""]","[""privacy""]","[{""database"": ""Scopus"", ""query_id"": ""S02"", ""raw_source"": ""search-expansion-S02-20261001.csv"", ""raw_row"": 166, ""native_id"": ""2-s2.0-105006538936"", ""observed_rank"": """"}]",awaiting_title_abstract_screening,,,2026-10-01,2026-09-30,,,
R3a7590c50fd078e9,10.3233/idt-230233,Blockchain based mobile communication data privacy protection algorithm for cellular networks,https://www.scopus.com/pages/publications/85213724644?origin=resultslist,2024,Zhang L.; Luo Y.; Zhao Y.,Intelligent Decision Technologies,Article,"[""S02""]","[""privacy""]","[{""database"": ""Scopus"", ""query_id"": ""S02"", ""raw_source"": ""search-expansion-S02-20261001.csv"", ""raw_row"": 167, ""native_id"": ""2-s2.0-85213724644"", ""observed_rank"": """"}]",awaiting_title_abstract_screening,,,2026-10-01,2026-09-30,,,
R889ef6141fbe5268,10.32604/cmes.2023.045679,A Cloud-Fog Enabled and Privacy-Preserving IoT Data Market Platform Based on Blockchain,https://www.scopus.com/pages/publications/85185293874?origin=resultslist,2024,Luo Y.; You W.; Shang C.; Ren X.; Cao J.; Li H.,CMES - Computer Modeling in Engineering and Sciences,Article,"[""S02""]","[""privacy""]","[{""database"": ""Scopus"", ""query_id"": ""S02"", ""raw_source"": ""search-expansion-S02-20261001.csv"", ""raw_row"": 168, ""native_id"": ""2-s2.0-85185293874"", ""observed_rank"": """"}]",awaiting_title_abstract_screening,,,2026-10-01,2026-09-30,,,
R794e87ed210c03d9,10.1016/j.jisa.2025.104245,Quantum-resilient blockchain framework for privacy-preserving genomic data sharing and analysis,https://www.scopus.com/pages/publications/105021209730?origin=resultslist,2025,Das P.; Jain C.; AlShahrani A.M.; Singh M.; Zeyaullah M.; Hummad H.,Journal of Information Security and Applications,Article,"[""S02""]","[""privacy""]","[{""database"": ""Scopus"", ""query_id"": ""S02"", ""raw_source"": ""search-expansion-S02-20261001.csv"", ""raw_row"": 169, ""native_id"": ""2-s2.0-105021209730"", ""observed_rank"": """"}]",awaiting_title_abstract_screening,,,2026-10-01,2026-09-30,,,
Rdfc510d4ff814377,10.1109/jiot.2023.3296460,BFOD: Blockchain-Based Privacy Protection and Security Sharing Scheme of Flight Operation Data,https://www.scopus.com/pages/publications/85165295453?origin=resultslist,2024,Li X.; Zhao H.; Deng W.,IEEE Internet of Things Journal,Article,"[""S02""]","[""privacy""]","[{""database"": ""Scopus"", ""query_id"": ""S02"", ""raw_source"": ""search-expansion-S02-20261001.csv"", ""raw_row"": 170, ""native_id"": ""2-s2.0-85165295453"", ""observed_rank"": """"}]",duplicate_current_application,10.1109/jiot.2023.3296460,Matching nonempty DOI,2026-10-01,2026-09-30,,,
R20c1e474b1196889,10.58346/jowua.2026.i2.010,Blockchain-Integrated Privacy-Preserving Distributed Mobile E-Learning Architectures for Secure and Autonomous Student Data Management,https://www.scopus.com/pages/publications/105044649138?origin=resultslist,2026,Raxmatov O.; Narbayeva M.; Jurayeva N.; Shamsiyeva S.; Eshqarayev U.; Islyamova L.; Xalmatova M.,"Journal of Wireless Mobile Networks, Ubiquitous Computing, and Dependable Applications",Article,"[""S02""]","[""privacy""]","[{""database"": ""Scopus"", ""query_id"": ""S02"", ""raw_source"": ""search-expansion-S02-20261001.csv"", ""raw_row"": 171, ""native_id"": ""2-s2.0-105044649138"", ""observed_rank"": """"}]",awaiting_title_abstract_screening,,,2026-10-01,2026-09-30,,,
R1c94847a52606ce2,10.1201/9781003529231-49,Ensuring Data Privacy in the Cloud: Authprivacychain’s Blockchain Access Control,https://www.scopus.com/pages/publications/85199837144?origin=resultslist,2024,Tamilkodi R.; Surya Kala K.; Durga Sukanthika T.; Aanantha Sai Datta Kiran B.; Hemanth Reddy V.; Srimani Neha K.,Algorithms in Advanced Artificial Intelligence,Book chapter,"[""S02""]","[""privacy""]","[{""database"": ""Scopus"", ""query_id"": ""S02"", ""raw_source"": ""search-expansion-S02-20261001.csv"", ""raw_row"": 172, ""native_id"": ""2-s2.0-85199837144"", ""observed_rank"": """"}]",awaiting_title_abstract_screening,,,2026-10-01,2026-09-30,,,
Ref0ade6eb8beae22,10.1504/ijics.2026.153349,Privacy and security protection of blockchain data sharing based on PoDaS algorithm,https://www.scopus.com/pages/publications/105038863340?origin=resultslist,2026,Liu H.; Li Y.; Lu L.,International Journal of Information and Computer Security,Article,"[""S02""]","[""privacy""]","[{""database"": ""Scopus"", ""query_id"": ""S02"", ""raw_source"": ""search-expansion-S02-20261001.csv"", ""raw_row"": 173, ""native_id"": ""2-s2.0-105038863340"", ""observed_rank"": """"}]",awaiting_title_abstract_screening,,,2026-10-01,2026-09-30,,,
Re83b2b8f0e6c2c19,10.1016/j.knosys.2025.114078,Blockchain-driven privacy-preservation of healthcare insurance data using improved ECC based encryption and deep learning based key tuning,https://www.scopus.com/pages/publications/105012019211?origin=resultslist,2025,Buvana J.; Gayathri R.,Knowledge-Based Systems,Article,"[""S02""]","[""privacy""]","[{""database"": ""Scopus"", ""query_id"": ""S02"", ""raw_source"": ""search-expansion-S02-20261001.csv"", ""raw_row"": 174, ""native_id"": ""2-s2.0-105012019211"", ""observed_rank"": """"}]",awaiting_title_abstract_screening,,,2026-10-01,2026-09-30,,,
R6c1552c303f16d54,10.1007/s10791-025-09584-4,Blockchain data privacy text intelligent encryption method based on machine learning and symbolic computing in the context of metaverse,https://www.scopus.com/pages/publications/105005105458?origin=resultslist,2025,Xu L.,Discover Computing,Article,"[""S02""]","[""privacy""]","[{""database"": ""Scopus"", ""query_id"": ""S02"", ""raw_source"": ""search-expansion-S02-20261001.csv"", ""raw_row"": 175, ""native_id"": ""2-s2.0-105005105458"", ""observed_rank"": """"}]",awaiting_title_abstract_screening,,,2026-10-01,2026-09-30,,,
Rcb8e3deae4f9af2d,10.1007/978-3-031-63999-9_4,Adopting Blockchain for Enhancing Data Security and Privacy in Service-Based Digital Platforms: A Case Study of a Distributed Application (Dapp) Global Mission Services,https://www.scopus.com/pages/publications/85199600955?origin=resultslist,2024,Bizumuremyi Y.; Mabanza N.; Masinde M.,"Lecture Notes of the Institute for Computer Sciences, Social-Informatics and Telecommunications Engineering, LNICST",Conference paper,"[""S02""]","[""privacy""]","[{""database"": ""Scopus"", ""query_id"": ""S02"", ""raw_source"": ""search-expansion-S02-20261001.csv"", ""raw_row"": 176, ""native_id"": ""2-s2.0-85199600955"", ""observed_rank"": """"}]",awaiting_title_abstract_screening,,,2026-10-01,2026-09-30,,,
Reaf560f740c43432,10.4018/979-8-3693-7630-0.ch001,"Balancing ethical, data privacy, and security dimensions in blockchain-based healthcare governance: Aligning with ESG principles",https://www.scopus.com/pages/publications/105000003324?origin=resultslist,2025,Pesqueira A.; Fitzgerald J.; Kurman P.A.; Gáfaro Jaimes S.D.; Curado J.; Gianico S.,"Navigating Privacy, Innovation, and Patient Empowerment Through Ethical Healthcare Technology",Book chapter,"[""S02""]","[""privacy""]","[{""database"": ""Scopus"", ""query_id"": ""S02"", ""raw_source"": ""search-expansion-S02-20261001.csv"", ""raw_row"": 177, ""native_id"": ""2-s2.0-105000003324"", ""observed_rank"": """"}]",awaiting_title_abstract_screening,,,2026-10-01,2026-09-30,,,
R6a2414a4cedc44b7,10.1109/isaics66888.2025.11349796,A Consortium Blockchain and Homomorphic Encryption Based Privacy Preserving Model for Power Transaction Data,https://www.scopus.com/pages/publications/105033670521?origin=resultslist,2025,Luo X.; He L.; Qiao S.; Huang J.; Wei X.; Yao C.,"Proceedings of 2025 2nd International Symposium on AI and Cybersecurity, ISAICS 2025",Conference paper,"[""S02""]","[""privacy""]","[{""database"": ""Scopus"", ""query_id"": ""S02"", ""raw_source"": ""search-expansion-S02-20261001.csv"", ""raw_row"": 178, ""native_id"": ""2-s2.0-105033670521"", ""observed_rank"": """"}]",awaiting_title_abstract_screening,,,2026-10-01,2026-09-30,,,
R64c859ed00e6e73b,10.1007/978-981-97-8540-7_1,Blockchain-Driven Searchable Privacy Preserving Data Sharing for Manufacturing Collaboration,https://www.scopus.com/pages/publications/85208080565?origin=resultslist,2025,Jiao Z.; Zhou F.; Wang Q.; Sun J.,Lecture Notes in Computer Science (including subseries Lecture Notes in Artificial Intelligence and Lecture Notes in Bioinformatics) ,Conference paper,"[""S02""]","[""privacy""]","[{""database"": ""Scopus"", ""query_id"": ""S02"", ""raw_source"": ""search-expansion-S02-20261001.csv"", ""raw_row"": 179, ""native_id"": ""2-s2.0-85208080565"", ""observed_rank"": """"}]",awaiting_title_abstract_screening,,,2026-10-01,2026-09-30,,,
Rfbb4da19b8ddd5ba,10.15849/ijasca.v18i1.52,A Privacy-Preserving Blockchain and Machine Learning Framework for Secure Next-Generation Genomic Data Analysis,https://www.scopus.com/pages/publications/105034008741?origin=resultslist,2026,Morsi S.A.; Husain H.I.; Nair R.; Alkahtani H.; Abdulsahib G.M.; Aldhyani T.H.H.,International Journal of Advances in Soft Computing and its Applications,Article,"[""S02""]","[""privacy""]","[{""database"": ""Scopus"", ""query_id"": ""S02"", ""raw_source"": ""search-expansion-S02-20261001.csv"", ""raw_row"": 180, ""native_id"": ""2-s2.0-105034008741"", ""observed_rank"": """"}]",awaiting_title_abstract_screening,,,2026-10-01,2026-09-30,,,
R4e73b3ebe4c2ce9b,10.1016/j.comcom.2024.04.027,Blockchain and differential privacy-based data processing system for data security and privacy in urban computing,https://www.scopus.com/pages/publications/85192165752?origin=resultslist,2024,Heo G.; Doh I.,Computer Communications,Article,"[""S02""]","[""privacy""]","[{""database"": ""Scopus"", ""query_id"": ""S02"", ""raw_source"": ""search-expansion-S02-20261001.csv"", ""raw_row"": 181, ""native_id"": ""2-s2.0-85192165752"", ""observed_rank"": """"}]",awaiting_title_abstract_screening,,,2026-10-01,2026-09-30,,,
Rc1da2a34162b72a3,10.1109/iciscae62304.2024.10761665,Research on the Privacy Protection Mechanism of Multimodal Fusion of Data Based on Blockchain Technology,https://www.scopus.com/pages/publications/85214660429?origin=resultslist,2024,Na R.; Jiao Y.; Yang L.,"2024 IEEE 7th International Conference on Information Systems and Computer Aided Education, ICISCAE 2024",Conference paper,"[""S02""]","[""privacy""]","[{""database"": ""Scopus"", ""query_id"": ""S02"", ""raw_source"": ""search-expansion-S02-20261001.csv"", ""raw_row"": 182, ""native_id"": ""2-s2.0-85214660429"", ""observed_rank"": """"}]",awaiting_title_abstract_screening,,,2026-10-01,2026-09-30,,,
Re86957ab45f7e23d,10.3390/iot5010002,Enhancing IoT Data Security: Using the Blockchain to Boost Data Integrity and Privacy,https://www.scopus.com/pages/publications/85188897982?origin=resultslist,2024,Eghmazi A.; Ataei M.; Landry R.J.; Chevrette G.,IoT,Article,"[""S02""]","[""privacy""]","[{""database"": ""Scopus"", ""query_id"": ""S02"", ""raw_source"": ""search-expansion-S02-20261001.csv"", ""raw_row"": 183, ""native_id"": ""2-s2.0-85188897982"", ""observed_rank"": """"}]",awaiting_title_abstract_screening,,,2026-10-01,2026-09-30,,,
Ra536f36e8918579b,10.1109/mitadtsocicon60330.2024.10575309,Enhancing Data Security and Privacy through Blockchain and Machine Learning,https://www.scopus.com/pages/publications/85198557027?origin=resultslist,2024,Machhale G.; Purushothama B.R.; Modi C.N.,"2024 MIT Art, Design and Technology School of Computing International Conference, MITADTSoCiCon 2024",Conference paper,"[""S02""]","[""privacy""]","[{""database"": ""Scopus"", ""query_id"": ""S02"", ""raw_source"": ""search-expansion-S02-20261001.csv"", ""raw_row"": 184, ""native_id"": ""2-s2.0-85198557027"", ""observed_rank"": """"}]",awaiting_title_abstract_screening,,,2026-10-01,2026-09-30,,,
R471c3c337980bee4,10.1109/icbds61829.2024.10837183,Blockchain Technology and Data Privacy: A Comprehensive Review and Future Perspective,https://www.scopus.com/pages/publications/85217995551?origin=resultslist,2024,Ahirao P.; Shaikh B.; Wahedna R.Z.,"2024 IEEE International Conference on Blockchain and Distributed Systems Security, ICBDS 2024",Conference paper,"[""S02""]","[""privacy""]","[{""database"": ""Scopus"", ""query_id"": ""S02"", ""raw_source"": ""search-expansion-S02-20261001.csv"", ""raw_row"": 185, ""native_id"": ""2-s2.0-85217995551"", ""observed_rank"": """"}]",awaiting_title_abstract_screening,,,2026-10-01,2026-09-30,,,
Rb6069116d9fe6dfc,10.1145/3702879.3702932,Design of Blockchain Traceability Mechanism for Data Privacy Protection,https://www.scopus.com/pages/publications/85216416662?origin=resultslist,2024,Li Q.; Zhou Q.,"Proceedings of 2024 2nd International Conference on Internet of Things and Cloud Computing Technology, IoTCCT 2024",Conference paper,"[""S02"", ""S03""]","[""privacy""]","[{""database"": ""Scopus"", ""query_id"": ""S02"", ""raw_source"": ""search-expansion-S02-20261001.csv"", ""raw_row"": 186, ""native_id"": ""2-s2.0-85216416662"", ""observed_rank"": """"}, {""database"": ""ACM Full-Text Collection"", ""query_id"": ""S03"", ""raw_source"": ""search-expansion-ACM-20261001.csv"", ""raw_row"": 8, ""native_id"": """", ""observed_rank"": ""8""}]",awaiting_title_abstract_screening,,,2026-10-01,2026-09-30,,,
R9a20a2aae5d708d7,10.1109/icscsa66339.2025.11171074,The Hybrid Blockchain Model to Increase Data Privacy of Financial Assistance for SMEs,https://www.scopus.com/pages/publications/105018451400?origin=resultslist,2025,Inayatulloh; Hendric Spits Warnars H.L.; Muyeba M.; Deviarti H.; Wang G.; Saputra P.C.,"Proceedings of 5th International Conference on Soft Computing for Security Applications, ICSCSA 2025",Conference paper,"[""S02""]","[""privacy""]","[{""database"": ""Scopus"", ""query_id"": ""S02"", ""raw_source"": ""search-expansion-S02-20261001.csv"", ""raw_row"": 187, ""native_id"": ""2-s2.0-105018451400"", ""observed_rank"": """"}]",awaiting_title_abstract_screening,,,2026-10-01,2026-09-30,,,
R1fcc50fc51c24cd0,10.1109/tmc.2025.3534201,Privacy-Preserving Stable Data Trading for Unknown Market Based on Blockchain,https://www.scopus.com/pages/publications/85217556698?origin=resultslist,2025,Deng Q.; Zuo Q.; Li Z.; Liu H.; Xie Y.,IEEE Transactions on Mobile Computing,Article,"[""S02""]","[""privacy""]","[{""database"": ""Scopus"", ""query_id"": ""S02"", ""raw_source"": ""search-expansion-S02-20261001.csv"", ""raw_row"": 188, ""native_id"": ""2-s2.0-85217556698"", ""observed_rank"": """"}]",awaiting_title_abstract_screening,,,2026-10-01,2026-09-30,,,
Re59619135e31507a,10.1109/i-smac65734.2025.11597841,Blockchain-Enabled IoT Framework for Enhancing Healthcare Data Security and Privacy,https://www.scopus.com/pages/publications/105045696204?origin=resultslist,2025,Venkateswaran S.; Vijayaraj N.,"Proceedings of the 9th International Conference on I-SMAC (IoT in Social, Mobile, Analytics and Cloud), I-SMAC 2025",Conference paper,"[""S02""]","[""privacy""]","[{""database"": ""Scopus"", ""query_id"": ""S02"", ""raw_source"": ""search-expansion-S02-20261001.csv"", ""raw_row"": 189, ""native_id"": ""2-s2.0-105045696204"", ""observed_rank"": """"}]",awaiting_title_abstract_screening,,,2026-10-01,2026-09-30,,,
R41a356ed4131fda6,10.1201/9781779641038-22,"Blockchain for Transparent, Privacy-Preserved, and Secure Health Data Management",https://www.scopus.com/pages/publications/105049474158?origin=resultslist,2026,Posinasetty B.; Chandra S.; Raparthi M.; Soni M.; Karmode S.,IoT in Healthcare: Transforming Patient Care through Smart and Connected Solutions,Book chapter,"[""S02""]","[""privacy""]","[{""database"": ""Scopus"", ""query_id"": ""S02"", ""raw_source"": ""search-expansion-S02-20261001.csv"", ""raw_row"": 190, ""native_id"": ""2-s2.0-105049474158"", ""observed_rank"": """"}]",awaiting_title_abstract_screening,,,2026-10-01,2026-09-30,,,
Ra895b23722b424d8,10.1201/9781003740100-40,"Decentralized solutions for healthcare: A comprehensive analysis of blockchain’s impact on data privacy, interoperability, and supply chain integrity",https://www.scopus.com/pages/publications/105030808453?origin=resultslist,2026,Manekar A.; Tiwari S.; Khandar G.; Mandwale A.; Paturkar N.; Gore A.,"Artificial Intelligence, Computational Intelligence, and Inclusive Technologies: Proceedings of International Conference on Artificial Intelligence, Computational Intelligence, and Inclusive Technologies (ICRAIC2IT – 2025)",Book chapter,"[""S02""]","[""privacy""]","[{""database"": ""Scopus"", ""query_id"": ""S02"", ""raw_source"": ""search-expansion-S02-20261001.csv"", ""raw_row"": 191, ""native_id"": ""2-s2.0-105030808453"", ""observed_rank"": """"}]",awaiting_title_abstract_screening,,,2026-10-01,2026-09-30,,,
R5e9e720125bd4d7a,10.1063/5.0323437,Blockchain-Enabled Data Security in Healthcare: Ensuring Privacy in Smart Health Systems,https://www.scopus.com/pages/publications/105035992460?origin=resultslist,2026,Shirke-Pansambal S.; Shirke-Deshmukh S.; Sonkamble R.G.; Bendale S.P.; Patil-Khamkar S.; Thepade S.D.,AIP Conference Proceedings,Conference paper,"[""S02""]","[""privacy""]","[{""database"": ""Scopus"", ""query_id"": ""S02"", ""raw_source"": ""search-expansion-S02-20261001.csv"", ""raw_row"": 192, ""native_id"": ""2-s2.0-105035992460"", ""observed_rank"": """"}]",awaiting_title_abstract_screening,,,2026-10-01,2026-09-30,,,
R11c33952b4edc0c0,10.1109/icears64219.2025.10940761,Survey on Privacy-Preserving Medical Image Analysis with Big Data and Blockchain using ML and DL,https://www.scopus.com/pages/publications/105002726842?origin=resultslist,2025,Jyothi V.; Srinivasarao B.,"3rd International Conference on Electronics and Renewable Systems, ICEARS 2025 - Proceedings",Conference paper,"[""S02""]","[""privacy""]","[{""database"": ""Scopus"", ""query_id"": ""S02"", ""raw_source"": ""search-expansion-S02-20261001.csv"", ""raw_row"": 193, ""native_id"": ""2-s2.0-105002726842"", ""observed_rank"": """"}]",awaiting_title_abstract_screening,,,2026-10-01,2026-09-30,,,
R509103762cc3daea,10.1109/iccworkshops59551.2024.10615878,Privacy-Preserving Data Sharing in IoV: A Federated Learning and Blockchain-Based Approach,https://www.scopus.com/pages/publications/85202447734?origin=resultslist,2024,Xia Z.; Sun J.; Tan J.,"2024 IEEE International Conference on Communications Workshops, ICC Workshops 2024",Conference paper,"[""S02""]","[""privacy""]","[{""database"": ""Scopus"", ""query_id"": ""S02"", ""raw_source"": ""search-expansion-S02-20261001.csv"", ""raw_row"": 194, ""native_id"": ""2-s2.0-85202447734"", ""observed_rank"": """"}]",awaiting_title_abstract_screening,,,2026-10-01,2026-09-30,,,
R138f2d609968683e,10.1109/iacis65746.2025.11211455,Decentralized and Immutable Record-Keeping for Data Privacy-Preserving in Healthcare Using Homomorphic Encryption in Blockchain,https://www.scopus.com/pages/publications/105023639844?origin=resultslist,2025,Aishwarya B.; Sriramya P.,"2nd International Conference on Intelligent Algorithms for Computational Intelligence Systems, IACIS 2025",Conference paper,"[""S02""]","[""privacy""]","[{""database"": ""Scopus"", ""query_id"": ""S02"", ""raw_source"": ""search-expansion-S02-20261001.csv"", ""raw_row"": 195, ""native_id"": ""2-s2.0-105023639844"", ""observed_rank"": """"}]",awaiting_title_abstract_screening,,,2026-10-01,2026-09-30,,,
Rd92a4d9df204e704,10.1007/978-3-032-16168-0_8,SA-aChain: A Blockchain Hybrid Architecture for Privacy-Preserving Alert Data Management,https://www.scopus.com/pages/publications/105045923726?origin=resultslist,2026,Xia X.; Xu L.; Gai K.; Zhu L.,Lecture Notes in Computer Science,Conference paper,"[""S02""]","[""privacy""]","[{""database"": ""Scopus"", ""query_id"": ""S02"", ""raw_source"": ""search-expansion-S02-20261001.csv"", ""raw_row"": 196, ""native_id"": ""2-s2.0-105045923726"", ""observed_rank"": """"}]",awaiting_title_abstract_screening,,,2026-10-01,2026-09-30,,,
R4652b49d65415f25,10.1007/978-981-96-6941-7_17,RedactChain: A Redactable Blockchain-Driven Privacy Protected Personal Data Management Scheme,https://www.scopus.com/pages/publications/105028333874?origin=resultslist,2026,Sharma A.; Chandrakar P.,Lecture Notes in Networks and Systems,Conference paper,"[""S02""]","[""privacy""]","[{""database"": ""Scopus"", ""query_id"": ""S02"", ""raw_source"": ""search-expansion-S02-20261001.csv"", ""raw_row"": 197, ""native_id"": ""2-s2.0-105028333874"", ""observed_rank"": """"}]",awaiting_title_abstract_screening,,,2026-10-01,2026-09-30,,,
Reee58ce4abcd1615,10.1109/iccr67387.2025.11292265,Blockchain-Powered Secure Health Data Exchange For Enhancing Patient Privacy And Interoperability,https://www.scopus.com/pages/publications/105031612999?origin=resultslist,2025,Dilli Ganesh V.; Nandhini T.J.; Ibrahim A.; Elngar A.A.; Johri P.,ICCR 2025 - 3rd International Conference on Cyber Resilience,Conference paper,"[""S02""]","[""privacy""]","[{""database"": ""Scopus"", ""query_id"": ""S02"", ""raw_source"": ""search-expansion-S02-20261001.csv"", ""raw_row"": 198, ""native_id"": ""2-s2.0-105031612999"", ""observed_rank"": """"}]",awaiting_title_abstract_screening,,,2026-10-01,2026-09-30,,,
R2aaae826bd494fd9,10.1007/s41870-025-02974-3,An efficient and secure privacy-preserving outsourced cloud data storage using Cross Progressive Graph Meerkat contextual convolutional attention network with secure PBFT-based lightweight blockchain,https://www.scopus.com/pages/publications/105025428973?origin=resultslist,2025,Pandiyarajan A.; Swathika P.; Jagatheesaperumal S.K.,International Journal of Information Technology (Singapore),Article,"[""S02""]","[""privacy""]","[{""database"": ""Scopus"", ""query_id"": ""S02"", ""raw_source"": ""search-expansion-S02-20261001.csv"", ""raw_row"": 199, ""native_id"": ""2-s2.0-105025428973"", ""observed_rank"": """"}]",awaiting_title_abstract_screening,,,2026-10-01,2026-09-30,,,
Rd8af4dff170db3d7,10.1016/j.ijin.2024.02.005,Data structure and privacy protection analysis in big data environment based on blockchain technology,https://www.scopus.com/pages/publications/85186118040?origin=resultslist,2024,Wang Y.,International Journal of Intelligent Networks,Article,"[""S02""]","[""privacy""]","[{""database"": ""Scopus"", ""query_id"": ""S02"", ""raw_source"": ""search-expansion-S02-20261001.csv"", ""raw_row"": 200, ""native_id"": ""2-s2.0-85186118040"", ""observed_rank"": """"}]",awaiting_title_abstract_screening,,,2026-10-01,2026-09-30,,,
Rf9f877942157679e,,Privacy-Aware E-Health Data Sharing via Decentralized Blockchain System,https://www.scopus.com/pages/publications/105027160902?origin=resultslist,2025,Ahmed U.; Hussain A.; Nayyer M.Z.; Rasheed A.; Shahid S.; Zahid M.A.,Journal of Computing and Biomedical Informatics,Article,"[""S02""]","[""privacy""]","[{""database"": ""Scopus"", ""query_id"": ""S02"", ""raw_source"": ""search-expansion-S02-20261001.csv"", ""raw_row"": 201, ""native_id"": ""2-s2.0-105027160902"", ""observed_rank"": """"}]",awaiting_title_abstract_screening,,,2026-10-01,2026-09-30,,,
R50178d4b53268b6c,10.1109/qpain66474.2025.11171631,A Privacy-Preserving Semi-Public Blockchain-Based Ride-Sharing Platform with Secure Distributed Data Storage Using IPFS,https://www.scopus.com/pages/publications/105019042663?origin=resultslist,2025,Srejon R.F.; Fahim M.R.; Ifaz Sk.Md.S.; Reno S.; Hasan M.K.,"2025 IEEE International Conference on Quantum Photonics, Artificial Intelligence, and Networking, QPAIN 2025",Conference paper,"[""S02""]","[""privacy""]","[{""database"": ""Scopus"", ""query_id"": ""S02"", ""raw_source"": ""search-expansion-S02-20261001.csv"", ""raw_row"": 202, ""native_id"": ""2-s2.0-105019042663"", ""observed_rank"": """"}]",awaiting_title_abstract_screening,,,2026-10-01,2026-09-30,,,
R887c6c44ccfd427e,10.1145/3789297.3789393,A Blockchain-Privacy Preserving Computation-Large Language Model Triad for Marketizing Media Data Factors,https://www.scopus.com/pages/publications/105035487023?origin=resultslist,2026,Liu B.,"Proceedings of 2025 2nd International Conference on Economic Data Analytics and Artificial Intelligence, EDAI 2025",Conference paper,"[""S02"", ""S03""]","[""privacy""]","[{""database"": ""Scopus"", ""query_id"": ""S02"", ""raw_source"": ""search-expansion-S02-20261001.csv"", ""raw_row"": 203, ""native_id"": ""2-s2.0-105035487023"", ""observed_rank"": """"}, {""database"": ""ACM Full-Text Collection"", ""query_id"": ""S03"", ""raw_source"": ""search-expansion-ACM-20261001.csv"", ""raw_row"": 7, ""native_id"": """", ""observed_rank"": ""7""}]",awaiting_title_abstract_screening,,,2026-10-01,2026-09-30,,,
R016d4a24a7c28b97,10.1109/icsscna68616.2026.11547126,Secure Cloud Data Mining with Blockchain-Driven Privacy Protection and Adversarial Attack Mitigation,https://www.scopus.com/pages/publications/105042645646?origin=resultslist,2026,Thanu Priya N.; Kumari V.S.,"International Conference on Signal, Systems, and Computing for Next-Gen Automation, ICSSCNA 2026 - Proceedings",Conference paper,"[""S02""]","[""privacy""]","[{""database"": ""Scopus"", ""query_id"": ""S02"", ""raw_source"": ""search-expansion-S02-20261001.csv"", ""raw_row"": 204, ""native_id"": ""2-s2.0-105042645646"", ""observed_rank"": """"}]",awaiting_title_abstract_screening,,,2026-10-01,2026-09-30,,,
R606a2c19d3cd9883,10.1016/j.comcom.2024.07.007,BTMDS: Blockchain trusted medical data sharing scheme with privacy protection and access control,https://www.scopus.com/pages/publications/85200364890?origin=resultslist,2024,Chen L.; Feng T.; Ma R.; Shi J.,Computer Communications,Review,"[""S02""]","[""privacy""]","[{""database"": ""Scopus"", ""query_id"": ""S02"", ""raw_source"": ""search-expansion-S02-20261001.csv"", ""raw_row"": 205, ""native_id"": ""2-s2.0-85200364890"", ""observed_rank"": """"}]",awaiting_title_abstract_screening,,,2026-10-01,2026-09-30,,,
Rce225eed9dfc46b5,10.3390/systems14040385,Zero-Knowledge-Based Policy Enforcement for Privacy-Preserving Cross-Institutional Health Data Sharing on Blockchain,https://www.scopus.com/pages/publications/105037251917?origin=resultslist,2026,Albalwy F.,Systems,Article,"[""S02""]","[""privacy""]","[{""database"": ""Scopus"", ""query_id"": ""S02"", ""raw_source"": ""search-expansion-S02-20261001.csv"", ""raw_row"": 206, ""native_id"": ""2-s2.0-105037251917"", ""observed_rank"": """"}]",awaiting_title_abstract_screening,,,2026-10-01,2026-09-30,,,
R3104ce99e109e650,10.1201/9781003543596-6,Blockchain Technology for Healthcare Data Security and Privacy,https://www.scopus.com/pages/publications/105022553424?origin=resultslist,2025,Egho-Promise E.; Egho-Promise O.; Asante G.; Balisane H.; Sangodoyin A.; Abiodun A.; Salih A.,Securing Health: The Convergence of AI and Cybersecurity in Healthcare,Book chapter,"[""S02""]","[""privacy""]","[{""database"": ""Scopus"", ""query_id"": ""S02"", ""raw_source"": ""search-expansion-S02-20261001.csv"", ""raw_row"": 207, ""native_id"": ""2-s2.0-105022553424"", ""observed_rank"": """"}]",awaiting_title_abstract_screening,,,2026-10-01,2026-09-30,,,
R6ea740df333c3964,10.1109/rcsm67767.2025.11506883,Blockchain-Orchestrated Privacy Preservation for Cloud-Based Data Mining,https://www.scopus.com/pages/publications/105041517994?origin=resultslist,2025,Balakrishnan T.S.; Vimal V.R.; Ponnaian G.; Raj T.S.; Thangam S.A.,"2025 IEEE 1st International Conference on Recent Trends in Computing and Smart Mobility, RCSM 2025",Conference paper,"[""S02""]","[""privacy""]","[{""database"": ""Scopus"", ""query_id"": ""S02"", ""raw_source"": ""search-expansion-S02-20261001.csv"", ""raw_row"": 208, ""native_id"": ""2-s2.0-105041517994"", ""observed_rank"": """"}]",awaiting_title_abstract_screening,,,2026-10-01,2026-09-30,,,
R80b61598d258695a,10.1016/j.csi.2025.104002,PP-MAD: Privacy-preserving multi-task data aggregation in mobile crowdsensing via blockchain,https://www.scopus.com/pages/publications/105000984063?origin=resultslist,2025,Yan X.; Ding J.; Luo F.; Gong Z.; Ng W.W.Y.; Luo Y.,Computer Standards and Interfaces,Article,"[""S02""]","[""privacy""]","[{""database"": ""Scopus"", ""query_id"": ""S02"", ""raw_source"": ""search-expansion-S02-20261001.csv"", ""raw_row"": 209, ""native_id"": ""2-s2.0-105000984063"", ""observed_rank"": """"}]",awaiting_title_abstract_screening,,,2026-10-01,2026-09-30,,,
Rd79f408340d1adee,,PRIVACY-PRESERVING AND EFFICIENT DATA SHARING FOR BLOCKCHAIN-BASED INTELLIGENT TRANSPORTATION SYSTEMS WITH INTERNET OF VEHICLES (IOV),https://www.scopus.com/pages/publications/86000518237?origin=resultslist,2025,Rafi S.M.; Kumar R.Y.R.,Journal of Theoretical and Applied Information Technology,Article,"[""S02""]","[""privacy""]","[{""database"": ""Scopus"", ""query_id"": ""S02"", ""raw_source"": ""search-expansion-S02-20261001.csv"", ""raw_row"": 210, ""native_id"": ""2-s2.0-86000518237"", ""observed_rank"": """"}]",awaiting_title_abstract_screening,,,2026-10-01,2026-09-30,,,
R73ac998de168f0ef,10.1109/icetce66848.2025.11388749,Hybrid Blockchain Model to Enhance Transparency and Data Privacy Protection for Employee Career Ladder,https://www.scopus.com/pages/publications/105035830553?origin=resultslist,2025,Inayatulloh; Usman H.M.; Sunarsi D.; Suhartini T.; Nurjaya N.; Hartono I.K.,"Proceedings of 2025 8th International Conference on Emerging Technologies in Computer Engineering: Advances in Computing, Healthcare and Smart Systems, ICETCE 2025",Conference paper,"[""S02""]","[""privacy""]","[{""database"": ""Scopus"", ""query_id"": ""S02"", ""raw_source"": ""search-expansion-S02-20261001.csv"", ""raw_row"": 211, ""native_id"": ""2-s2.0-105035830553"", ""observed_rank"": """"}]",awaiting_title_abstract_screening,,,2026-10-01,2026-09-30,,,
R6340915484a09b6d,10.4018/979-8-3373-0563-9.ch032,Applications and Deployment of Blockchain Technology in Addressing Network-Based Data Security and Privacy Challenges,https://www.scopus.com/pages/publications/105005126542?origin=resultslist,2025,Kumar P.; Kumar R.; Hamid A.B.A.; Nyamasvisva T.E.,Deep Learning Innovations for Securing Critical Infrastructures,Book chapter,"[""S02""]","[""privacy""]","[{""database"": ""Scopus"", ""query_id"": ""S02"", ""raw_source"": ""search-expansion-S02-20261001.csv"", ""raw_row"": 212, ""native_id"": ""2-s2.0-105005126542"", ""observed_rank"": """"}]",awaiting_title_abstract_screening,,,2026-10-01,2026-09-30,,,
R41e345f09b0538fb,10.1109/icicacs68679.2026.11578505,PDS-FL: Privacy-Preserving Data Sharing in Blockchain Networks through Adaptive Differential Privacy and Trust-Aware Edge Filtering,https://www.scopus.com/pages/publications/105044429188?origin=resultslist,2026,Ma Y.,"4th International Conference on Integrated Circuits and Communication Systems, ICICACS 2026",Conference paper,"[""S02""]","[""privacy""]","[{""database"": ""Scopus"", ""query_id"": ""S02"", ""raw_source"": ""search-expansion-S02-20261001.csv"", ""raw_row"": 213, ""native_id"": ""2-s2.0-105044429188"", ""observed_rank"": """"}]",awaiting_title_abstract_screening,,,2026-10-01,2026-09-30,,,
R0f724150788156d1,10.1515/9783112221082-035,Federated Learning and Blockchain: Synergizing Privacy-Preserving Data Mining Techniques,https://www.scopus.com/pages/publications/105034749514?origin=resultslist,2026,Legapriyadharshini N.; Arul Oli A.; Parveen Banu S.; Sathiyamoorthy C.; Listin P.T.; Jesu Kulandairaj A.,De Gruyter Proceedings in Mathematics,Conference paper,"[""S02""]","[""privacy""]","[{""database"": ""Scopus"", ""query_id"": ""S02"", ""raw_source"": ""search-expansion-S02-20261001.csv"", ""raw_row"": 214, ""native_id"": ""2-s2.0-105034749514"", ""observed_rank"": """"}]",awaiting_title_abstract_screening,,,2026-10-01,2026-09-30,,,
R6856b6c52f5cea4d,10.1049/cmu2.12737,FGDB-MLPP: A fine-grained data-sharing scheme with blockchain based on multi-level privacy protection,https://www.scopus.com/pages/publications/85186843616?origin=resultslist,2024,Lin J.; Feng L.; Wang J.; Qiu F.; Yu B.; Cheng J.; Yao S.,IET Communications,Article,"[""S02""]","[""privacy""]","[{""database"": ""Scopus"", ""query_id"": ""S02"", ""raw_source"": ""search-expansion-S02-20261001.csv"", ""raw_row"": 215, ""native_id"": ""2-s2.0-85186843616"", ""observed_rank"": """"}]",awaiting_title_abstract_screening,,,2026-10-01,2026-09-30,,,
R8e137b3fb2686fb2,10.1109/icicacs68679.2026.11578587,Blockchain-Based Privacy Computation and Compliance Analysis Framework for Student Behavioral Data,https://www.scopus.com/pages/publications/105044474392?origin=resultslist,2026,Yu X.,"4th International Conference on Integrated Circuits and Communication Systems, ICICACS 2026",Conference paper,"[""S02""]","[""privacy""]","[{""database"": ""Scopus"", ""query_id"": ""S02"", ""raw_source"": ""search-expansion-S02-20261001.csv"", ""raw_row"": 216, ""native_id"": ""2-s2.0-105044474392"", ""observed_rank"": """"}]",awaiting_title_abstract_screening,,,2026-10-01,2026-09-30,,,
R8d19d227a73c4704,10.31893/multirev.2026350,Blockchain-based data integrity and privacy in vehicle-to-everything (V2X) communication networks: A systematic literature review,https://www.scopus.com/pages/publications/105029875207?origin=resultslist,2026,Baayeh K.; Beleya P.; Akhtar S.; Airawaty D.,Multidisciplinary Reviews,Review,"[""S02""]","[""privacy""]","[{""database"": ""Scopus"", ""query_id"": ""S02"", ""raw_source"": ""search-expansion-S02-20261001.csv"", ""raw_row"": 217, ""native_id"": ""2-s2.0-105029875207"", ""observed_rank"": """"}]",awaiting_title_abstract_screening,,,2026-10-01,2026-09-30,,,
R22edceb849cb6865,10.4018/979-8-3373-7600-4.ch005,"Data Privacy, Security, and Ethical Considerations in AI and Blockchain Adoption",https://www.scopus.com/pages/publications/105039725746?origin=resultslist,2026,Ahmad M.; Jamal T.; Imran M.; Khan L.; Yadav S.K.,Innovating Credentialing and Data Management in Higher Education With Blockchain and AI,Book chapter,"[""S02""]","[""privacy""]","[{""database"": ""Scopus"", ""query_id"": ""S02"", ""raw_source"": ""search-expansion-S02-20261001.csv"", ""raw_row"": 218, ""native_id"": ""2-s2.0-105039725746"", ""observed_rank"": """"}]",awaiting_title_abstract_screening,,,2026-10-01,2026-09-30,,,
Ra0ba42ad2e92b0e9,10.1109/icdsis65355.2025.11070587,Privacy-Preserving Data Analysis using Decentralized Blockchain-Based Authentication with Zero-Knowledge Cloud Auditing,https://www.scopus.com/pages/publications/105011814895?origin=resultslist,2025,Vedashree L.V.; Ramaswamy Y.; Gudala L.; Mohamadabbas H.; Sushama C.,"3rd International Conference on Data Science and Information System, ICDSIS 2025",Conference paper,"[""S02""]","[""privacy""]","[{""database"": ""Scopus"", ""query_id"": ""S02"", ""raw_source"": ""search-expansion-S02-20261001.csv"", ""raw_row"": 219, ""native_id"": ""2-s2.0-105011814895"", ""observed_rank"": """"}]",awaiting_title_abstract_screening,,,2026-10-01,2026-09-30,,,
Rbe0e4f187ab08ca3,10.32908/ahswn.v59.9049,IoT Medical Sensor Data Security and Privacy Using Blockchain Based Multiparty Authentication Protocol in WSN,https://www.scopus.com/pages/publications/85192094684?origin=resultslist,2024,Reegan A.S.; Sivaraja P.M.; Mamitha S.; Rogers C.B.,Ad-Hoc and Sensor Wireless Networks,Article,"[""S02""]","[""privacy""]","[{""database"": ""Scopus"", ""query_id"": ""S02"", ""raw_source"": ""search-expansion-S02-20261001.csv"", ""raw_row"": 220, ""native_id"": ""2-s2.0-85192094684"", ""observed_rank"": """"}]",awaiting_title_abstract_screening,,,2026-10-01,2026-09-30,,,
R5f5002a930cb0859,10.1117/12.3038695,Research implementation of FL privacy-preserving blockchain and differential data sharing,https://www.scopus.com/pages/publications/85200476232?origin=resultslist,2024,Obaid S.A.N.; Si P.; Liu Z.; Jia M.; Li Q.,Proceedings of SPIE - The International Society for Optical Engineering,Conference paper,"[""S02""]","[""privacy""]","[{""database"": ""Scopus"", ""query_id"": ""S02"", ""raw_source"": ""search-expansion-S02-20261001.csv"", ""raw_row"": 221, ""native_id"": ""2-s2.0-85200476232"", ""observed_rank"": """"}]",awaiting_title_abstract_screening,,,2026-10-01,2026-09-30,,,
R07ea7ea826419d5c,10.1109/secon64284.2024.10934893,Publicly Verify While Hiding Data: Privacy-Aware Streaming Truth Discovery with Public Verifiability in Blockchain-Enhanced Crowdsensing,https://www.scopus.com/pages/publications/105002340835?origin=resultslist,2024,Zheng R.; Wu H.; Düdder B.,"Annual IEEE Communications Society Conference on Sensor, Mesh and Ad Hoc Communications and Networks workshops",Conference paper,"[""S02""]","[""privacy""]","[{""database"": ""Scopus"", ""query_id"": ""S02"", ""raw_source"": ""search-expansion-S02-20261001.csv"", ""raw_row"": 222, ""native_id"": ""2-s2.0-105002340835"", ""observed_rank"": """"}]",awaiting_title_abstract_screening,,,2026-10-01,2026-09-30,,,
R2a762ed412591228,,The Role of Blockchain and Multi-Factor Authentication in Ensuring Data Security and Privacy in E-Commerce,https://www.scopus.com/pages/publications/105046114183?origin=resultslist,2026,Anuradha A.; Park J.Y.; Murthy B.M.R.; Rajalakshmi V.,E-commerce Data Security and Privacy: Innovative AI and ML Strategies,Book chapter,"[""S02""]","[""privacy""]","[{""database"": ""Scopus"", ""query_id"": ""S02"", ""raw_source"": ""search-expansion-S02-20261001.csv"", ""raw_row"": 223, ""native_id"": ""2-s2.0-105046114183"", ""observed_rank"": """"}]",awaiting_title_abstract_screening,,,2026-10-01,2026-09-30,,,
Rd485b48ae1466d64,10.2174/9798898810634125010012,Securing Healthcare Data: Privacy and Regulatory Compliance Through Blockchain,https://www.scopus.com/pages/publications/105023806091?origin=resultslist,2025,Singh S.; Rattan S.; Pabbi V.; Rajpoot N.K.,Securing Healthcare: Leveraging Blockchain for Data Integrity in Healthcare Services,Book chapter,"[""S02""]","[""privacy""]","[{""database"": ""Scopus"", ""query_id"": ""S02"", ""raw_source"": ""search-expansion-S02-20261001.csv"", ""raw_row"": 224, ""native_id"": ""2-s2.0-105023806091"", ""observed_rank"": """"}]",awaiting_title_abstract_screening,,,2026-10-01,2026-09-30,,,
Rd45c9522a0024620,10.4018/ijcini.361577,Deep Fuzzy Control-Based Network Blockchain Privacy Data Protection,https://www.scopus.com/pages/publications/105000481928?origin=resultslist,2024,He J.; Chen X.; Wang Z.; Cheng S.,International Journal of Cognitive Informatics and Natural Intelligence,Article,"[""S02""]","[""privacy""]","[{""database"": ""Scopus"", ""query_id"": ""S02"", ""raw_source"": ""search-expansion-S02-20261001.csv"", ""raw_row"": 225, ""native_id"": ""2-s2.0-105000481928"", ""observed_rank"": """"}]",awaiting_title_abstract_screening,,,2026-10-01,2026-09-30,,,
R38dabde73e613324,10.1177/24056456251325288,Privacy Preserved Data Sharing With SpinalNet Based Key Generation in Consortium Blockchain,https://www.scopus.com/pages/publications/105008066675?origin=resultslist,2025,Sekar S.; Sree Kala T.,Web Intelligence,Article,"[""S02""]","[""privacy""]","[{""database"": ""Scopus"", ""query_id"": ""S02"", ""raw_source"": ""search-expansion-S02-20261001.csv"", ""raw_row"": 226, ""native_id"": ""2-s2.0-105008066675"", ""observed_rank"": """"}]",awaiting_title_abstract_screening,,,2026-10-01,2026-09-30,,,
Rcdee7e2b0cb35434,10.1007/978-3-032-08246-6_15,A Patient-Centric Blockchain Based Electronic Health Records for Data Privacy and Confidentiality,https://www.scopus.com/pages/publications/105028361041?origin=resultslist,2026,Teeda A.; Subba Rao Y.V.,Lecture Notes in Networks and Systems,Conference paper,"[""S02""]","[""privacy""]","[{""database"": ""Scopus"", ""query_id"": ""S02"", ""raw_source"": ""search-expansion-S02-20261001.csv"", ""raw_row"": 227, ""native_id"": ""2-s2.0-105028361041"", ""observed_rank"": """"}]",awaiting_title_abstract_screening,,,2026-10-01,2026-09-30,,,
Rc93dc01003a1d8b2,10.1007/s42979-025-04332-3,Secure Data Retrieval and User Behavior Analysis in Social Media Using Blockchain Aware Privacy Preservation,https://www.scopus.com/pages/publications/105015098315?origin=resultslist,2025,Neethu M.R.; Harini N.,SN Computer Science,Article,"[""S02""]","[""privacy""]","[{""database"": ""Scopus"", ""query_id"": ""S02"", ""raw_source"": ""search-expansion-S02-20261001.csv"", ""raw_row"": 228, ""native_id"": ""2-s2.0-105015098315"", ""observed_rank"": """"}]",awaiting_title_abstract_screening,,,2026-10-01,2026-09-30,,,
Rb3ad3c545a74fe9b,10.1080/08839514.2024.2442770,A Blockchain-Integrated Federated Learning Approach for Secure Data Sharing and Privacy Protection in Multi-Device Communication,https://www.scopus.com/pages/publications/85212301121?origin=resultslist,2025,Li K.,Applied Artificial Intelligence,Article,"[""S02""]","[""privacy""]","[{""database"": ""Scopus"", ""query_id"": ""S02"", ""raw_source"": ""search-expansion-S02-20261001.csv"", ""raw_row"": 229, ""native_id"": ""2-s2.0-85212301121"", ""observed_rank"": """"}]",awaiting_title_abstract_screening,,,2026-10-01,2026-09-30,,,
Rd4e24597bde2dd97,10.1109/jiot.2023.3285388,QB-IMD: A Secure Medical Data Processing System With Privacy Protection Based on Quantum Blockchain for IoMT,https://www.scopus.com/pages/publications/85162708335?origin=resultslist,2024,Qu Z.; Meng Y.; Liu B.; Muhammad G.; Tiwari P.,IEEE Internet of Things Journal,Article,"[""S02""]","[""privacy""]","[{""database"": ""Scopus"", ""query_id"": ""S02"", ""raw_source"": ""search-expansion-S02-20261001.csv"", ""raw_row"": 230, ""native_id"": ""2-s2.0-85162708335"", ""observed_rank"": """"}]",awaiting_title_abstract_screening,,,2026-10-01,2026-09-30,,,
R3dccc1728ce9d9d6,10.56294/hl2024.193,Privacy and security framework for medical data in a cloud infrastructure utilizing lightweight blockchain technology; [Marco de privacidad y seguridad para datos médicos en una infraestructura en la nube que utiliza tecnología blockchain liviana],https://www.scopus.com/pages/publications/85218717367?origin=resultslist,2024,Rakhmanov K.; Makhmudova D.; Shamansurov S.; Narzullayeva M.; Almamatova Z.; Akilova U.; Mirametova N.; Omarova A.,Health Leadership and Quality of Life,Article,"[""S02""]","[""privacy""]","[{""database"": ""Scopus"", ""query_id"": ""S02"", ""raw_source"": ""search-expansion-S02-20261001.csv"", ""raw_row"": 231, ""native_id"": ""2-s2.0-85218717367"", ""observed_rank"": """"}]",awaiting_title_abstract_screening,,,2026-10-01,2026-09-30,,,
R59b4213c1151cce9,10.1002/9781394417803.ch16,The Significance of Data Privacy in Water Supply Chain and Blockchain Technology,https://www.scopus.com/pages/publications/105024739458?origin=resultslist,2025,Karani K.P.; Patnaik A.,"Blockchain and the Water Supply Chain: Opportunities, Challenges and Innovations",Book chapter,"[""S02""]","[""privacy""]","[{""database"": ""Scopus"", ""query_id"": ""S02"", ""raw_source"": ""search-expansion-S02-20261001.csv"", ""raw_row"": 232, ""native_id"": ""2-s2.0-105024739458"", ""observed_rank"": """"}]",awaiting_title_abstract_screening,,,2026-10-01,2026-09-30,,,
Ra205a10b89d80501,10.1109/icdt61202.2024.10488946,Blockchain In Human Resources: Ensuring Data Privacy And Transparency In Employee Management,https://www.scopus.com/pages/publications/85191258435?origin=resultslist,2024,Mazharunnisa M.; Naveen P.; Apoorva K.; Poojasri K.; Jain D.; Shalini G.,"2024 2nd International Conference on Disruptive Technologies, ICDT 2024",Conference paper,"[""S02""]","[""privacy""]","[{""database"": ""Scopus"", ""query_id"": ""S02"", ""raw_source"": ""search-expansion-S02-20261001.csv"", ""raw_row"": 233, ""native_id"": ""2-s2.0-85191258435"", ""observed_rank"": """"}]",awaiting_title_abstract_screening,,,2026-10-01,2026-09-30,,,
R9e609bf5763923ff,10.4018/979-8-3373-1657-4.ch003,Enhancing Data Privacy and Integrity in Cloud With Cutting Edge Through Data Auditing Techniques and Quantum AI Applications in Blockchain Technology,https://www.scopus.com/pages/publications/105010102019?origin=resultslist,2024,Venkatesh B.S.; Senthilkumar K.,Quantum AI and its Applications in Blockchain Technology,Book chapter,"[""S02""]","[""privacy""]","[{""database"": ""Scopus"", ""query_id"": ""S02"", ""raw_source"": ""search-expansion-S02-20261001.csv"", ""raw_row"": 234, ""native_id"": ""2-s2.0-105010102019"", ""observed_rank"": """"}]",awaiting_title_abstract_screening,,,2026-10-01,2026-09-30,,,
R41c432caf8959463,10.13052/jcsm2245-1439.1529,Blockchain-Based Mechanism for Privacy Data Integrity Protection in Pharmaceutical Supply Chains,https://www.scopus.com/pages/publications/105037443009?origin=resultslist,2026,Qiao R.; Han J.,Journal of Cyber Security and Mobility,Article,"[""S02""]","[""privacy""]","[{""database"": ""Scopus"", ""query_id"": ""S02"", ""raw_source"": ""search-expansion-S02-20261001.csv"", ""raw_row"": 235, ""native_id"": ""2-s2.0-105037443009"", ""observed_rank"": """"}]",awaiting_title_abstract_screening,,,2026-10-01,2026-09-30,,,
R3f8c89ab1c8a2202,10.1109/isda70544.2026.11606032,Dynamic Context-Aware ABAC for Privacy-Preserving Cloud Data Access Using Zero-Knowledge Proofs and Blockchain Oracles,https://www.scopus.com/pages/publications/105046202971?origin=resultslist,2026,Abouessaouab M.; Abi Y.A.; Khannous A.; Bouchkaren S.,"2026 International Conference on Intelligent Systems and Digital Applications, ISDA 2026 - Proceedings",Conference paper,"[""S02""]","[""privacy""]","[{""database"": ""Scopus"", ""query_id"": ""S02"", ""raw_source"": ""search-expansion-S02-20261001.csv"", ""raw_row"": 236, ""native_id"": ""2-s2.0-105046202971"", ""observed_rank"": """"}]",awaiting_title_abstract_screening,,,2026-10-01,2026-09-30,,,
R60b5ec3ccb719c5e,10.1007/s44163-025-00520-5,Enhancing blockchain-based audit data privacy via hybrid chaotic and RSA encryption: mechanism design and performance evaluation,https://www.scopus.com/pages/publications/105018330037?origin=resultslist,2025,Zhang C.,Discover Artificial Intelligence,Article,"[""S02""]","[""privacy""]","[{""database"": ""Scopus"", ""query_id"": ""S02"", ""raw_source"": ""search-expansion-S02-20261001.csv"", ""raw_row"": 237, ""native_id"": ""2-s2.0-105018330037"", ""observed_rank"": """"}]",awaiting_title_abstract_screening,,,2026-10-01,2026-09-30,,,
R1a488bb38a5f48b1,10.4018/979-8-3373-3186-7.ch005,Data Privacy Challenges of Blockchain Energy Systems,https://www.scopus.com/pages/publications/105022007567?origin=resultslist,2025,Karisma K.,"Law and Regulation of AI, Blockchain, and Digital Rights",Book chapter,"[""S02""]","[""privacy""]","[{""database"": ""Scopus"", ""query_id"": ""S02"", ""raw_source"": ""search-expansion-S02-20261001.csv"", ""raw_row"": 238, ""native_id"": ""2-s2.0-105022007567"", ""observed_rank"": """"}]",awaiting_title_abstract_screening,,,2026-10-01,2026-09-30,,,
Rcf5f4244d6607b42,10.1080/0952813x.2023.2183268,Blockchain-based cryptographic approach for privacy enabled data integrity model for IoT healthcare,https://www.scopus.com/pages/publications/85149448080?origin=resultslist,2025,Chandol M.K.; Kameswara Rao M.,Journal of Experimental and Theoretical Artificial Intelligence,Article,"[""S02""]","[""privacy""]","[{""database"": ""Scopus"", ""query_id"": ""S02"", ""raw_source"": ""search-expansion-S02-20261001.csv"", ""raw_row"": 239, ""native_id"": ""2-s2.0-85149448080"", ""observed_rank"": """"}]",awaiting_title_abstract_screening,,,2026-10-01,2026-09-30,,,
R637a3f0887e12337,10.1109/jiot.2024.3510872,Attribute-Based Heterogeneous Data Privacy Sharing in Blockchain-Assisted Industrial IoT,https://www.scopus.com/pages/publications/105002579582?origin=resultslist,2025,Tian T.; Shen Y.; Gao H.; Ma Z.; Guo Z.; Duan P.,IEEE Internet of Things Journal,Article,"[""S02""]","[""privacy""]","[{""database"": ""Scopus"", ""query_id"": ""S02"", ""raw_source"": ""search-expansion-S02-20261001.csv"", ""raw_row"": 240, ""native_id"": ""2-s2.0-105002579582"", ""observed_rank"": """"}]",awaiting_title_abstract_screening,,,2026-10-01,2026-09-30,,,
R84aec0a47a59bbf5,10.1109/netcrypt65877.2025.11102722,"Integrating Deep Learning with Blockchain Technology to Strengthen Decentralized AI Application's Data Privacy, Security, and Transparency",https://www.scopus.com/pages/publications/105015417403?origin=resultslist,2025,Gajula M.K.; Perumalla S.; Deepika D.S.; Dinesh M.; Giri J.; Sabri M.O.,"2025 International Conference on Networks and Cryptology, NETCRYPT 2025",Conference paper,"[""S02""]","[""privacy""]","[{""database"": ""Scopus"", ""query_id"": ""S02"", ""raw_source"": ""search-expansion-S02-20261001.csv"", ""raw_row"": 241, ""native_id"": ""2-s2.0-105015417403"", ""observed_rank"": """"}]",awaiting_title_abstract_screening,,,2026-10-01,2026-09-30,,,
Rb960fb6161a13906,10.1109/iccasit62299.2024.10827926,Research on API Data Transmission Integrity and Privacy Protection System Based on Blockchain Technology,https://www.scopus.com/pages/publications/85217377261?origin=resultslist,2024,Jiao H.; Zhang C.; Huang C.; Zhou Y.; Li Z.; Guo F.,"Proceedings of 2024 IEEE 6th International Conference on Civil Aviation Safety and Information Technology, ICCASIT 2024",Conference paper,"[""S02""]","[""privacy""]","[{""database"": ""Scopus"", ""query_id"": ""S02"", ""raw_source"": ""search-expansion-S02-20261001.csv"", ""raw_row"": 242, ""native_id"": ""2-s2.0-85217377261"", ""observed_rank"": """"}]",awaiting_title_abstract_screening,,,2026-10-01,2026-09-30,,,
Rca16842380eb2196,10.1109/icca66035.2025.11431025,Blockchain based Privacy Solutions Brokered with AI for Data Compliance,https://www.scopus.com/pages/publications/105036965298?origin=resultslist,2025,Chockalingam N.; Purushothaman R.; Shanbhag J.; Elengovan A.K.; Saksena N.; Agarwal A.K.; Bidkar D.M.; Jayabalan D.,"International Conference on Computer and Applications, ICCA 2025 - Proceedings",Conference paper,"[""S02""]","[""privacy""]","[{""database"": ""Scopus"", ""query_id"": ""S02"", ""raw_source"": ""search-expansion-S02-20261001.csv"", ""raw_row"": 243, ""native_id"": ""2-s2.0-105036965298"", ""observed_rank"": """"}]",awaiting_title_abstract_screening,,,2026-10-01,2026-09-30,,,
R27b8bc5ae5441aef,10.52305/auft8731,"Blockchain technology for healthcare applications: Challenges, privacy, and securing of data",https://www.scopus.com/pages/publications/85216673637?origin=resultslist,2024,Obaid A.J.; Shukla V.K.; Dutta S.; Bhattacharya A.; Chakraborti S.,"Blockchain Technology for Healthcare Applications: Challenges, Privacy, and Securing of Data",Book,"[""S02""]","[""privacy""]","[{""database"": ""Scopus"", ""query_id"": ""S02"", ""raw_source"": ""search-expansion-S02-20261001.csv"", ""raw_row"": 244, ""native_id"": ""2-s2.0-85216673637"", ""observed_rank"": """"}]",awaiting_title_abstract_screening,,,2026-10-01,2026-09-30,,,
R66182a1fc47783fe,10.1109/tnse.2025.3584946,UNITE+: Privacy-Aware Data Quality Assessment With Public Verifiability via Federated Learning in Blockchain-Empowered Crowdsourcing,https://www.scopus.com/pages/publications/105010255635?origin=resultslist,2026,He L.; Wu H.; Li L.; Yang J.; Wu L.,IEEE Transactions on Network Science and Engineering,Article,"[""S02""]","[""privacy""]","[{""database"": ""Scopus"", ""query_id"": ""S02"", ""raw_source"": ""search-expansion-S02-20261001.csv"", ""raw_row"": 245, ""native_id"": ""2-s2.0-105010255635"", ""observed_rank"": """"}]",awaiting_title_abstract_screening,,,2026-10-01,2026-09-30,,,
Rc12cc0b8d6e9330b,10.1007/s10586-023-04011-z,Secure transfer of robust healthcare data using blockchain-based privacy,https://www.scopus.com/pages/publications/85158998638?origin=resultslist,2024,Kumar M.S.; Nagalakshmi V.,Cluster Computing,Article,"[""S02""]","[""privacy""]","[{""database"": ""Scopus"", ""query_id"": ""S02"", ""raw_source"": ""search-expansion-S02-20261001.csv"", ""raw_row"": 246, ""native_id"": ""2-s2.0-85158998638"", ""observed_rank"": """"}]",awaiting_title_abstract_screening,,,2026-10-01,2026-09-30,,,
Rb89dfc6f0007c795,10.1177/1088467x251339365,Decentralized anomaly detection and data privacy preservation for IoT networks using blockchain and homomorphic encryption,https://www.scopus.com/pages/publications/105036689523?origin=resultslist,2026,Kadiyala B.; Vasamsetty C.; Boyapati S.; Alavilli S.K.; Nippatla R.P.; Kaur H.,Intelligent Data Analysis,Article,"[""S02""]","[""privacy""]","[{""database"": ""Scopus"", ""query_id"": ""S02"", ""raw_source"": ""search-expansion-S02-20261001.csv"", ""raw_row"": 247, ""native_id"": ""2-s2.0-105036689523"", ""observed_rank"": """"}]",awaiting_title_abstract_screening,,,2026-10-01,2026-09-30,,,
R949fa6d96b8524d7,10.1109/icpcsn65854.2025.11035334,Enhancing Health Insured Privacy Data Protection with Hybrid Blockchain,https://www.scopus.com/pages/publications/105010190079?origin=resultslist,2025,Inayatulloh; Pelawi D.; Fathurrozi A.; Yasri; Srisulistiowati D.B.; Pamungkas R.W.P.,"Proceedings of 5th International Conference on Pervasive Computing and Social Networking, ICPCSN 2025",Conference paper,"[""S02""]","[""privacy""]","[{""database"": ""Scopus"", ""query_id"": ""S02"", ""raw_source"": ""search-expansion-S02-20261001.csv"", ""raw_row"": 248, ""native_id"": ""2-s2.0-105010190079"", ""observed_rank"": """"}]",awaiting_title_abstract_screening,,,2026-10-01,2026-09-30,,,
R84cd59a4877551fc,10.1201/9781032698519-3,"Blockchain for transparent, privacy protected and secure health data management",https://www.scopus.com/pages/publications/85203220033?origin=resultslist,2024,Rana R.; Bhambri P.,Smart Healthcare Systems: AI and IoT Perspectives,Book chapter,"[""S02""]","[""privacy""]","[{""database"": ""Scopus"", ""query_id"": ""S02"", ""raw_source"": ""search-expansion-S02-20261001.csv"", ""raw_row"": 249, ""native_id"": ""2-s2.0-85203220033"", ""observed_rank"": """"}]",awaiting_title_abstract_screening,,,2026-10-01,2026-09-30,,,
R876d0eba371e9db1,10.1109/iicc69623.2026.11582737,A Blockchain-Enabled Federated Learning Framework for Privacy-Preserving Healthcare Data Management,https://www.scopus.com/pages/publications/105045233106?origin=resultslist,2026,Halip M.H.M.; Rahayu S.B.; Kamarudin N.D.; Venkatesan K.,"International Conference for Innovations in Intelligent Computing and Cybersecurity, IICC 2026 - Part of 2026 16th ICEENG International Congress on Electrical Engineering",Conference paper,"[""S02""]","[""privacy""]","[{""database"": ""Scopus"", ""query_id"": ""S02"", ""raw_source"": ""search-expansion-S02-20261001.csv"", ""raw_row"": 250, ""native_id"": ""2-s2.0-105045233106"", ""observed_rank"": """"}]",awaiting_title_abstract_screening,,,2026-10-01,2026-09-30,,,
Ra0aa2e194b5145e3,10.1109/bcca66705.2025.11229822,"PPDS: A Practical and Privacy-Preserving Data Sharing Model for Blockchain-Based IoT e-Health Systems Using ECC, Zero-Knowledge Proof, and Access Control",https://www.scopus.com/pages/publications/105026925456?origin=resultslist,2025,Wu Y.; Kawai K.; Matsubara Y.,"2025 7th International Conference on Blockchain Computing and Applications, BCCA 2025",Conference paper,"[""S02""]","[""privacy""]","[{""database"": ""Scopus"", ""query_id"": ""S02"", ""raw_source"": ""search-expansion-S02-20261001.csv"", ""raw_row"": 251, ""native_id"": ""2-s2.0-105026925456"", ""observed_rank"": """"}]",awaiting_title_abstract_screening,,,2026-10-01,2026-09-30,,,
R0533beb17b221ec6,10.1109/icccnt61001.2024.10724371,Privacy Pinnacle: Improvising Healthcare Data Security Through Federated Learning and Blockchain Framework,https://www.scopus.com/pages/publications/85211094937?origin=resultslist,2024,Amreen G.; Kanavalli A.,"2024 15th International Conference on Computing Communication and Networking Technologies, ICCCNT 2024",Conference paper,"[""S02""]","[""privacy""]","[{""database"": ""Scopus"", ""query_id"": ""S02"", ""raw_source"": ""search-expansion-S02-20261001.csv"", ""raw_row"": 252, ""native_id"": ""2-s2.0-85211094937"", ""observed_rank"": """"}]",awaiting_title_abstract_screening,,,2026-10-01,2026-09-30,,,
R2a996eeab3ca4df7,10.1109/jiot.2026.3701695,IB-BPSE: A Blockchain-Assisted Privacy-Preserving Data Sharing Scheme Using Searchable Encryption,https://www.scopus.com/pages/publications/105041983813?origin=resultslist,2026,Yang B.; Liu X.; Wu X.; Liu P.; Zhang N.; He Y.; Li F.,IEEE Internet of Things Journal,Article,"[""S02""]","[""privacy""]","[{""database"": ""Scopus"", ""query_id"": ""S02"", ""raw_source"": ""search-expansion-S02-20261001.csv"", ""raw_row"": 253, ""native_id"": ""2-s2.0-105041983813"", ""observed_rank"": """"}]",awaiting_title_abstract_screening,,,2026-10-01,2026-09-30,,,
R6dc9b36bef65d55e,10.3390/electronics15040864,Blockchain-Enabled Governance for Health IoT Data Access via Interpretable Multi-Objective Optimization and Bargaining Under Privacy–Latency–Robustness Trade-Offs,https://www.scopus.com/pages/publications/105031365629?origin=resultslist,2026,Keivanian F.; Hu Y.; Shojae Chaeikar S.,Electronics (Switzerland),Article,"[""S02""]","[""privacy""]","[{""database"": ""Scopus"", ""query_id"": ""S02"", ""raw_source"": ""search-expansion-S02-20261001.csv"", ""raw_row"": 254, ""native_id"": ""2-s2.0-105031365629"", ""observed_rank"": """"}]",awaiting_title_abstract_screening,,,2026-10-01,2026-09-30,,,
Ra15de0a13a7e8b10,10.1109/tcss.2025.3592262,Blockchain-Based Privacy-Preserving Alternative Credit Data Sharing,https://www.scopus.com/pages/publications/105014545625?origin=resultslist,2026,Bao Y.; Sun J.; Cheng X.; Qiu W.; Nie L.,IEEE Transactions on Computational Social Systems,Article,"[""S02""]","[""privacy""]","[{""database"": ""Scopus"", ""query_id"": ""S02"", ""raw_source"": ""search-expansion-S02-20261001.csv"", ""raw_row"": 255, ""native_id"": ""2-s2.0-105014545625"", ""observed_rank"": """"}]",awaiting_title_abstract_screening,,,2026-10-01,2026-09-30,,,
R42be099c896e2521,10.1007/978-981-97-5501-1_10,Research on Blockchain-Based Trustworthy Data Sharing and Privacy Data Protection Mechanism,https://www.scopus.com/pages/publications/85206217055?origin=resultslist,2024,Yang Y.; Xue W.; Wang H.; Zhang L.; Gu X.; Sun M.,Lecture Notes in Computer Science (including subseries Lecture Notes in Artificial Intelligence and Lecture Notes in Bioinformatics),Conference paper,"[""S02""]","[""privacy""]","[{""database"": ""Scopus"", ""query_id"": ""S02"", ""raw_source"": ""search-expansion-S02-20261001.csv"", ""raw_row"": 256, ""native_id"": ""2-s2.0-85206217055"", ""observed_rank"": """"}]",awaiting_title_abstract_screening,,,2026-10-01,2026-09-30,,,
R5bf8ae299da0a2e5,10.1145/3805044,A Zero-Knowledge Proof-Driven Architecture for Privacy-Preserving Data Trading on Blockchain,https://www.scopus.com/pages/publications/105047767662?origin=resultslist,2026,Song Z.; Long L.; Song J.; Jiang R.,ACM Transactions on Internet Technology,Article,"[""S02"", ""S03""]","[""privacy""]","[{""database"": ""Scopus"", ""query_id"": ""S02"", ""raw_source"": ""search-expansion-S02-20261001.csv"", ""raw_row"": 257, ""native_id"": ""2-s2.0-105047767662"", ""observed_rank"": """"}, {""database"": ""ACM Full-Text Collection"", ""query_id"": ""S03"", ""raw_source"": ""search-expansion-ACM-20261001.csv"", ""raw_row"": 3, ""native_id"": """", ""observed_rank"": ""3""}]",awaiting_title_abstract_screening,,,2026-10-01,2026-09-30,,,
R3163820c71e1c023,10.14569/ijacsa.2025.0161093,Privacy-Preserving Education Data Sharing Scheme Based on Consortium Blockchain,https://www.scopus.com/pages/publications/105026593295?origin=resultslist,2025,Guo J.; Wang Z.; Liu N.,International Journal of Advanced Computer Science and Applications,Article,"[""S02""]","[""privacy""]","[{""database"": ""Scopus"", ""query_id"": ""S02"", ""raw_source"": ""search-expansion-S02-20261001.csv"", ""raw_row"": 258, ""native_id"": ""2-s2.0-105026593295"", ""observed_rank"": """"}]",awaiting_title_abstract_screening,,,2026-10-01,2026-09-30,,,
R6b697a7dcac2e51e,10.1142/s0218194025501104,RecGuard: A Blockchain-based Privacy Preservation System for Safeguarding Personal Data of Online Social Network Users with Enhanced Efficiency and Security,https://www.scopus.com/pages/publications/105032411027?origin=resultslist,2026,Priyadharshini V.M.; Annapoorani G.; Kavitha R.; Maheswari K.U.,International Journal of Software Engineering and Knowledge Engineering,Article,"[""S02""]","[""privacy""]","[{""database"": ""Scopus"", ""query_id"": ""S02"", ""raw_source"": ""search-expansion-S02-20261001.csv"", ""raw_row"": 259, ""native_id"": ""2-s2.0-105032411027"", ""observed_rank"": """"}]",awaiting_title_abstract_screening,,,2026-10-01,2026-09-30,,,
Ra0e5bacad922ab08,10.1016/j.heliyon.2023.e23575,Dual blockchain-based data sharing mechanism with privacy protection for medical internet of things,https://www.scopus.com/pages/publications/85180516094?origin=resultslist,2024,Liu L.; Liu R.; Lv Z.; Huang D.; Liu X.,Heliyon,Article,"[""S02""]","[""privacy""]","[{""database"": ""Scopus"", ""query_id"": ""S02"", ""raw_source"": ""search-expansion-S02-20261001.csv"", ""raw_row"": 260, ""native_id"": ""2-s2.0-85180516094"", ""observed_rank"": """"}]",awaiting_title_abstract_screening,,,2026-10-01,2026-09-30,,,
R115ad4ba090204fe,10.1109/isctis70043.2026.11572215,Blockchain-Based Privacy-Preserving Data Trading Model,https://www.scopus.com/pages/publications/105044592571?origin=resultslist,2026,Hu M.,"2026 6th International Symposium on Computer Technology and Information Science, ISCTIS 2026",Conference paper,"[""S02""]","[""privacy""]","[{""database"": ""Scopus"", ""query_id"": ""S02"", ""raw_source"": ""search-expansion-S02-20261001.csv"", ""raw_row"": 261, ""native_id"": ""2-s2.0-105044592571"", ""observed_rank"": """"}]",awaiting_title_abstract_screening,,,2026-10-01,2026-09-30,,,
R539b2ba6295bc8c2,10.1007/978-981-96-5693-6_36,A Privacy-Preserving Protocol for Secure Marine Data Sharing: Integrating Zero-Knowledge Proofs and Secure Multiparty Computation in Blockchain,https://www.scopus.com/pages/publications/105006841221?origin=resultslist,2025,Kumar A.; Park J.H.,Lecture Notes in Electrical Engineering,Conference paper,"[""S02""]","[""privacy""]","[{""database"": ""Scopus"", ""query_id"": ""S02"", ""raw_source"": ""search-expansion-S02-20261001.csv"", ""raw_row"": 262, ""native_id"": ""2-s2.0-105006841221"", ""observed_rank"": """"}]",awaiting_title_abstract_screening,,,2026-10-01,2026-09-30,,,
R9e2a2a14fac9fb7d,10.1016/j.compeleceng.2026.110933,Blockchain-based user-centric privacy-preserving framework for vehicular data sharing and monetization,https://www.scopus.com/pages/publications/105028936587?origin=resultslist,2026,Hossein K.M.; Rezaei N.; Khonsari A.; Dolati M.; Dargahi T.; Babaie M.,Computers and Electrical Engineering,Article,"[""S02""]","[""privacy""]","[{""database"": ""Scopus"", ""query_id"": ""S02"", ""raw_source"": ""search-expansion-S02-20261001.csv"", ""raw_row"": 263, ""native_id"": ""2-s2.0-105028936587"", ""observed_rank"": """"}]",awaiting_title_abstract_screening,,,2026-10-01,2026-09-30,,,
R54e1a1813517fcfd,10.1109/cieec69682.2026.11572083,A Blockchain-Based Security and Privacy Preservation Framework for Smart Metering Data,https://www.scopus.com/pages/publications/105044579010?origin=resultslist,2026,Liu X.; Wang P.; Liang Y.; Lin Q.; Zeng Z.,"Proceedings of 2026 IEEE 9th International Electrical and Energy Conference, CIEEC 2026",Conference paper,"[""S02""]","[""privacy""]","[{""database"": ""Scopus"", ""query_id"": ""S02"", ""raw_source"": ""search-expansion-S02-20261001.csv"", ""raw_row"": 264, ""native_id"": ""2-s2.0-105044579010"", ""observed_rank"": """"}]",awaiting_title_abstract_screening,,,2026-10-01,2026-09-30,,,
R5daafd6fcde8dc54,10.1016/j.heliyon.2025.e44258,"Retraction notice to ""Enhancing data security and privacy in energy applications: Integrating IoT and blockchain technologies""(Heliyon, (2024), 10, 19, (e38917), (S2405844024149481), 10.1016/j.heliyon.2024.e38917)",https://www.scopus.com/pages/publications/105024200929?origin=resultslist,2025,Rai H.M.; Shukla K.K.; Tightiz L.; Padmanaban S.,Heliyon,Erratum,"[""S02""]","[""privacy""]","[{""database"": ""Scopus"", ""query_id"": ""S02"", ""raw_source"": ""search-expansion-S02-20261001.csv"", ""raw_row"": 265, ""native_id"": ""2-s2.0-105024200929"", ""observed_rank"": """"}]",awaiting_title_abstract_screening,,,2026-10-01,2026-09-30,,,
R0dc64fbcf9e8db7a,10.1016/j.knosys.2026.115352,Data privacy preserved student career prediction with deep learning and blockchain based mechanism,https://www.scopus.com/pages/publications/105028355753?origin=resultslist,2026,Aggarwal M.; Vyas V.,Knowledge-Based Systems,Article,"[""S02""]","[""privacy""]","[{""database"": ""Scopus"", ""query_id"": ""S02"", ""raw_source"": ""search-expansion-S02-20261001.csv"", ""raw_row"": 266, ""native_id"": ""2-s2.0-105028355753"", ""observed_rank"": """"}]",awaiting_title_abstract_screening,,,2026-10-01,2026-09-30,,,
R9d89073a3f8b75e1,10.1016/b978-0-443-34174-8.00004-1,Preserving privacy in healthcare: leveraging digital twins and blockchain for data-less and identity-less information sharing,https://www.scopus.com/pages/publications/105007685117?origin=resultslist,2025,Wickramasinghe N.; Ulapane N.,"Digital Twin, Blockchain, and Sensor Networks in the Healthy and Mobile City",Book chapter,"[""S02""]","[""privacy""]","[{""database"": ""Scopus"", ""query_id"": ""S02"", ""raw_source"": ""search-expansion-S02-20261001.csv"", ""raw_row"": 267, ""native_id"": ""2-s2.0-105007685117"", ""observed_rank"": """"}]",awaiting_title_abstract_screening,,,2026-10-01,2026-09-30,,,
Rc24d481fcbcc40ef,10.4018/ijec.349211,Research on ZKP Algorithm of Data Asset Security and Privacy Protection Based on Blockchain Technology,https://www.scopus.com/pages/publications/85200133016?origin=resultslist,2024,Lan F.; Yang J.; Feng H.; Xu W.; Qiu W.; Zhao Z.; Chen Y.,International Journal of e-Collaboration,Article,"[""S02""]","[""privacy""]","[{""database"": ""Scopus"", ""query_id"": ""S02"", ""raw_source"": ""search-expansion-S02-20261001.csv"", ""raw_row"": 268, ""native_id"": ""2-s2.0-85200133016"", ""observed_rank"": """"}]",awaiting_title_abstract_screening,,,2026-10-01,2026-09-30,,,
R6e16ffc77490a38f,10.1109/wccct65447.2025.11027922,A Privacy-Preserving Data Query Framework for Blockchain-based Information Systems: Integrating CP-ABE and PIR,https://www.scopus.com/pages/publications/105009030346?origin=resultslist,2025,Guo Z.; Li M.; Zhang P.; Li Y.,"8th World Conference on Computing and Communication Technologies, WCCCT 2025",Conference paper,"[""S02""]","[""privacy""]","[{""database"": ""Scopus"", ""query_id"": ""S02"", ""raw_source"": ""search-expansion-S02-20261001.csv"", ""raw_row"": 269, ""native_id"": ""2-s2.0-105009030346"", ""observed_rank"": """"}]",awaiting_title_abstract_screening,,,2026-10-01,2026-09-30,,,
Rf35ce7f94b91e516,10.1109/conit69683.2026.11620752,A Trust-Driven Privacy-Preserving IoT-Blockchain-Cloud Framework for Secure Brain Tumour Healthcare Data,https://www.scopus.com/pages/publications/105047340287?origin=resultslist,2026,Bharath M.B.; Priya S.; Vishwas D.B.; Preeti; Naik M.M.; Amrutha Varshini M.,"2026 6th International Conference on Intelligent Technologies, CONIT 2026",Conference paper,"[""S02""]","[""privacy""]","[{""database"": ""Scopus"", ""query_id"": ""S02"", ""raw_source"": ""search-expansion-S02-20261001.csv"", ""raw_row"": 270, ""native_id"": ""2-s2.0-105047340287"", ""observed_rank"": """"}]",awaiting_title_abstract_screening,,,2026-10-01,2026-09-30,,,
Reeebe5fdeab1ee7d,10.1007/s11227-023-05736-9,A blockchain-based privacy-preserving anti-collusion data auction mechanism with an off-chain approach,https://www.scopus.com/pages/publications/85176086707?origin=resultslist,2024,Emami A.; Keshavarz Kalhori G.; Mirzakhani S.; Akhaee M.A.,Journal of Supercomputing,Article,"[""S02""]","[""privacy""]","[{""database"": ""Scopus"", ""query_id"": ""S02"", ""raw_source"": ""search-expansion-S02-20261001.csv"", ""raw_row"": 271, ""native_id"": ""2-s2.0-85176086707"", ""observed_rank"": """"}]",awaiting_title_abstract_screening,,,2026-10-01,2026-09-30,,,
R2d847e33f3a3f81d,10.3389/fdgth.2026.1807540,SENTINEL-Chain: a blockchain-integrated privacy-preserving framework for secure healthcare data publishing,https://www.scopus.com/pages/publications/105044519288?origin=resultslist,2026,Segar N.; Vijayan V.,Frontiers in Digital Health,Article,"[""S02""]","[""privacy""]","[{""database"": ""Scopus"", ""query_id"": ""S02"", ""raw_source"": ""search-expansion-S02-20261001.csv"", ""raw_row"": 272, ""native_id"": ""2-s2.0-105044519288"", ""observed_rank"": """"}]",awaiting_title_abstract_screening,,,2026-10-01,2026-09-30,,,
R46fa1f18e2c51870,10.23919/indiacom70271.2026.11526269,Leveraging Blockchain Technology and Federated Learning for Healthcare Data Security and Privacy Preservation,https://www.scopus.com/pages/publications/105041820628?origin=resultslist,2026,Tanchak K.; Shah K.; Doshi N.,"Proceedings of the 2026 13th International Conference on Computing for Sustainable Global Development, INDIACom 2026",Conference paper,"[""S02""]","[""privacy""]","[{""database"": ""Scopus"", ""query_id"": ""S02"", ""raw_source"": ""search-expansion-S02-20261001.csv"", ""raw_row"": 273, ""native_id"": ""2-s2.0-105041820628"", ""observed_rank"": """"}]",awaiting_title_abstract_screening,,,2026-10-01,2026-09-30,,,
Rc3346f62d6213b1b,10.1109/iceect61758.2024.10739131,Enhancing Data Privacy and Accountability in Smart Grids with Blockchain Technology,https://www.scopus.com/pages/publications/105003864508?origin=resultslist,2024,Indiravathi G.; Kumar M.P.; Usha A.; Kumar R.; Lohith T.; Shahid S.,"2024 International Conference on Electrical, Electronics and Computing Technologies, ICEECT 2024",Conference paper,"[""S02""]","[""privacy""]","[{""database"": ""Scopus"", ""query_id"": ""S02"", ""raw_source"": ""search-expansion-S02-20261001.csv"", ""raw_row"": 274, ""native_id"": ""2-s2.0-105003864508"", ""observed_rank"": """"}]",awaiting_title_abstract_screening,,,2026-10-01,2026-09-30,,,
R226bb9ac336ffd5b,10.2478/ijssis-2026-0043,A Survey on Secure Blockchain-Based Federated Learning for Privacy-Preserving Data Sharing and Protection Against Unauthorized Access,https://www.scopus.com/pages/publications/105045310318?origin=resultslist,2026,Kamble A.S.; Sarda E.,International Journal on Smart Sensing and Intelligent Systems,Article,"[""S02""]","[""privacy""]","[{""database"": ""Scopus"", ""query_id"": ""S02"", ""raw_source"": ""search-expansion-S02-20261001.csv"", ""raw_row"": 275, ""native_id"": ""2-s2.0-105045310318"", ""observed_rank"": """"}]",awaiting_title_abstract_screening,,,2026-10-01,2026-09-30,,,
Rb7ed847635b3de38,10.1109/icbats66542.2025.11258495,"Research on Blockchain Data Auditing Methods in Financial Auditing: Audit Process Optimization Based on Smart Contracts, Consensus Mechanism and Privacy Protection Technology",https://www.scopus.com/pages/publications/105030542677?origin=resultslist,2025,Zheng Z.,"3rd International Conference on Business Analytics for Technology and Security, ICBATS 2025",Conference paper,"[""S02""]","[""privacy""]","[{""database"": ""Scopus"", ""query_id"": ""S02"", ""raw_source"": ""search-expansion-S02-20261001.csv"", ""raw_row"": 276, ""native_id"": ""2-s2.0-105030542677"", ""observed_rank"": """"}]",awaiting_title_abstract_screening,,,2026-10-01,2026-09-30,,,
Rec8b90a292597b70,10.1109/isacc65211.2025.10969312,Data Privacy and Security in Healthcare Systems Using Blockchain: A Review,https://www.scopus.com/pages/publications/105005198976?origin=resultslist,2025,Barman B.; Sarmah S.,"Proceedings of 2025 3rd International Conference on Intelligent Systems, Advanced Computing, and Communication, ISACC 2025",Conference paper,"[""S02""]","[""privacy""]","[{""database"": ""Scopus"", ""query_id"": ""S02"", ""raw_source"": ""search-expansion-S02-20261001.csv"", ""raw_row"": 277, ""native_id"": ""2-s2.0-105005198976"", ""observed_rank"": """"}]",awaiting_title_abstract_screening,,,2026-10-01,2026-09-30,,,
R7e332b8c9c83b130,10.1117/12.3061719,Research on data security and privacy protection in machine learning scenarios leveraging blockchain technology,https://www.scopus.com/pages/publications/105005139655?origin=resultslist,2025,Lei H.,Proceedings of SPIE - The International Society for Optical Engineering,Conference paper,"[""S02""]","[""privacy""]","[{""database"": ""Scopus"", ""query_id"": ""S02"", ""raw_source"": ""search-expansion-S02-20261001.csv"", ""raw_row"": 278, ""native_id"": ""2-s2.0-105005139655"", ""observed_rank"": """"}]",awaiting_title_abstract_screening,,,2026-10-01,2026-09-30,,,
R990e97e626fe406e,10.1016/j.comcom.2025.108054,COIChain: Blockchain scheme for privacy data authentication in cross-organizational identification,https://www.scopus.com/pages/publications/85215408886?origin=resultslist,2025,Yang Z.; Qu X.; Chen Z.; Sun G.,Computer Communications,Article,"[""S02""]","[""privacy""]","[{""database"": ""Scopus"", ""query_id"": ""S02"", ""raw_source"": ""search-expansion-S02-20261001.csv"", ""raw_row"": 279, ""native_id"": ""2-s2.0-85215408886"", ""observed_rank"": """"}]",awaiting_title_abstract_screening,,,2026-10-01,2026-09-30,,,
Rc381596efb43b9af,10.1109/icbats66542.2025.11258568,Designing Blockchain Solutions to Enhance Data Security and Privacy in Distributed IoT Networks,https://www.scopus.com/pages/publications/105030542551?origin=resultslist,2025,Salman A.M.; Ibrahim A.; Abdulbaqi A.S.; Almajed R.; Al Naffakh H.A.H.,"3rd International Conference on Business Analytics for Technology and Security, ICBATS 2025",Conference paper,"[""S02""]","[""privacy""]","[{""database"": ""Scopus"", ""query_id"": ""S02"", ""raw_source"": ""search-expansion-S02-20261001.csv"", ""raw_row"": 280, ""native_id"": ""2-s2.0-105030542551"", ""observed_rank"": """"}]",awaiting_title_abstract_screening,,,2026-10-01,2026-09-30,,,
R646bfbc21ee48de9,10.32604/iasc.2025.060143,A Blockchain-Based Access Management System for Enhanced Patient Privacy and Secure Telehealth and Telemedicine Data,https://www.scopus.com/pages/publications/105012464129?origin=resultslist,2025,Ghani A.; Zinedine A.; El Mohajir M.,Intelligent Automation and Soft Computing,Article,"[""S02""]","[""privacy""]","[{""database"": ""Scopus"", ""query_id"": ""S02"", ""raw_source"": ""search-expansion-S02-20261001.csv"", ""raw_row"": 281, ""native_id"": ""2-s2.0-105012464129"", ""observed_rank"": """"}]",awaiting_title_abstract_screening,,,2026-10-01,2026-09-30,,,
R6df126099963d4aa,10.1109/icsscna68616.2026.11546732,Robust Privacy-Preserving Data Analytics in Cloud Environments Using Blockchain-Based Trust Management,https://www.scopus.com/pages/publications/105042677986?origin=resultslist,2026,Thanu Priya N.; Kumari V.S.; Aswathy R.H.,"International Conference on Signal, Systems, and Computing for Next-Gen Automation, ICSSCNA 2026 - Proceedings",Conference paper,"[""S02""]","[""privacy""]","[{""database"": ""Scopus"", ""query_id"": ""S02"", ""raw_source"": ""search-expansion-S02-20261001.csv"", ""raw_row"": 282, ""native_id"": ""2-s2.0-105042677986"", ""observed_rank"": """"}]",awaiting_title_abstract_screening,,,2026-10-01,2026-09-30,,,
Rcb2c36aaa4156ed8,10.1109/cscwd61410.2024.10580695,Blockchain-based Medical Image Data Trading Platform with Copyright and Privacy Protection,https://www.scopus.com/pages/publications/85199034419?origin=resultslist,2024,Wang B.; Huang W.; Li B.; Yuan Y.; Yang F.; Hu Z.,"Proceedings of the 2024 27th International Conference on Computer Supported Cooperative Work in Design, CSCWD 2024",Conference paper,"[""S02""]","[""privacy""]","[{""database"": ""Scopus"", ""query_id"": ""S02"", ""raw_source"": ""search-expansion-S02-20261001.csv"", ""raw_row"": 283, ""native_id"": ""2-s2.0-85199034419"", ""observed_rank"": """"}]",awaiting_title_abstract_screening,,,2026-10-01,2026-09-30,,,
R938ed2c438aac4f1,10.1109/rmkmate64874.2025.11042708,Blockchain-Based HSFO Framework for Privacy Preservation of Health Care Data Using Hybrid Algorithms,https://www.scopus.com/pages/publications/105010464032?origin=resultslist,2025,Lakshmanan M.; Sriramkumar R.; Justindhas Y.; Hari Kumar P.; Mithaguru; Ilamurugan G.,"2nd International Conference on Research Methodologies in Knowledge Management, Artificial Intelligence and Telecommunication Engineering, RMKMATE 2025",Conference paper,"[""S02""]","[""privacy""]","[{""database"": ""Scopus"", ""query_id"": ""S02"", ""raw_source"": ""search-expansion-S02-20261001.csv"", ""raw_row"": 284, ""native_id"": ""2-s2.0-105010464032"", ""observed_rank"": """"}]",awaiting_title_abstract_screening,,,2026-10-01,2026-09-30,,,
Rd08d57cc2602552c,10.4018/979-8-3373-4412-6.ch006,Blockchain-Empowered Data Security and Privacy-Preserving Framework for Wearable Medical Devices,https://www.scopus.com/pages/publications/105033865461?origin=resultslist,2025,Sasikumar A.; Selvakumari P.; Rajasekar P.; Wilson Prakash S.; Settu I.J.,Wearable Medical Device Security and Network Protection for Reliable Healthcare,Book chapter,"[""S02""]","[""privacy""]","[{""database"": ""Scopus"", ""query_id"": ""S02"", ""raw_source"": ""search-expansion-S02-20261001.csv"", ""raw_row"": 285, ""native_id"": ""2-s2.0-105033865461"", ""observed_rank"": """"}]",awaiting_title_abstract_screening,,,2026-10-01,2026-09-30,,,
R0227a7783d11d9d5,10.1007/978-981-97-1274-8_25,Blockchain-Based Privacy-Preservation Platform for Data Storage and Query Processing,https://www.scopus.com/pages/publications/85189643330?origin=resultslist,2024,Mireku Kwakye M.; Barker K.,Communications in Computer and Information Science,Conference paper,"[""S02""]","[""privacy""]","[{""database"": ""Scopus"", ""query_id"": ""S02"", ""raw_source"": ""search-expansion-S02-20261001.csv"", ""raw_row"": 286, ""native_id"": ""2-s2.0-85189643330"", ""observed_rank"": """"}]",awaiting_title_abstract_screening,,,2026-10-01,2026-09-30,,,
R80bd8205bb1f5c1c,10.4015/s1016237225500589,BLOCKCHAIN-ASSISTED PRIVACY PRESERVATION MODEL FOR ELECTRONIC HEALTHCARE DATA WITH OPTIMAL KEY GENERATION,https://www.scopus.com/pages/publications/105023902337?origin=resultslist,2026,Mhaske V.D.; Ashok Kumar P.M.,"Biomedical Engineering - Applications, Basis and Communications",Article,"[""S02""]","[""privacy""]","[{""database"": ""Scopus"", ""query_id"": ""S02"", ""raw_source"": ""search-expansion-S02-20261001.csv"", ""raw_row"": 287, ""native_id"": ""2-s2.0-105023902337"", ""observed_rank"": """"}]",awaiting_title_abstract_screening,,,2026-10-01,2026-09-30,,,
R5af90900ba22125c,10.1016/j.comnet.2025.111674,Blockchain-cloud-based secure data sharing scheme with privacy preservation for Internet of vehicles,https://www.scopus.com/pages/publications/105015572442?origin=resultslist,2025,Li T.; Zuo K.; Hu P.; Lv L.; Ni T.; Shen Z.; Xie D.; Chen F.,Computer Networks,Article,"[""S02""]","[""privacy""]","[{""database"": ""Scopus"", ""query_id"": ""S02"", ""raw_source"": ""search-expansion-S02-20261001.csv"", ""raw_row"": 288, ""native_id"": ""2-s2.0-105015572442"", ""observed_rank"": """"}]",awaiting_title_abstract_screening,,,2026-10-01,2026-09-30,,,
R538a2d14e829285b,10.1109/icipca65645.2025.11138256,Research on Blockchain Data Sharing and Privacy Protection Scheme Based on Reputation Value Calculation,https://www.scopus.com/pages/publications/105016997254?origin=resultslist,2025,Yang C.; Zhang W.,"2025 IEEE 3rd International Conference on Image Processing and Computer Applications, ICIPCA 2025",Conference paper,"[""S02""]","[""privacy""]","[{""database"": ""Scopus"", ""query_id"": ""S02"", ""raw_source"": ""search-expansion-S02-20261001.csv"", ""raw_row"": 289, ""native_id"": ""2-s2.0-105016997254"", ""observed_rank"": """"}]",awaiting_title_abstract_screening,,,2026-10-01,2026-09-30,,,
Rcf89606a637b91a6,10.1007/s10586-024-05032-y,Fast-CFLB: a privacy-preserving data sharing system for Internet of Vehicles using ternary federated learning and blockchain,https://www.scopus.com/pages/publications/105013638186?origin=resultslist,2025,Li J.; Wu Q.,Cluster Computing,Article,"[""S02""]","[""privacy""]","[{""database"": ""Scopus"", ""query_id"": ""S02"", ""raw_source"": ""search-expansion-S02-20261001.csv"", ""raw_row"": 290, ""native_id"": ""2-s2.0-105013638186"", ""observed_rank"": """"}]",awaiting_title_abstract_screening,,,2026-10-01,2026-09-30,,,
Rf4155e633baf342d,10.1016/j.iot.2025.101579,Blockchain-based federated learning with homomorphic encryption for privacy-preserving healthcare data sharing,https://www.scopus.com/pages/publications/105001236873?origin=resultslist,2025,Firdaus M.; Larasati H.T.; Hyune-Rhee K.,Internet of Things (The Netherlands),Article,"[""S02""]","[""privacy""]","[{""database"": ""Scopus"", ""query_id"": ""S02"", ""raw_source"": ""search-expansion-S02-20261001.csv"", ""raw_row"": 291, ""native_id"": ""2-s2.0-105001236873"", ""observed_rank"": """"}]",awaiting_title_abstract_screening,,,2026-10-01,2026-09-30,,,
R872bce4a0b0f5f54,10.1016/j.heliyon.2024.e38917,Enhancing data security and privacy in energy applications: Integrating IoT and blockchain technologies,https://www.scopus.com/pages/publications/85205477174?origin=resultslist,2024,Rai H.M.; Shukla K.K.; Tightiz L.; Padmanaban S.,Heliyon,Retracted,"[""S02""]","[""privacy""]","[{""database"": ""Scopus"", ""query_id"": ""S02"", ""raw_source"": ""search-expansion-S02-20261001.csv"", ""raw_row"": 292, ""native_id"": ""2-s2.0-85205477174"", ""observed_rank"": """"}]",awaiting_title_abstract_screening,,,2026-10-01,2026-09-30,,,
R2a9a94939efe5329,10.1007/s12083-024-01795-8,BPPKS: A blockchain-based privacy preserving and keyword-searchable scheme for medical data sharing,https://www.scopus.com/pages/publications/85203560048?origin=resultslist,2024,Yang X.; Li L.,Peer-to-Peer Networking and Applications,Article,"[""S02""]","[""privacy""]","[{""database"": ""Scopus"", ""query_id"": ""S02"", ""raw_source"": ""search-expansion-S02-20261001.csv"", ""raw_row"": 293, ""native_id"": ""2-s2.0-85203560048"", ""observed_rank"": """"}]",awaiting_title_abstract_screening,,,2026-10-01,2026-09-30,,,
R2dc6f0e020bfe3b0,10.1145/3638769,Privacy and Integrity Protection for IoT Multimodal Data Using Machine Learning and Blockchain,https://www.scopus.com/pages/publications/85188548556?origin=resultslist,2024,Liu Q.; Huang Y.; Jin C.; Zhou X.; Mao Y.; Catal C.; Cheng L.,"ACM Transactions on Multimedia Computing, Communications and Applications",Article,"[""S02"", ""S03""]","[""privacy""]","[{""database"": ""Scopus"", ""query_id"": ""S02"", ""raw_source"": ""search-expansion-S02-20261001.csv"", ""raw_row"": 294, ""native_id"": ""2-s2.0-85188548556"", ""observed_rank"": """"}, {""database"": ""ACM Full-Text Collection"", ""query_id"": ""S03"", ""raw_source"": ""search-expansion-ACM-20261001.csv"", ""raw_row"": 12, ""native_id"": """", ""observed_rank"": ""12""}]",awaiting_title_abstract_screening,,,2026-10-01,2026-09-30,,,
R9b8e0f2c3ab93554,10.1109/jiot.2023.3307073,Galaxy: A Scalable BFT and Privacy-Preserving Pub/Sub IoT Data Sharing Framework Based on Blockchain,https://www.scopus.com/pages/publications/85168746002?origin=resultslist,2024,Zhang Y.; Wang X.; He X.; Zhang N.; Zheng Z.; Xu K.,IEEE Internet of Things Journal,Article,"[""S02""]","[""privacy""]","[{""database"": ""Scopus"", ""query_id"": ""S02"", ""raw_source"": ""search-expansion-S02-20261001.csv"", ""raw_row"": 295, ""native_id"": ""2-s2.0-85168746002"", ""observed_rank"": """"}]",duplicate_current_application,10.1109/jiot.2023.3307073,Matching nonempty DOI,2026-10-01,2026-09-30,,,
R476415ad0abdb6bc,10.4018/979-8-3693-8664-4.ch022,Securing patient data with blockchain: Enhancing privacy and integrity,https://www.scopus.com/pages/publications/105001315993?origin=resultslist,2025,Sowmya G.; Sridevi R.; Sadasiva Rao K.S.,Driving Socio-Economic Growth With AI and Blockchain,Book chapter,"[""S02""]","[""privacy""]","[{""database"": ""Scopus"", ""query_id"": ""S02"", ""raw_source"": ""search-expansion-S02-20261001.csv"", ""raw_row"": 296, ""native_id"": ""2-s2.0-105001315993"", ""observed_rank"": """"}]",awaiting_title_abstract_screening,,,2026-10-01,2026-09-30,,,
Ra3f455a6a44ce7a1,10.1109/gcat66372.2025.11368399,Hybrid Blockchain-Federated Learning Framework for Enhanced Data Privacy and Security in Cloud Environments,https://www.scopus.com/pages/publications/105034265748?origin=resultslist,2025,Chandra N.S.; Milovanova M.; Vasilyeva O.; Polineni T.N.S.; Nishant N.; Verma A.K.,"2025 IEEE 6th Global Conference for Advancement in Technology, GCAT 2025",Conference paper,"[""S02""]","[""privacy""]","[{""database"": ""Scopus"", ""query_id"": ""S02"", ""raw_source"": ""search-expansion-S02-20261001.csv"", ""raw_row"": 297, ""native_id"": ""2-s2.0-105034265748"", ""observed_rank"": """"}]",awaiting_title_abstract_screening,,,2026-10-01,2026-09-30,,,
Rde617681f7663816,10.11999/jeit230106,Privacy Crowdsourcing on Blockchain with Data Verification and Controllable Anonymity; [区块链隐私众包中的数据验证与可控匿名方案],https://www.scopus.com/pages/publications/85187497662?origin=resultslist,2024,Xue K.; Fan M.; Wang F.; Luo X.,Dianzi Yu Xinxi Xuebao/Journal of Electronics and Information Technology,Article,"[""S02""]","[""privacy""]","[{""database"": ""Scopus"", ""query_id"": ""S02"", ""raw_source"": ""search-expansion-S02-20261001.csv"", ""raw_row"": 298, ""native_id"": ""2-s2.0-85187497662"", ""observed_rank"": """"}]",awaiting_title_abstract_screening,,,2026-10-01,2026-09-30,,,
Re88fb46c83bf7915,10.1109/tiv.2023.3307699,BAP: A Blockchain-Assisted Privacy-Preserving Authentication Protocol with User-Controlled Data Linkability for VANETs,https://www.scopus.com/pages/publications/85168688255?origin=resultslist,2024,Bao Z.; He D.; Wang H.; Luo M.; Peng C.,IEEE Transactions on Intelligent Vehicles,Article,"[""S02""]","[""privacy""]","[{""database"": ""Scopus"", ""query_id"": ""S02"", ""raw_source"": ""search-expansion-S02-20261001.csv"", ""raw_row"": 299, ""native_id"": ""2-s2.0-85168688255"", ""observed_rank"": """"}]",awaiting_title_abstract_screening,,,2026-10-01,2026-09-30,,,
R52f307ff62552412,10.1038/s41598-025-13069-1,A blockchain-based verifiable CP-ABE scheme for medical data privacy protection,https://www.scopus.com/pages/publications/105011726992?origin=resultslist,2025,Zhao L.; Dong G.; Yuan H.,Scientific Reports,Article,"[""S02""]","[""privacy""]","[{""database"": ""Scopus"", ""query_id"": ""S02"", ""raw_source"": ""search-expansion-S02-20261001.csv"", ""raw_row"": 300, ""native_id"": ""2-s2.0-105011726992"", ""observed_rank"": """"}]",awaiting_title_abstract_screening,,,2026-10-01,2026-09-30,,,
R0e90381d15b9bff9,10.1016/b978-0-443-33984-4.00019-5,A blockchain-based secure access framework with privacy protection for medical data sharing,https://www.scopus.com/pages/publications/105019725017?origin=resultslist,2025,Ni W.; Duan L.,IoT-WSN-DT Based Medical Systems and Nanotechnology for Smart Cancer Care,Book chapter,"[""S02""]","[""privacy""]","[{""database"": ""Scopus"", ""query_id"": ""S02"", ""raw_source"": ""search-expansion-S02-20261001.csv"", ""raw_row"": 301, ""native_id"": ""2-s2.0-105019725017"", ""observed_rank"": """"}]",awaiting_title_abstract_screening,,,2026-10-01,2026-09-30,,,
R52417518f8c326d7,10.1007/978-981-96-1395-3_8,Optimized Data Privacy Framework Using Asynchronous Blockchain and Adaptive Homomorphic Encryption in Dynamic EV Charging Networks,https://www.scopus.com/pages/publications/86000011783?origin=resultslist,2025,Liu Y.; Song Z.; Li Z.,Lecture Notes in Electrical Engineering,Conference paper,"[""S02""]","[""privacy""]","[{""database"": ""Scopus"", ""query_id"": ""S02"", ""raw_source"": ""search-expansion-S02-20261001.csv"", ""raw_row"": 302, ""native_id"": ""2-s2.0-86000011783"", ""observed_rank"": """"}]",awaiting_title_abstract_screening,,,2026-10-01,2026-09-30,,,
Rf7cabbd5b63790f2,10.1007/978-3-032-06691-6_29,Ensuring Privacy and Data Integrity in Payroll Systems Using Blockchain and IPFS,https://www.scopus.com/pages/publications/105021812479?origin=resultslist,2026,Lenka R.; Gupta R.; Pabalkar V.; Chitranshi J.,Lecture Notes in Networks and Systems,Conference paper,"[""S02""]","[""privacy""]","[{""database"": ""Scopus"", ""query_id"": ""S02"", ""raw_source"": ""search-expansion-S02-20261001.csv"", ""raw_row"": 303, ""native_id"": ""2-s2.0-105021812479"", ""observed_rank"": """"}]",awaiting_title_abstract_screening,,,2026-10-01,2026-09-30,,,
Re76d32d99939dc4f,10.3390/en19163914,Toward Secure and Privacy-Preserving Distributed Scheduling in Data-Center-Integrated Microgrids via Blockchain,https://www.scopus.com/pages/publications/105048338975?origin=resultslist,2026,Liu Y.; Dai G.; Yao L.; Yang K.; Wang P.,Energies,Article,"[""S02""]","[""privacy""]","[{""database"": ""Scopus"", ""query_id"": ""S02"", ""raw_source"": ""search-expansion-S02-20261001.csv"", ""raw_row"": 304, ""native_id"": ""2-s2.0-105048338975"", ""observed_rank"": """"}]",awaiting_title_abstract_screening,,,2026-10-01,2026-09-30,,,
Rf4177dbd095e7668,10.1109/icoeca68095.2026.11485054,Optimized Blockchain-Enabled Federated Hybrid Deep Learning Framework for Real-Time Intrusion Detection and Privacy-Preserving Data Governance,https://www.scopus.com/pages/publications/105038071065?origin=resultslist,2026,Linda C.H.; Iram F.; Vanidhasri R.; Madugula S.C.; Brinda P.; Jegajothi B.,"Proceedings of 6th International Conference on Expert Clouds and Applications, ICOECA 2026",Conference paper,"[""S02""]","[""privacy""]","[{""database"": ""Scopus"", ""query_id"": ""S02"", ""raw_source"": ""search-expansion-S02-20261001.csv"", ""raw_row"": 305, ""native_id"": ""2-s2.0-105038071065"", ""observed_rank"": """"}]",awaiting_title_abstract_screening,,,2026-10-01,2026-09-30,,,
R532e574f16d8b6ba,10.1049/pbhe063e_ch16,Unlock potential of artificial intelligence and blockchain integration for preserving privacy and medical data: high-fidelity data sharing and healthcare analytics lensing legal aspects,https://www.scopus.com/pages/publications/85213504865?origin=resultslist,2024,Singh B.; Kaunert C.,"Secure Big-data Analytics for Emerging Healthcare in 5G and beyond: Concepts, paradigms, and solutions",Book chapter,"[""S02""]","[""privacy""]","[{""database"": ""Scopus"", ""query_id"": ""S02"", ""raw_source"": ""search-expansion-S02-20261001.csv"", ""raw_row"": 306, ""native_id"": ""2-s2.0-85213504865"", ""observed_rank"": """"}]",awaiting_title_abstract_screening,,,2026-10-01,2026-09-30,,,
R61bf4266c05eb189,10.1109/icbc59979.2024.10634420,CypherChain: A Privacy-Preserving Data Aggregation Framework for Blockchain-Based DR Programs,https://www.scopus.com/pages/publications/85203498706?origin=resultslist,2024,Karumba S.; Dedeoglu V.; Jurdak R.; Kanhere S.S.,"2024 IEEE International Conference on Blockchain and Cryptocurrency, ICBC 2024",Conference paper,"[""S02""]","[""privacy""]","[{""database"": ""Scopus"", ""query_id"": ""S02"", ""raw_source"": ""search-expansion-S02-20261001.csv"", ""raw_row"": 307, ""native_id"": ""2-s2.0-85203498706"", ""observed_rank"": """"}]",awaiting_title_abstract_screening,,,2026-10-01,2026-09-30,,,
R3fcf52a938828428,10.1201/9781003768630-43,Leveraging blockchain and smart contracts for improved IoT data integrity and privacy,https://www.scopus.com/pages/publications/105040321400?origin=resultslist,2026,Borase J.; Kapadnis J.; Joshi A.; Dighe T.; Thoke J.,Recent Advances in Technology & Management,Book chapter,"[""S02""]","[""privacy""]","[{""database"": ""Scopus"", ""query_id"": ""S02"", ""raw_source"": ""search-expansion-S02-20261001.csv"", ""raw_row"": 308, ""native_id"": ""2-s2.0-105040321400"", ""observed_rank"": """"}]",awaiting_title_abstract_screening,,,2026-10-01,2026-09-30,,,
R2216054812194278,10.1007/s10115-023-01937-z,Merkle tree-blockchain-assisted privacy preservation of electronic medical records on offering medical data protection through hybrid heuristic algorithm,https://www.scopus.com/pages/publications/85169843686?origin=resultslist,2024,Lakshmanan M.; Anandha Mala G.S.,Knowledge and Information Systems,Article,"[""S02""]","[""privacy""]","[{""database"": ""Scopus"", ""query_id"": ""S02"", ""raw_source"": ""search-expansion-S02-20261001.csv"", ""raw_row"": 309, ""native_id"": ""2-s2.0-85169843686"", ""observed_rank"": """"}]",awaiting_title_abstract_screening,,,2026-10-01,2026-09-30,,,
R562d26cd7968874e,10.3390/s25154854,A Blockchain-Based Secure Data Transaction and Privacy Preservation Scheme in IoT System,https://www.scopus.com/pages/publications/105013331798?origin=resultslist,2025,Wu J.; Bian Z.; Gao H.; Wang Y.,Sensors,Article,"[""S02""]","[""privacy""]","[{""database"": ""Scopus"", ""query_id"": ""S02"", ""raw_source"": ""search-expansion-S02-20261001.csv"", ""raw_row"": 310, ""native_id"": ""2-s2.0-105013331798"", ""observed_rank"": """"}]",awaiting_title_abstract_screening,,,2026-10-01,2026-09-30,,,
Rc6bfc148cc92fedc,10.1002/cpe.70473,SecureChain: A Blockchain-Based Secure Model for Sharing Privacy-Preserved Data Using Local Differential Privacy,https://www.scopus.com/pages/publications/105028382922?origin=resultslist,2026,Hussain A.; Javed L.; Haq M.I.U.; Khan R.; Akbar W.; Attar R.W.; Alhazmi A.; Alhazmi A.H.; Hussain T.,Concurrency and Computation: Practice and Experience,Article,"[""S02""]","[""privacy""]","[{""database"": ""Scopus"", ""query_id"": ""S02"", ""raw_source"": ""search-expansion-S02-20261001.csv"", ""raw_row"": 311, ""native_id"": ""2-s2.0-105028382922"", ""observed_rank"": """"}]",awaiting_title_abstract_screening,,,2026-10-01,2026-09-30,,,
R2aa2014e238a3cf7,10.1007/s11042-023-17941-y,A blockchain-based system for patient data privacy and security,https://www.scopus.com/pages/publications/85181470742?origin=resultslist,2024,Masood I.; Daud A.; Wang Y.; Banjar A.; Alharbey R.,Multimedia Tools and Applications,Article,"[""S02""]","[""privacy""]","[{""database"": ""Scopus"", ""query_id"": ""S02"", ""raw_source"": ""search-expansion-S02-20261001.csv"", ""raw_row"": 312, ""native_id"": ""2-s2.0-85181470742"", ""observed_rank"": """"}]",duplicate_current_application,updateMasood2024Patient,Matching nonempty DOI,2026-10-01,2026-09-30,,,
R8a027cfdc32b9e6e,10.1080/23307706.2023.2211071,A novel secure aware privacy preserved data sharing framework in an E-government system based on a consortium blockchain,https://www.scopus.com/pages/publications/85159940612?origin=resultslist,2024,Suganthi S.; Sree Kala T.,Journal of Control and Decision,Article,"[""S02""]","[""privacy""]","[{""database"": ""Scopus"", ""query_id"": ""S02"", ""raw_source"": ""search-expansion-S02-20261001.csv"", ""raw_row"": 313, ""native_id"": ""2-s2.0-85159940612"", ""observed_rank"": """"}]",awaiting_title_abstract_screening,,,2026-10-01,2026-09-30,,,
Rd6ac04355b4cae42,10.3390/fi17120539,Research on a Blockchain Adaptive Differential Privacy Mechanism for Medical Data Protection,https://www.scopus.com/pages/publications/105025969758?origin=resultslist,2025,Feier W.; Rongzuo G.,Future Internet,Article,"[""S02""]","[""privacy""]","[{""database"": ""Scopus"", ""query_id"": ""S02"", ""raw_source"": ""search-expansion-S02-20261001.csv"", ""raw_row"": 314, ""native_id"": ""2-s2.0-105025969758"", ""observed_rank"": """"}]",awaiting_title_abstract_screening,,,2026-10-01,2026-09-30,,,
Rbe705e8135b2bbd3,10.1109/icot68409.2025.11425293,Exploring the Use of Blockchain in Digital Wallet Systems: Analysis of Impact on Security and Data Privacy of Users in Indonesia,https://www.scopus.com/pages/publications/105035835053?origin=resultslist,2025,Padmanegara O.H.; Putri R.K.; Karnalim O.,"2025 13th International Conference on Orange Technology, ICOT 2025",Conference paper,"[""S02""]","[""privacy""]","[{""database"": ""Scopus"", ""query_id"": ""S02"", ""raw_source"": ""search-expansion-S02-20261001.csv"", ""raw_row"": 315, ""native_id"": ""2-s2.0-105035835053"", ""observed_rank"": """"}]",awaiting_title_abstract_screening,,,2026-10-01,2026-09-30,,,
Rb9a5661728b47831,10.7717/peerj-cs.2581,Blockchain-enabled data governance for privacy-preserved sharing of confidential data,https://www.scopus.com/pages/publications/85212772017?origin=resultslist,2024,Zhang J.; Datta A.,PeerJ Computer Science,Article,"[""S02""]","[""privacy""]","[{""database"": ""Scopus"", ""query_id"": ""S02"", ""raw_source"": ""search-expansion-S02-20261001.csv"", ""raw_row"": 316, ""native_id"": ""2-s2.0-85212772017"", ""observed_rank"": """"}]",awaiting_title_abstract_screening,,,2026-10-01,2026-09-30,,,
Reb6f08589358825c,10.4018/979-8-3693-4147-6.ch015,"Ethical Challenges and Innovations in AI- Driven Healthcare and Engineering: A Review of Blockchain, Cybersecurity, Data Privacy, and Knowledge Management",https://www.scopus.com/pages/publications/105008051439?origin=resultslist,2024,Mehra S.; Rao M.; Bansal A.V.; Rathore N.; Sidana S.; Raj S.; Sinha A.; Rao G.M.; Shamim R.; Singh N.; Kumar B.,Ethical Dimensions of AI Development,Book chapter,"[""S02""]","[""privacy""]","[{""database"": ""Scopus"", ""query_id"": ""S02"", ""raw_source"": ""search-expansion-S02-20261001.csv"", ""raw_row"": 317, ""native_id"": ""2-s2.0-105008051439"", ""observed_rank"": """"}]",awaiting_title_abstract_screening,,,2026-10-01,2026-09-30,,,
Re13445800450f525,10.3389/fbloc.2026.1762781,TeleZK-L2: a scalable zk-SNARK framework for privacy-preserving telehealth data verification on Layer-2 blockchain,https://www.scopus.com/pages/publications/105031730225?origin=resultslist,2026,Jayaraman P.; Delhibabu R.,Frontiers in Blockchain,Article,"[""S02""]","[""privacy""]","[{""database"": ""Scopus"", ""query_id"": ""S02"", ""raw_source"": ""search-expansion-S02-20261001.csv"", ""raw_row"": 318, ""native_id"": ""2-s2.0-105031730225"", ""observed_rank"": """"}]",awaiting_title_abstract_screening,,,2026-10-01,2026-09-30,,,
R6493163aef8d24f4,10.2174/97988988153701260101_07,Enhancing Healthcare Data Security and Privacy Using Blockchain Technology,https://www.scopus.com/pages/publications/105043150101?origin=resultslist,2026,George L.; Kizhakkethottam J.J.,Innovation in Healthcare Technology and Management,Book chapter,"[""S02""]","[""privacy""]","[{""database"": ""Scopus"", ""query_id"": ""S02"", ""raw_source"": ""search-expansion-S02-20261001.csv"", ""raw_row"": 319, ""native_id"": ""2-s2.0-105043150101"", ""observed_rank"": """"}]",awaiting_title_abstract_screening,,,2026-10-01,2026-09-30,,,
R44922701979c37cd,10.1109/iccea65460.2025.11103215,A Privacy-Preserving Power Grid Data Aggregation Scheme Based on Blockchain and Homomorphic Encryption,https://www.scopus.com/pages/publications/105014919439?origin=resultslist,2025,Li Y.,"2025 6th International Conference on Computer Engineering and Application, ICCEA 2025",Conference paper,"[""S02""]","[""privacy""]","[{""database"": ""Scopus"", ""query_id"": ""S02"", ""raw_source"": ""search-expansion-S02-20261001.csv"", ""raw_row"": 320, ""native_id"": ""2-s2.0-105014919439"", ""observed_rank"": """"}]",awaiting_title_abstract_screening,,,2026-10-01,2026-09-30,,,
R05df0fbdb7d020d7,10.1007/s11042-023-18043-5,Ensuring the privacy and security of IoT-medical data: a hybrid deep learning-based encryption and blockchain-enabled transmission,https://www.scopus.com/pages/publications/85186486702?origin=resultslist,2024,Ranjan A.K.; Kumar P.,Multimedia Tools and Applications,Article,"[""S02""]","[""privacy""]","[{""database"": ""Scopus"", ""query_id"": ""S02"", ""raw_source"": ""search-expansion-S02-20261001.csv"", ""raw_row"": 321, ""native_id"": ""2-s2.0-85186486702"", ""observed_rank"": """"}]",awaiting_title_abstract_screening,,,2026-10-01,2026-09-30,,,
R9e6a91746e7ea9b5,10.3390/electronics15163575,Privacy-Preserving and Quantum-Resilient Blockchain Infrastructures for MuReQua Federated Micro Data Centers,https://www.scopus.com/pages/publications/105048335892?origin=resultslist,2026,Iovane G.,Electronics (Switzerland),Article,"[""S02""]","[""privacy""]","[{""database"": ""Scopus"", ""query_id"": ""S02"", ""raw_source"": ""search-expansion-S02-20261001.csv"", ""raw_row"": 322, ""native_id"": ""2-s2.0-105048335892"", ""observed_rank"": """"}]",awaiting_title_abstract_screening,,,2026-10-01,2026-09-30,,,
R7b149cf672415410,10.1007/s11276-023-03588-y,Hybrid optimization enabled secure privacy preserved data sharing based on blockchain,https://www.scopus.com/pages/publications/85180208096?origin=resultslist,2024,Uma Maheswari J.; Somasundaram S.K.; Sivakumar P.,Wireless Networks,Article,"[""S02""]","[""privacy""]","[{""database"": ""Scopus"", ""query_id"": ""S02"", ""raw_source"": ""search-expansion-S02-20261001.csv"", ""raw_row"": 323, ""native_id"": ""2-s2.0-85180208096"", ""observed_rank"": """"}]",awaiting_title_abstract_screening,,,2026-10-01,2026-09-30,,,
R1cf76b1ba1c37f88,10.1109/tsg.2024.3380611,Lattice-Like Blockchain System for Maintaining the Data Privacy in the Distributed Computation of Carbon Emission,https://www.scopus.com/pages/publications/85188939704?origin=resultslist,2024,Han Z.; Ding T.; Mu C.; Shen X.; Li J.; Shahidehpour M.,IEEE Transactions on Smart Grid,Article,"[""S02""]","[""privacy""]","[{""database"": ""Scopus"", ""query_id"": ""S02"", ""raw_source"": ""search-expansion-S02-20261001.csv"", ""raw_row"": 324, ""native_id"": ""2-s2.0-85188939704"", ""observed_rank"": """"}]",awaiting_title_abstract_screening,,,2026-10-01,2026-09-30,,,
R0bb4868a0b4a6264,10.1049/cit2.12287,Data privacy model using blockchain reinforcement federated learning approach for scalable internet of medical things,https://www.scopus.com/pages/publications/85184416788?origin=resultslist,2024,Dhasaratha C.; Hasan M.K.; Islam S.; Khapre S.; Abdullah S.; Ghazal T.M.; Alzahrani A.I.; Alalwan N.; Vo N.; Akhtaruzzaman M.,CAAI Transactions on Intelligence Technology,Article,"[""S02""]","[""privacy""]","[{""database"": ""Scopus"", ""query_id"": ""S02"", ""raw_source"": ""search-expansion-S02-20261001.csv"", ""raw_row"": 325, ""native_id"": ""2-s2.0-85184416788"", ""observed_rank"": """"}]",duplicate_current_application,updateDhasaratha2024IoMT,Matching nonempty DOI,2026-10-01,2026-09-30,,,
R3e23d8df26c80ff3,10.1007/s12083-025-02148-9,Privacy preservation in blockchain-based healthcare data sharing: A systematic review,https://www.scopus.com/pages/publications/105019245397?origin=resultslist,2025,Li K.; Lohachab A.; Dumontier M.; Urovi V.,Peer-to-Peer Networking and Applications,Review,"[""S02""]","[""privacy""]","[{""database"": ""Scopus"", ""query_id"": ""S02"", ""raw_source"": ""search-expansion-S02-20261001.csv"", ""raw_row"": 326, ""native_id"": ""2-s2.0-105019245397"", ""observed_rank"": """"}]",awaiting_title_abstract_screening,,,2026-10-01,2026-09-30,,,
Rf3ba56f45f86b52d,10.1109/jiot.2024.3487154,Blockchain-Enhanced Data Privacy Preservation and Secure Sharing Scheme for Healthcare IoT,https://www.scopus.com/pages/publications/85208216696?origin=resultslist,2025,Guan S.; Cao Y.; Zhang Y.,IEEE Internet of Things Journal,Article,"[""S02""]","[""privacy""]","[{""database"": ""Scopus"", ""query_id"": ""S02"", ""raw_source"": ""search-expansion-S02-20261001.csv"", ""raw_row"": 327, ""native_id"": ""2-s2.0-85208216696"", ""observed_rank"": """"}]",duplicate_current_application,updateGuan2025Healthcare,Matching nonempty DOI,2026-10-01,2026-09-30,,,
R1592602e8ad86f39,10.1109/tce.2024.3444824,Ensuring Zero Trust IoT Data Privacy: Differential Privacy in Blockchain Using Federated Learning,https://www.scopus.com/pages/publications/85201623436?origin=resultslist,2025,Hussain A.; Akbar W.; Hussain T.; Kashif Bashir A.; Al Dabel M.M.; Ali F.; Yang B.,IEEE Transactions on Consumer Electronics,Article,"[""S02""]","[""privacy""]","[{""database"": ""Scopus"", ""query_id"": ""S02"", ""raw_source"": ""search-expansion-S02-20261001.csv"", ""raw_row"": 328, ""native_id"": ""2-s2.0-85201623436"", ""observed_rank"": """"}]",duplicate_current_application,updateHussain2025ZeroTrust,Matching nonempty DOI,2026-10-01,2026-09-30,,,
R4bce007972c8baa5,10.1109/access.2024.3496258,UReum: A Universally Composable Blockchain-Enabled Model for Secure and Privacy-Preserving Data Awareness in Energy Internet,https://www.scopus.com/pages/publications/85210317320?origin=resultslist,2024,Sani A.S.; Yuan D.; Loukas G.; Dong Z.Y.,IEEE Access,Article,"[""S02""]","[""privacy""]","[{""database"": ""Scopus"", ""query_id"": ""S02"", ""raw_source"": ""search-expansion-S02-20261001.csv"", ""raw_row"": 329, ""native_id"": ""2-s2.0-85210317320"", ""observed_rank"": """"}]",awaiting_title_abstract_screening,,,2026-10-01,2026-09-30,,,
Re36326419528bca2,10.1109/tnsm.2026.3672462,A Contract Data Sharing Model Based on Consortium Blockchain and Local Differential Privacy,https://www.scopus.com/pages/publications/105032697366?origin=resultslist,2026,Jiang R.; Li Y.; Pu X.; Wang X.; Xue Y.,IEEE Transactions on Network and Service Management,Article,"[""S02""]","[""privacy""]","[{""database"": ""Scopus"", ""query_id"": ""S02"", ""raw_source"": ""search-expansion-S02-20261001.csv"", ""raw_row"": 330, ""native_id"": ""2-s2.0-105032697366"", ""observed_rank"": """"}]",awaiting_title_abstract_screening,,,2026-10-01,2026-09-30,,,
R39bd353993e316a6,10.1515/9783111541235-023,MediChain-FL: A Federated Blockchain Framework for Privacy-Preserving and Intelligent Healthcare Data Exchange,https://www.scopus.com/pages/publications/105028342121?origin=resultslist,2026,Hariprasath K.; Saravana Kumar N.M.,"Machine Learning in Healthcare: Data-Driven Decisions, Predictive Modelling, Personalized Medicine",Book chapter,"[""S02""]","[""privacy""]","[{""database"": ""Scopus"", ""query_id"": ""S02"", ""raw_source"": ""search-expansion-S02-20261001.csv"", ""raw_row"": 331, ""native_id"": ""2-s2.0-105028342121"", ""observed_rank"": """"}]",awaiting_title_abstract_screening,,,2026-10-01,2026-09-30,,,
R3915ed90b4228e2c,10.1109/ismsit67332.2025.11267864,"HBC-Med: A Hybrid Blockchain Model for Medical Data Management. Balancing Privacy, Interoperability and Decentralization",https://www.scopus.com/pages/publications/105031077986?origin=resultslist,2025,Petkov E.; Georgiev S.,"ISMSIT 2025 - 9th International Symposium on Multidisciplinary Studies and Innovative Technologies, Proceedings",Conference paper,"[""S02""]","[""privacy""]","[{""database"": ""Scopus"", ""query_id"": ""S02"", ""raw_source"": ""search-expansion-S02-20261001.csv"", ""raw_row"": 332, ""native_id"": ""2-s2.0-105031077986"", ""observed_rank"": """"}]",awaiting_title_abstract_screening,,,2026-10-01,2026-09-30,,,
Rf1e6e35afd4efca7,10.1063/5.0275924,Privacy preservation in big data analytics using blockchain technology,https://www.scopus.com/pages/publications/105008863632?origin=resultslist,2025,Byeon H.; Evin M.; Joel T.; Mirza A.U.,AIP Conference Proceedings,Conference paper,"[""S02""]","[""privacy""]","[{""database"": ""Scopus"", ""query_id"": ""S02"", ""raw_source"": ""search-expansion-S02-20261001.csv"", ""raw_row"": 333, ""native_id"": ""2-s2.0-105008863632"", ""observed_rank"": """"}]",awaiting_title_abstract_screening,,,2026-10-01,2026-09-30,,,
Rf2990daf642cc5a0,10.1007/978-981-95-0701-6_29,Privacy-Preserving Healthcare Data Analysis Using Blockchain and Homomorphic Encryption,https://www.scopus.com/pages/publications/105026929673?origin=resultslist,2026,Krishnasrija R.; Ghosh S.; Chaitanya Subhash S.K.; Yogesh D.; Mandal A.K.,Lecture Notes in Networks and Systems,Conference paper,"[""S02""]","[""privacy""]","[{""database"": ""Scopus"", ""query_id"": ""S02"", ""raw_source"": ""search-expansion-S02-20261001.csv"", ""raw_row"": 334, ""native_id"": ""2-s2.0-105026929673"", ""observed_rank"": """"}]",awaiting_title_abstract_screening,,,2026-10-01,2026-09-30,,,
R438bbb4006b6badd,10.1007/978-3-032-18141-1_15,A Blockchain and Anonymization-Based Secure Cloud Architecture for Privacy-Preserving Data Management,https://www.scopus.com/pages/publications/105031889159?origin=resultslist,2026,Kahlon G.S.; Bedi R.K.; Gupta S.K.,Lecture Notes in Networks and Systems,Conference paper,"[""S02""]","[""privacy""]","[{""database"": ""Scopus"", ""query_id"": ""S02"", ""raw_source"": ""search-expansion-S02-20261001.csv"", ""raw_row"": 335, ""native_id"": ""2-s2.0-105031889159"", ""observed_rank"": """"}]",awaiting_title_abstract_screening,,,2026-10-01,2026-09-30,,,
R12ea94521cd7149d,10.1109/punecon67554.2025.11378160,"Blockchain Enabled by Artificial Intelligence for Self-Driving Cars: Strengthening Consensus Mechanisms, Data Privacy, and Security in Interconnected Vehicle Networks",https://www.scopus.com/pages/publications/105034674201?origin=resultslist,2025,Arivalagan D.K.; Srinivasan S.,"2025 IEEE Pune Section International Conference, PuneCon 2025",Conference paper,"[""S02""]","[""privacy""]","[{""database"": ""Scopus"", ""query_id"": ""S02"", ""raw_source"": ""search-expansion-S02-20261001.csv"", ""raw_row"": 336, ""native_id"": ""2-s2.0-105034674201"", ""observed_rank"": """"}]",awaiting_title_abstract_screening,,,2026-10-01,2026-09-30,,,
R37b8db6519327163,10.1109/icact67549.2025.11351450,Development of AI Models Driven by Blockchain for Privacy-Preserving Data Exchange in Personal Data Management and Healthcare Systems,https://www.scopus.com/pages/publications/105033646453?origin=resultslist,2025,Khan S.A.; Khan F.A.; Srinivasan S.,"2025 IEEE International Conference on Advanced Computing Technologies, ICACT 2025",Conference paper,"[""S02""]","[""privacy""]","[{""database"": ""Scopus"", ""query_id"": ""S02"", ""raw_source"": ""search-expansion-S02-20261001.csv"", ""raw_row"": 337, ""native_id"": ""2-s2.0-105033646453"", ""observed_rank"": """"}]",awaiting_title_abstract_screening,,,2026-10-01,2026-09-30,,,
R307ddbeb865f8093,10.1016/b978-0-443-34174-8.00002-8,Using blockchain technology for efficient data sharing and privacy in the Internet of Medical Things,https://www.scopus.com/pages/publications/105007742180?origin=resultslist,2025,Swayamsiddha S.; Surajbhan S.N.; Prasad S.S.; Mohanty C.,"Digital Twin, Blockchain, and Sensor Networks in the Healthy and Mobile City",Book chapter,"[""S02""]","[""privacy""]","[{""database"": ""Scopus"", ""query_id"": ""S02"", ""raw_source"": ""search-expansion-S02-20261001.csv"", ""raw_row"": 338, ""native_id"": ""2-s2.0-105007742180"", ""observed_rank"": """"}]",awaiting_title_abstract_screening,,,2026-10-01,2026-09-30,,,
R9adce531bbcab77c,10.1093/comjnl/bxaf065,Privacy-preserving data sharing in blockchain-enabled IoT healthcare management system,https://www.scopus.com/pages/publications/105022304506?origin=resultslist,2025,Nandanwar H.; Katarya R.,Computer Journal,Article,"[""S02""]","[""privacy""]","[{""database"": ""Scopus"", ""query_id"": ""S02"", ""raw_source"": ""search-expansion-S02-20261001.csv"", ""raw_row"": 339, ""native_id"": ""2-s2.0-105022304506"", ""observed_rank"": """"}]",awaiting_title_abstract_screening,,,2026-10-01,2026-09-30,,,
Rb3476631c896c4a8,10.3390/ijgi14080318,"Digital Twins and Big Data in the Metaverse: Addressing Privacy, Scalability, and Interoperability with AI and Blockchain",https://www.scopus.com/pages/publications/105014420776?origin=resultslist,2025,Li R.; Abdalla H.B.; Gheisari M.; Rabiei-Dastjerdi H.,ISPRS International Journal of Geo-Information,Article,"[""S02""]","[""privacy""]","[{""database"": ""Scopus"", ""query_id"": ""S02"", ""raw_source"": ""search-expansion-S02-20261001.csv"", ""raw_row"": 340, ""native_id"": ""2-s2.0-105014420776"", ""observed_rank"": """"}]",awaiting_title_abstract_screening,,,2026-10-01,2026-09-30,,,
R0836f4b00c491bc6,10.1109/tits.2025.3578015,Intelligent Connected Vehicle Data Privacy and Security Transaction Sharing System Based on Blockchain,https://www.scopus.com/pages/publications/105009419560?origin=resultslist,2025,Zhang J.; Tu Y.; Sun Z.; Song T.; Niu S.,IEEE Transactions on Intelligent Transportation Systems,Article,"[""S02""]","[""privacy""]","[{""database"": ""Scopus"", ""query_id"": ""S02"", ""raw_source"": ""search-expansion-S02-20261001.csv"", ""raw_row"": 341, ""native_id"": ""2-s2.0-105009419560"", ""observed_rank"": """"}]",awaiting_title_abstract_screening,,,2026-10-01,2026-09-30,,,
Rfc776a40c61ee817,10.1049/icp.2025.4623,A Multimodal Data Privacy Protection Framework Based on Federated Learning and Blockchain,https://www.scopus.com/pages/publications/105042510038?origin=resultslist,2026,Liang Y.; Qiu Y.,IET Conference Proceedings,Conference paper,"[""S02""]","[""privacy""]","[{""database"": ""Scopus"", ""query_id"": ""S02"", ""raw_source"": ""search-expansion-S02-20261001.csv"", ""raw_row"": 342, ""native_id"": ""2-s2.0-105042510038"", ""observed_rank"": """"}]",awaiting_title_abstract_screening,,,2026-10-01,2026-09-30,,,
R1787e52dc77b4c86,10.1142/s1793962326500522,Blockchain-enhanced secure data sharing in financial institutions: A federated learning framework for privacy-preserving analytics,https://www.scopus.com/pages/publications/105050730152?origin=resultslist,2026,Gao J.,"International Journal of Modeling, Simulation, and Scientific Computing",Article,"[""S02""]","[""privacy""]","[{""database"": ""Scopus"", ""query_id"": ""S02"", ""raw_source"": ""search-expansion-S02-20261001.csv"", ""raw_row"": 343, ""native_id"": ""2-s2.0-105050730152"", ""observed_rank"": """"}]",awaiting_title_abstract_screening,,,2026-10-01,2026-09-30,,,
R04630860d2f6321f,10.1186/s13677-025-00771-8,Quantum computing empowering blockchain technology with post quantum resistant cryptography for multimedia data privacy preservation in cloud-enabled public auditing platforms,https://www.scopus.com/pages/publications/105013229600?origin=resultslist,2025,Khan A.A.; Laghari A.A.; Almansour H.; Jamel L.; Hajjej F.; Estrela V.V.; Mohamed M.A.; Ullah S.,Journal of Cloud Computing,Article,"[""S02""]","[""privacy""]","[{""database"": ""Scopus"", ""query_id"": ""S02"", ""raw_source"": ""search-expansion-S02-20261001.csv"", ""raw_row"": 344, ""native_id"": ""2-s2.0-105013229600"", ""observed_rank"": """"}]",awaiting_title_abstract_screening,,,2026-10-01,2026-09-30,,,
R7cd625e788d2bbe5,10.1016/j.iot.2025.101642,Towards IoT device privacy & data integrity through decentralized storage with blockchain and predicting malicious entities by stacked machine learning,https://www.scopus.com/pages/publications/105006944562?origin=resultslist,2025,Khan Z.A.; Javaid N.; Saeed A.; Ahmed I.; Khan F.A.,Internet of Things (The Netherlands),Article,"[""S02""]","[""privacy""]","[{""database"": ""Scopus"", ""query_id"": ""S02"", ""raw_source"": ""search-expansion-S02-20261001.csv"", ""raw_row"": 345, ""native_id"": ""2-s2.0-105006944562"", ""observed_rank"": """"}]",awaiting_title_abstract_screening,,,2026-10-01,2026-09-30,,,
R16fe6374c816d4c5,10.1002/ett.70124,"Correction to: “Lattice Homomorphic Assisted Privacy Preserving Electronic Health Records Data Transmission in Internet of Medical Things Using Blockchain”, (Transactions on Emerging Telecommunications Technologies, (2025), 36, (e70070), 10.1002/ett.70070)",https://www.scopus.com/pages/publications/105002155192?origin=resultslist,2025,,Transactions on Emerging Telecommunications Technologies,Erratum,"[""S02""]","[""privacy""]","[{""database"": ""Scopus"", ""query_id"": ""S02"", ""raw_source"": ""search-expansion-S02-20261001.csv"", ""raw_row"": 346, ""native_id"": ""2-s2.0-105002155192"", ""observed_rank"": """"}]",awaiting_title_abstract_screening,,,2026-10-01,2026-09-30,,,
R6a6f38b03e15d74b,10.1007/s00500-025-11057-1,On-chain hybrid decentralized approach for privacy-preserving healthcare data sharing scheme with blockchain and attribute base encryption,https://www.scopus.com/pages/publications/105028202067?origin=resultslist,2026,Gupta M.K.; Dwivedi R.K.,Soft Computing,Article,"[""S02""]","[""privacy""]","[{""database"": ""Scopus"", ""query_id"": ""S02"", ""raw_source"": ""search-expansion-S02-20261001.csv"", ""raw_row"": 347, ""native_id"": ""2-s2.0-105028202067"", ""observed_rank"": """"}]",awaiting_title_abstract_screening,,,2026-10-01,2026-09-30,,,
R618e3416a3f144fa,10.1109/mc.2024.3505012,"Building Trust in AI: How Blockchain Enhances Data Integrity, Security, and Privacy",https://www.scopus.com/pages/publications/85219712520?origin=resultslist,2025,Kshetri N.,Computer,Article,"[""S02""]","[""privacy""]","[{""database"": ""Scopus"", ""query_id"": ""S02"", ""raw_source"": ""search-expansion-S02-20261001.csv"", ""raw_row"": 348, ""native_id"": ""2-s2.0-85219712520"", ""observed_rank"": """"}]",awaiting_title_abstract_screening,,,2026-10-01,2026-09-30,,,
Rd74d175e2adbf1d6,10.37385/jaets.v7i1.8851,"BLOCKCHAIN-ENHANCED FRAMEWORK FOR ENSURING DATA CONSISTENCY, TRANSPARENCY AND PRIVACY IN CLOUD COMPUTING",https://www.scopus.com/pages/publications/105027646250?origin=resultslist,2025,Kavitha T.; Kavitha V.,Journal of Applied Engineering and Technological Science,Article,"[""S02""]","[""privacy""]","[{""database"": ""Scopus"", ""query_id"": ""S02"", ""raw_source"": ""search-expansion-S02-20261001.csv"", ""raw_row"": 349, ""native_id"": ""2-s2.0-105027646250"", ""observed_rank"": """"}]",awaiting_title_abstract_screening,,,2026-10-01,2026-09-30,,,
Re1b6db6a088ee3fd,10.1002/cpe.8277,Applications of blockchain technology in privacy preserving and data security for real time (data) applications,https://www.scopus.com/pages/publications/85203541402?origin=resultslist,2024,Deshmukh S.A.; Kasar S.,Concurrency and Computation: Practice and Experience,Article,"[""S02""]","[""privacy""]","[{""database"": ""Scopus"", ""query_id"": ""S02"", ""raw_source"": ""search-expansion-S02-20261001.csv"", ""raw_row"": 350, ""native_id"": ""2-s2.0-85203541402"", ""observed_rank"": """"}]",awaiting_title_abstract_screening,,,2026-10-01,2026-09-30,,,
Ra59cb1c8ff862680,10.1109/i3ctcon68242.2026.11507430,Enhancing Data Privacy in Edge Computing Through Hybrid Machine Learning and Blockchain Technologies,https://www.scopus.com/pages/publications/105041634216?origin=resultslist,2026,Anitha M.; Sivaraman K.,"2026 IEEE International Conference for Convergence in Computing Technology, I3CTCON 2026",Conference paper,"[""S02""]","[""privacy""]","[{""database"": ""Scopus"", ""query_id"": ""S02"", ""raw_source"": ""search-expansion-S02-20261001.csv"", ""raw_row"": 351, ""native_id"": ""2-s2.0-105041634216"", ""observed_rank"": """"}]",awaiting_title_abstract_screening,,,2026-10-01,2026-09-30,,,
R6d0c33ad5deb80a5,10.3233/idt-230386,Privacy-aware quantum convolutional neural network for blockchain-based IoT health care data,https://www.scopus.com/pages/publications/85205530604?origin=resultslist,2024,Jagdale B.; Sugave S.R.; Kulkarni Y.R.; Gutte V.,Intelligent Decision Technologies,Article,"[""S02""]","[""privacy""]","[{""database"": ""Scopus"", ""query_id"": ""S02"", ""raw_source"": ""search-expansion-S02-20261001.csv"", ""raw_row"": 352, ""native_id"": ""2-s2.0-85205530604"", ""observed_rank"": """"}]",awaiting_title_abstract_screening,,,2026-10-01,2026-09-30,,,
R4abb7017ece4f33f,10.1109/acroset66531.2025.11280705,Decentralized and Privacy-Preserving Data Sharing in Healthcare IoT Systems Using Blockchain,https://www.scopus.com/pages/publications/105031386758?origin=resultslist,2025,Patidar P.K.; Brahmbhatt P.; Patel S.; Tiwari V.; Patidar M.,"2025 IEEE International Conference on Advances in Computing Research on Science Engineering and Technology, ACROSET 2025",Conference paper,"[""S02""]","[""privacy""]","[{""database"": ""Scopus"", ""query_id"": ""S02"", ""raw_source"": ""search-expansion-S02-20261001.csv"", ""raw_row"": 353, ""native_id"": ""2-s2.0-105031386758"", ""observed_rank"": """"}]",awaiting_title_abstract_screening,,,2026-10-01,2026-09-30,,,
Re94cbb3e4846aa14,10.1007/s11227-025-07400-w,A healthcare data management system: blockchain-enabled IPFS providing algorithmic solutions for increased privacy-preserving scalability and interoperability,https://www.scopus.com/pages/publications/105006624205?origin=resultslist,2025,Tiwari K.; Kumar S.,Journal of Supercomputing,Article,"[""S02""]","[""privacy""]","[{""database"": ""Scopus"", ""query_id"": ""S02"", ""raw_source"": ""search-expansion-S02-20261001.csv"", ""raw_row"": 354, ""native_id"": ""2-s2.0-105006624205"", ""observed_rank"": """"}]",awaiting_title_abstract_screening,,,2026-10-01,2026-09-30,,,
Rd130be1c46bfa6bd,10.1109/jiot.2025.3530247,An Optimized Privacy-Utility Tradeoff Framework for Differentially Private Data Sharing in Blockchain-Based Internet of Things,https://www.scopus.com/pages/publications/105001855602?origin=resultslist,2025,Islam M.; Rehmani M.H.; Gao L.; Chen J.,IEEE Internet of Things Journal,Article,"[""S02""]","[""privacy""]","[{""database"": ""Scopus"", ""query_id"": ""S02"", ""raw_source"": ""search-expansion-S02-20261001.csv"", ""raw_row"": 355, ""native_id"": ""2-s2.0-105001855602"", ""observed_rank"": """"}]",awaiting_title_abstract_screening,,,2026-10-01,2026-09-30,,,
R4d135be4948a58e9,10.1109/iccit68739.2025.11491718,NexTrip: A Semi-Public Blockchain Architecture for Privacy-Preserving Ride-Sharing with RAFT Consensus and IPFS-Enabled Data Storage,https://www.scopus.com/pages/publications/105041635541?origin=resultslist,2025,Srejon R.F.; Fahim M.R.; Hasan M.K.; Ifaz S.M.S.; Nafi R.A.; Bin Saif A.,"2025 28th International Conference on Computer and Information Technology, ICCIT 2025",Conference paper,"[""S02""]","[""privacy""]","[{""database"": ""Scopus"", ""query_id"": ""S02"", ""raw_source"": ""search-expansion-S02-20261001.csv"", ""raw_row"": 356, ""native_id"": ""2-s2.0-105041635541"", ""observed_rank"": """"}]",awaiting_title_abstract_screening,,,2026-10-01,2026-09-30,,,
R8cf3fc2538a71585,10.58346/jisis.2024.i2.006,Privacy-enhancing Blockchain Solutions for the Healthcare Sector: Efficient Message Sharing and Robust Big Data Protection,https://www.scopus.com/pages/publications/85201152723?origin=resultslist,2024,Saini M.; Himanshi; Saini S.,Journal of Internet Services and Information Security,Article,"[""S02""]","[""privacy""]","[{""database"": ""Scopus"", ""query_id"": ""S02"", ""raw_source"": ""search-expansion-S02-20261001.csv"", ""raw_row"": 357, ""native_id"": ""2-s2.0-85201152723"", ""observed_rank"": """"}]",awaiting_title_abstract_screening,,,2026-10-01,2026-09-30,,,
R85c3c748c8381129,10.1109/dapic66097.2025.00075,Research on the Application of Blockchain Technology in Data Access Security and Privacy Protection of Distribution Network,https://www.scopus.com/pages/publications/105008324374?origin=resultslist,2025,Ma H.; Wang Y.; Gong Y.; Sun F.; Fang M.,"Proceedings - 2025 International Conference on Digital Analysis and Processing, Intelligent Computation, DAPIC 2025",Conference paper,"[""S02""]","[""privacy""]","[{""database"": ""Scopus"", ""query_id"": ""S02"", ""raw_source"": ""search-expansion-S02-20261001.csv"", ""raw_row"": 358, ""native_id"": ""2-s2.0-105008324374"", ""observed_rank"": """"}]",awaiting_title_abstract_screening,,,2026-10-01,2026-09-30,,,
Rf68d52ee507f8d55,10.14569/ijacsa.2024.01505138,User-Friendly Privacy-Preserving Blockchain-based Data Trading,https://www.scopus.com/pages/publications/85196764253?origin=resultslist,2024,Cao J.; Ye J.; Lai J.,International Journal of Advanced Computer Science and Applications,Article,"[""S02""]","[""privacy""]","[{""database"": ""Scopus"", ""query_id"": ""S02"", ""raw_source"": ""search-expansion-S02-20261001.csv"", ""raw_row"": 359, ""native_id"": ""2-s2.0-85196764253"", ""observed_rank"": """"}]",awaiting_title_abstract_screening,,,2026-10-01,2026-09-30,,,
R7a3ae5792c8763f1,10.23919/jcc.fa.2021-0815.202403,Redundant Data Detection and Deletion to Meet Privacy Protection Requirements in Blockchain-Based Edge Computing Environment,https://www.scopus.com/pages/publications/85189988523?origin=resultslist,2024,Lejun Z.; Minghui P.; Shen S.; Weizheng W.; Zilong J.; Yansen S.; Huiling C.; Ran G.; Gataullin S.,China Communications,Article,"[""S02""]","[""privacy""]","[{""database"": ""Scopus"", ""query_id"": ""S02"", ""raw_source"": ""search-expansion-S02-20261001.csv"", ""raw_row"": 360, ""native_id"": ""2-s2.0-85189988523"", ""observed_rank"": """"}]",awaiting_title_abstract_screening,,,2026-10-01,2026-09-30,,,
Rd86f857f89b972a5,10.1109/ic-aida68291.2026.11564400,Federated Learning-Powered Digital Twin Architectures with Blockchain-Secured IoT Data for Privacy-Preserving Smart Environments,https://www.scopus.com/pages/publications/105044292360?origin=resultslist,2026,Dinesh B.; Thangamani M.; Mouleeshuwarapprabu R.; Devi R.M.; Muthusamy P.; Vijayaragavan S.,"International Conference on AI-Driven Innovations and Applications, IC-AIDA 2026 - Conference Proceedings",Conference paper,"[""S02""]","[""privacy""]","[{""database"": ""Scopus"", ""query_id"": ""S02"", ""raw_source"": ""search-expansion-S02-20261001.csv"", ""raw_row"": 361, ""native_id"": ""2-s2.0-105044292360"", ""observed_rank"": """"}]",awaiting_title_abstract_screening,,,2026-10-01,2026-09-30,,,
Rd2b9d04a880d3d7c,10.5194/isprs-archives-xlviii-4-w16-2025-17-2025,LoChain: A Decentralized and Privacy-Preserving Blockchain Protocol for Mobility Data Management,https://www.scopus.com/pages/publications/105019640730?origin=resultslist,2025,Bouderbala M.M.S.; Demirag D.; Gambs S.,"International Archives of the Photogrammetry, Remote Sensing and Spatial Information Sciences - ISPRS Archives",Conference paper,"[""S02""]","[""privacy""]","[{""database"": ""Scopus"", ""query_id"": ""S02"", ""raw_source"": ""search-expansion-S02-20261001.csv"", ""raw_row"": 362, ""native_id"": ""2-s2.0-105019640730"", ""observed_rank"": """"}]",awaiting_title_abstract_screening,,,2026-10-01,2026-09-30,,,
R79c65e376e5129b0,10.1109/icpcsn65854.2025.11036047,Blockchain-based Privacy-Preserving Protocols for Secure IoT Data Sharing: An Implementation Review,https://www.scopus.com/pages/publications/105010192538?origin=resultslist,2025,Sundaram P.; Jayaprakash M.; Loganathan S.; Elavarasi T.; Savitha N.; Agoramoorthy M.,"Proceedings of 5th International Conference on Pervasive Computing and Social Networking, ICPCSN 2025",Conference paper,"[""S02""]","[""privacy""]","[{""database"": ""Scopus"", ""query_id"": ""S02"", ""raw_source"": ""search-expansion-S02-20261001.csv"", ""raw_row"": 363, ""native_id"": ""2-s2.0-105010192538"", ""observed_rank"": """"}]",awaiting_title_abstract_screening,,,2026-10-01,2026-09-30,,,
R2545b411f33063d3,10.1109/nqcomp68334.2026.11497700,HQRMLE: A Quantum-Resistant Blockchain Framework for Secure and Privacy-Preserving Healthcare Data Management,https://www.scopus.com/pages/publications/105041566614?origin=resultslist,2026,Lakshmanan M.; Dhanraj J.A.; Sriramkumar R.; Saxena S.; Rakshita R.; Mithaguru,"Proceedings of International Conference on Next-Gen Quantum and Advanced Computing: Algorithms, Security, and Beyond, NQComp 2026",Conference paper,"[""S02""]","[""privacy""]","[{""database"": ""Scopus"", ""query_id"": ""S02"", ""raw_source"": ""search-expansion-S02-20261001.csv"", ""raw_row"": 364, ""native_id"": ""2-s2.0-105041566614"", ""observed_rank"": """"}]",awaiting_title_abstract_screening,,,2026-10-01,2026-09-30,,,
Rce9440c819894d45,10.1007/s11227-024-06392-3,Fusion of machine learning and blockchain-based privacy-preserving approach for healthcare data in the Internet of Things,https://www.scopus.com/pages/publications/85200579216?origin=resultslist,2024,Bezanjani B.R.; Ghafouri S.H.; Gholamrezaei R.,Journal of Supercomputing,Article,"[""S02""]","[""privacy""]","[{""database"": ""Scopus"", ""query_id"": ""S02"", ""raw_source"": ""search-expansion-S02-20261001.csv"", ""raw_row"": 365, ""native_id"": ""2-s2.0-85200579216"", ""observed_rank"": """"}]",awaiting_title_abstract_screening,,,2026-10-01,2026-09-30,,,
R7b9c5c7448024439,10.1109/icssit69151.2026.11656506,Secure and Privacy-Aware Healthcare Data Sharing Through Blockchain Integration,https://www.scopus.com/pages/publications/105049044999?origin=resultslist,2026,Walanjkar D.D.; Jose S.D.; Lendale P.K.; Chutke S.; Valarmathi P.; Awasthi A.K.,"Proceedings of 7th International Conference on Smart Systems and Inventive Technology, ICSSIT 2026",Conference paper,"[""S02""]","[""privacy""]","[{""database"": ""Scopus"", ""query_id"": ""S02"", ""raw_source"": ""search-expansion-S02-20261001.csv"", ""raw_row"": 366, ""native_id"": ""2-s2.0-105049044999"", ""observed_rank"": """"}]",awaiting_title_abstract_screening,,,2026-10-01,2026-09-30,,,
Rce3e9bc75e966841,10.1109/tdsc.2026.3657485,Zk-Guard: A Privacy-Preserving Access Control Framework Based on zk-SNARKs and Blockchain for Decentralized Data Sharing,https://www.scopus.com/pages/publications/105028651016?origin=resultslist,2026,Liu N.; Lei Y.; Ren W.; Zhang L.; Zhang X.; Zhu T.; Min G.,IEEE Transactions on Dependable and Secure Computing,Article,"[""S02""]","[""privacy""]","[{""database"": ""Scopus"", ""query_id"": ""S02"", ""raw_source"": ""search-expansion-S02-20261001.csv"", ""raw_row"": 367, ""native_id"": ""2-s2.0-105028651016"", ""observed_rank"": """"}]",awaiting_title_abstract_screening,,,2026-10-01,2026-09-30,,,
R66fba8ae0b4c2238,10.1109/icadcs70036.2026.11583064,Dynamic Value Distribution Smart Contract for Data Elements Based on Blockchain and Privacy Computing,https://www.scopus.com/pages/publications/105045699471?origin=resultslist,2026,Xia L.,"2026 1st International Conference on AI, Data Science, Cyber Security and Smart Manufacturing for Sustainable Development, ICADCS 2026",Conference paper,"[""S02""]","[""privacy""]","[{""database"": ""Scopus"", ""query_id"": ""S02"", ""raw_source"": ""search-expansion-S02-20261001.csv"", ""raw_row"": 368, ""native_id"": ""2-s2.0-105045699471"", ""observed_rank"": """"}]",awaiting_title_abstract_screening,,,2026-10-01,2026-09-30,,,
R7a6e01f0d86a2c42,10.1049/blc2.70037,Decentralized Privacy Preserving Data Sharing Model for Electronic Health Records (EHR) Using Blockchain Technology,https://www.scopus.com/pages/publications/105036593405?origin=resultslist,2026,Rajakarthik R.; Sumalatha V.; Rajalingam R.,IET Blockchain,Article,"[""S02""]","[""privacy""]","[{""database"": ""Scopus"", ""query_id"": ""S02"", ""raw_source"": ""search-expansion-S02-20261001.csv"", ""raw_row"": 369, ""native_id"": ""2-s2.0-105036593405"", ""observed_rank"": """"}]",awaiting_title_abstract_screening,,,2026-10-01,2026-09-30,,,
R73d0bb2d63e8212c,10.1080/03091902.2025.2542273,Covid-19 diagnosis using privacy-preserving data monitoring: an explainable AI deep learning model with blockchain security,https://www.scopus.com/pages/publications/105013781241?origin=resultslist,2025,Bala K.; Kumar K.A.; Venu D.; Dudi B.P.; Veluri S.P.; Nirmala V.,Journal of Medical Engineering and Technology,Article,"[""S02""]","[""privacy""]","[{""database"": ""Scopus"", ""query_id"": ""S02"", ""raw_source"": ""search-expansion-S02-20261001.csv"", ""raw_row"": 370, ""native_id"": ""2-s2.0-105013781241"", ""observed_rank"": """"}]",awaiting_title_abstract_screening,,,2026-10-01,2026-09-30,,,
R8850ecb704fcfba9,10.1109/jiot.2024.3521370,BPRM: Blockchain-Based Privacy Preserving and Robust Data Aggregation Supporting Multifunctionality for Fog-Assisted Smart Grid,https://www.scopus.com/pages/publications/105003816272?origin=resultslist,2025,Zhao C.; Wang L.; Liu Z.; Zhang K.; Wang L.; Li W.; Chen K.,IEEE Internet of Things Journal,Article,"[""S02""]","[""privacy""]","[{""database"": ""Scopus"", ""query_id"": ""S02"", ""raw_source"": ""search-expansion-S02-20261001.csv"", ""raw_row"": 371, ""native_id"": ""2-s2.0-105003816272"", ""observed_rank"": """"}]",awaiting_title_abstract_screening,,,2026-10-01,2026-09-30,,,
R986c34b2eea3578a,10.1002/ett.70049,Healthcare Data Security and Privacy Protection Framework Based on Dual Channel Blockchain,https://www.scopus.com/pages/publications/85214086430?origin=resultslist,2025,Kaur J.; Rani R.; Kalra N.,Transactions on Emerging Telecommunications Technologies,Article,"[""S02""]","[""privacy""]","[{""database"": ""Scopus"", ""query_id"": ""S02"", ""raw_source"": ""search-expansion-S02-20261001.csv"", ""raw_row"": 372, ""native_id"": ""2-s2.0-85214086430"", ""observed_rank"": """"}]",awaiting_title_abstract_screening,,,2026-10-01,2026-09-30,,,
R5bd4d256e810d35d,10.3390/electronics13153050,Blockchain and Homomorphic Encryption for Data Security and Statistical Privacy,https://www.scopus.com/pages/publications/85200788730?origin=resultslist,2024,Raj R.; Kurt Peker Y.; Mutlu Z.D.,Electronics (Switzerland),Article,"[""S02""]","[""privacy""]","[{""database"": ""Scopus"", ""query_id"": ""S02"", ""raw_source"": ""search-expansion-S02-20261001.csv"", ""raw_row"": 373, ""native_id"": ""2-s2.0-85200788730"", ""observed_rank"": """"}]",awaiting_title_abstract_screening,,,2026-10-01,2026-09-30,,,
R779f840d4af4ad5d,10.22266/ijies2025.0229.89,Secure Privacy-preserving Resolution Adaptive Data Sharing in Hybrid Blockchain Controlled Medical IOT Environment,https://www.scopus.com/pages/publications/85214223672?origin=resultslist,2025,Sahu N.; Karthikeyan I.,International Journal of Intelligent Engineering and Systems,Article,"[""S02""]","[""privacy""]","[{""database"": ""Scopus"", ""query_id"": ""S02"", ""raw_source"": ""search-expansion-S02-20261001.csv"", ""raw_row"": 374, ""native_id"": ""2-s2.0-85214223672"", ""observed_rank"": """"}]",awaiting_title_abstract_screening,,,2026-10-01,2026-09-30,,,
R4295f37b3107dfc2,10.22266/ijies2025.1031.39,Blockchain-driven Key Management and Privacy-preserving Data Aggregation Scheme for SDN-enabled MANETs,https://www.scopus.com/pages/publications/105018512108?origin=resultslist,2025,Kommineni K.K.; Ande P.,International Journal of Intelligent Engineering and Systems,Article,"[""S02""]","[""privacy""]","[{""database"": ""Scopus"", ""query_id"": ""S02"", ""raw_source"": ""search-expansion-S02-20261001.csv"", ""raw_row"": 375, ""native_id"": ""2-s2.0-105018512108"", ""observed_rank"": """"}]",awaiting_title_abstract_screening,,,2026-10-01,2026-09-30,,,
Rfee6e91feafffb33,10.1038/s41598-024-62292-9,Integrating blockchain and ZK-ROLLUP for efficient healthcare data privacy protection system via IPFS,https://www.scopus.com/pages/publications/85194026070?origin=resultslist,2024,Ma S.; Zhang X.,Scientific Reports,Article,"[""S02""]","[""privacy""]","[{""database"": ""Scopus"", ""query_id"": ""S02"", ""raw_source"": ""search-expansion-S02-20261001.csv"", ""raw_row"": 376, ""native_id"": ""2-s2.0-85194026070"", ""observed_rank"": """"}]",duplicate_current_application,updateMaZhang2024Rollup,Matching nonempty DOI,2026-10-01,2026-09-30,,,
Reef8644d2f6385c6,10.3390/s25154597,"Correction: A Novel Decentralized Blockchain Architecture for the Preservation of Privacy and Data Security against Cyberattacks in Healthcare (Sensors, (2022), 22, 15, (5921), 10.3390/s22155921)",https://www.scopus.com/pages/publications/105013533822?origin=resultslist,2025,Kumar A.; Singh A.K.; Ahmad I.; Kumar Singh P.; Anushree; Verma P.K.; Alissa K.A.; Bajaj M.; Ur Rehman A.; Tag-Eldin E.,Sensors,Erratum,"[""S02""]","[""privacy""]","[{""database"": ""Scopus"", ""query_id"": ""S02"", ""raw_source"": ""search-expansion-S02-20261001.csv"", ""raw_row"": 377, ""native_id"": ""2-s2.0-105013533822"", ""observed_rank"": """"}]",awaiting_title_abstract_screening,,,2026-10-01,2026-09-30,,,
Re9dc372a8a3a1d58,10.1109/icctwc68241.2026.11583062,A Secure Cloud Intrusion Detection Framework Using Deep Learning with Privacy Preservation and Blockchain-Based Data Protection,https://www.scopus.com/pages/publications/105045464997?origin=resultslist,2026,Alagu Manohar P.; Mohan M.,"2026 International Conference on Computing Theory and Wireless Communications, ICCTWC 2026",Conference paper,"[""S02""]","[""privacy""]","[{""database"": ""Scopus"", ""query_id"": ""S02"", ""raw_source"": ""search-expansion-S02-20261001.csv"", ""raw_row"": 378, ""native_id"": ""2-s2.0-105045464997"", ""observed_rank"": """"}]",awaiting_title_abstract_screening,,,2026-10-01,2026-09-30,,,
R511faaf0f6b9e76c,10.1016/j.bcra.2024.100210,A privacy-preserving data aggregation system based on blockchain in VANET,https://www.scopus.com/pages/publications/85205303929?origin=resultslist,2024,Yang R.; Dong G.; Xu Z.; Ning J.; Du J.,Blockchain: Research and Applications,Article,"[""S02""]","[""privacy""]","[{""database"": ""Scopus"", ""query_id"": ""S02"", ""raw_source"": ""search-expansion-S02-20261001.csv"", ""raw_row"": 379, ""native_id"": ""2-s2.0-85205303929"", ""observed_rank"": """"}]",awaiting_title_abstract_screening,,,2026-10-01,2026-09-30,,,
R9c7a3d96837c9bb8,10.13196/j.cims.2023.bpm22,Privacy protection and data accountability of collaborative business processes based on hybrid blockchain; [基于混合链的协作业务流程的隐私保护和数据监管],https://www.scopus.com/pages/publications/85204287931?origin=resultslist,2024,Zou W.; Li C.; Ge J.; Luo B.,"Jisuanji Jicheng Zhizao Xitong/Computer Integrated Manufacturing Systems, CIMS",Article,"[""S02""]","[""privacy""]","[{""database"": ""Scopus"", ""query_id"": ""S02"", ""raw_source"": ""search-expansion-S02-20261001.csv"", ""raw_row"": 380, ""native_id"": ""2-s2.0-85204287931"", ""observed_rank"": """"}]",awaiting_title_abstract_screening,,,2026-10-01,2026-09-30,,,
R576b5933c4cad6c9,10.1109/tsusc.2024.3452228,Conditional Data-Sharing Privacy-Preserving Scheme in Blockchain-Based Social Internet of Vehicles,https://www.scopus.com/pages/publications/105003106253?origin=resultslist,2025,Xia Z.; Man J.; Gu K.; Li X.; Huang L.,IEEE Transactions on Sustainable Computing,Article,"[""S02""]","[""privacy""]","[{""database"": ""Scopus"", ""query_id"": ""S02"", ""raw_source"": ""search-expansion-S02-20261001.csv"", ""raw_row"": 381, ""native_id"": ""2-s2.0-105003106253"", ""observed_rank"": """"}]",awaiting_title_abstract_screening,,,2026-10-01,2026-09-30,,,
R14d94cabc4b8d259,10.1201/9781003583127-4,Blockchain and IoT for data privacy in the 6G network: Challenges and solutions,https://www.scopus.com/pages/publications/85215355528?origin=resultslist,2025,Singh B.; Jain V.; Kaunert C.,"Network Security and Data Privacy in 6G Communication: Trends, Challenges, and Applications",Book chapter,"[""S02""]","[""privacy""]","[{""database"": ""Scopus"", ""query_id"": ""S02"", ""raw_source"": ""search-expansion-S02-20261001.csv"", ""raw_row"": 382, ""native_id"": ""2-s2.0-85215355528"", ""observed_rank"": """"}]",awaiting_title_abstract_screening,,,2026-10-01,2026-09-30,,,
Rfa002c0d4910a63a,10.1109/ssitcon66133.2025.11342099,A Multi-Source Data Privacy Collaborative Optimization Model for Engineering Cost Estimation based on Federated Learning and Blockchain,https://www.scopus.com/pages/publications/105033159637?origin=resultslist,2025,Tan Z.,"International Conference on Software, Systems and Information Technology, SSITCON 2025",Conference paper,"[""S02""]","[""privacy""]","[{""database"": ""Scopus"", ""query_id"": ""S02"", ""raw_source"": ""search-expansion-S02-20261001.csv"", ""raw_row"": 383, ""native_id"": ""2-s2.0-105033159637"", ""observed_rank"": """"}]",awaiting_title_abstract_screening,,,2026-10-01,2026-09-30,,,
Ref523ef8f1617ffa,10.1038/s41598-026-51055-3,Blockchain-assisted privacy-preserving data sharing protocol for V2G-enabled electric vehicle IoT networks,https://www.scopus.com/pages/publications/105045124557?origin=resultslist,2026,Lavanya M.; Thiruppathy Kesavan V.; Sathya G.; Gopi R.,Scientific Reports,Article,"[""S02""]","[""privacy""]","[{""database"": ""Scopus"", ""query_id"": ""S02"", ""raw_source"": ""search-expansion-S02-20261001.csv"", ""raw_row"": 384, ""native_id"": ""2-s2.0-105045124557"", ""observed_rank"": """"}]",awaiting_title_abstract_screening,,,2026-10-01,2026-09-30,,,
R00d32cfc9ea6febe,10.5281/zenodo.18666506,PPBEFL: PRIVACY-PRESERVING BLOCKCHAIN ENABLED FEDERATED LEARNING FOR HEALTHCARE DATA SECURITY,https://www.scopus.com/pages/publications/105033626697?origin=resultslist,2026,Bhardwaj T.; Sumangali K.,Journal of Theoretical and Applied Information Technology,Article,"[""S02""]","[""privacy""]","[{""database"": ""Scopus"", ""query_id"": ""S02"", ""raw_source"": ""search-expansion-S02-20261001.csv"", ""raw_row"": 385, ""native_id"": ""2-s2.0-105033626697"", ""observed_rank"": """"}]",awaiting_title_abstract_screening,,,2026-10-01,2026-09-30,,,
R9cd28f09c1afa288,10.1177/03611981231180200,BELIEVE: Privacy-Aware Secure Multi-Party Computation for Real-Time Connected and Autonomous Vehicles and Micro-Mobility Data Validation Using Blockchain—A Study on New York City Data,https://www.scopus.com/pages/publications/85162717312?origin=resultslist,2024,Khan J.A.; Wang W.; Ozbay K.,Transportation Research Record,Article,"[""S02""]","[""privacy""]","[{""database"": ""Scopus"", ""query_id"": ""S02"", ""raw_source"": ""search-expansion-S02-20261001.csv"", ""raw_row"": 386, ""native_id"": ""2-s2.0-85162717312"", ""observed_rank"": """"}]",awaiting_title_abstract_screening,,,2026-10-01,2026-09-30,,,
R3b2291b0c076670f,10.1063/5.0290711,Securing healthcare data privacy and security through blockchain-powered federated learning,https://www.scopus.com/pages/publications/105017969869?origin=resultslist,2025,Singh S.; Vekariya D.; Sutaria K.,AIP Conference Proceedings,Conference paper,"[""S02""]","[""privacy""]","[{""database"": ""Scopus"", ""query_id"": ""S02"", ""raw_source"": ""search-expansion-S02-20261001.csv"", ""raw_row"": 387, ""native_id"": ""2-s2.0-105017969869"", ""observed_rank"": """"}]",awaiting_title_abstract_screening,,,2026-10-01,2026-09-30,,,
Ra7941349955c73dc,10.1117/12.3106181,Supply chain privacy protection and data sharing model based on blockchain and IPFS,https://www.scopus.com/pages/publications/105033042365?origin=resultslist,2026,Lai S.; Lu Z.,Proceedings of SPIE - The International Society for Optical Engineering,Conference paper,"[""S02""]","[""privacy""]","[{""database"": ""Scopus"", ""query_id"": ""S02"", ""raw_source"": ""search-expansion-S02-20261001.csv"", ""raw_row"": 388, ""native_id"": ""2-s2.0-105033042365"", ""observed_rank"": """"}]",awaiting_title_abstract_screening,,,2026-10-01,2026-09-30,,,
R0b4be7bf67e05914,10.1007/s10586-023-04056-0,Securing the medical data using enhanced privacy preserving based blockchain technology in Internet of Things,https://www.scopus.com/pages/publications/85160855239?origin=resultslist,2024,Vatambeti R.; Krishna E.S.P.; Karthik M.G.; Damera V.K.,Cluster Computing,Article,"[""S02""]","[""privacy""]","[{""database"": ""Scopus"", ""query_id"": ""S02"", ""raw_source"": ""search-expansion-S02-20261001.csv"", ""raw_row"": 389, ""native_id"": ""2-s2.0-85160855239"", ""observed_rank"": """"}]",awaiting_title_abstract_screening,,,2026-10-01,2026-09-30,,,
R74237656f02950ff,10.1109/ce2ct64011.2025.10939863,Blockchain for Cybersecurity_ Securing Data Transactions and Enhancing Privacy in Digital Systems,https://www.scopus.com/pages/publications/105002704333?origin=resultslist,2025,Rajababu D.; Surya S.; Padhiary M.; Modi H.,"1st International Conference on Advances in Computer Science, Electrical, Electronics, and Communication Technologies, CE2CT 2025",Conference paper,"[""S02""]","[""privacy""]","[{""database"": ""Scopus"", ""query_id"": ""S02"", ""raw_source"": ""search-expansion-S02-20261001.csv"", ""raw_row"": 390, ""native_id"": ""2-s2.0-105002704333"", ""observed_rank"": """"}]",awaiting_title_abstract_screening,,,2026-10-01,2026-09-30,,,
R852ea293b05c3126,10.70389/pjs.100063,"Blockchain Applications in Cybersecurity: Exploring Use Cases in Identity Management, Data Privacy, and Threat Mitigation",https://www.scopus.com/pages/publications/105005444115?origin=resultslist,2025,Ahmed W.,Premier Journal of Science,Review,"[""S02""]","[""privacy""]","[{""database"": ""Scopus"", ""query_id"": ""S02"", ""raw_source"": ""search-expansion-S02-20261001.csv"", ""raw_row"": 391, ""native_id"": ""2-s2.0-105005444115"", ""observed_rank"": """"}]",awaiting_title_abstract_screening,,,2026-10-01,2026-09-30,,,
R18aff8a9ce2c6a69,10.1007/978-981-96-2376-1_15,Blockchain-Powered Pierarchical CP-ABE Ecological Big Data Sharing and Privacy Protection Scheme,https://www.scopus.com/pages/publications/105001337826?origin=resultslist,2025,Gao Q.; Han W.; Sa R.; An Q.; Zhao Y.; Zhang J.; Yu M.,Communications in Computer and Information Science,Conference paper,"[""S02""]","[""privacy""]","[{""database"": ""Scopus"", ""query_id"": ""S02"", ""raw_source"": ""search-expansion-S02-20261001.csv"", ""raw_row"": 392, ""native_id"": ""2-s2.0-105001337826"", ""observed_rank"": """"}]",awaiting_title_abstract_screening,,,2026-10-01,2026-09-30,,,
R642d57ffd73cbe5f,10.1109/icbats66542.2025.11258491,Blockchain for Enhanced Data Privacy in Healthcare,https://www.scopus.com/pages/publications/105030546990?origin=resultslist,2025,Nasar M.; Yousif Y.K.; Al Batahari M.; Kausar M.A.; Al-Dmour N.A.; Saeed A.Q.,"3rd International Conference on Business Analytics for Technology and Security, ICBATS 2025",Conference paper,"[""S02""]","[""privacy""]","[{""database"": ""Scopus"", ""query_id"": ""S02"", ""raw_source"": ""search-expansion-S02-20261001.csv"", ""raw_row"": 393, ""native_id"": ""2-s2.0-105030546990"", ""observed_rank"": """"}]",awaiting_title_abstract_screening,,,2026-10-01,2026-09-30,,,
R805c8d258732e3c5,10.1109/lsens.2024.3482177,"PRISM-Guardian: Enhancing Data Privacy in Devices With Sound Collection, Recognition, and Sharing Through Blockchain Technology",https://www.scopus.com/pages/publications/85207379523?origin=resultslist,2024,Filho E.; De Lima Ferreira C.M.; Palitot G.; Marcon C.; Vercouter L.; Silveira J.,IEEE Sensors Letters,Article,"[""S02""]","[""privacy""]","[{""database"": ""Scopus"", ""query_id"": ""S02"", ""raw_source"": ""search-expansion-S02-20261001.csv"", ""raw_row"": 394, ""native_id"": ""2-s2.0-85207379523"", ""observed_rank"": """"}]",awaiting_title_abstract_screening,,,2026-10-01,2026-09-30,,,
R532e8cb561b3ac3a,10.1007/978-3-031-97825-8_107,Blockchain-Based System for Privacy and Security of Health Data Stored in the Cloud,https://www.scopus.com/pages/publications/105039625469?origin=resultslist,2026,Chahid A.; EL Marzak Y.; Souad A.; Mansouri K.,"Advances in Science, Technology and Innovation",Conference paper,"[""S02""]","[""privacy""]","[{""database"": ""Scopus"", ""query_id"": ""S02"", ""raw_source"": ""search-expansion-S02-20261001.csv"", ""raw_row"": 395, ""native_id"": ""2-s2.0-105039625469"", ""observed_rank"": """"}]",awaiting_title_abstract_screening,,,2026-10-01,2026-09-30,,,
Rab3fcc1ffe24b96c,10.1007/978-3-032-24513-7_5,NexusChat: Enabling Privacy-Preserving AI through Decentralized Data Objects on the Sui Blockchain,https://www.scopus.com/pages/publications/105047680898?origin=resultslist,2026,Anastasiadis S.; Giatzis A.; Tsoulopoulos M.; Georgiadis C.K.,Communications in Computer and Information Science,Conference paper,"[""S02""]","[""privacy""]","[{""database"": ""Scopus"", ""query_id"": ""S02"", ""raw_source"": ""search-expansion-S02-20261001.csv"", ""raw_row"": 396, ""native_id"": ""2-s2.0-105047680898"", ""observed_rank"": """"}]",awaiting_title_abstract_screening,,,2026-10-01,2026-09-30,,,
Rd306ae22c3d4c4c4,,"19th International Workshop on Data Privacy Management, DPM 2024, 8th International Workshop on Cryptocurrencies and Blockchain Technology, CBT 2024 and 10th Workshop on the Security of Industrial Control Systems and of Cyber-Physical Systems, CyberICPS 2024 which were held in conjunction with the 29th European Symposium on Research in Computer Security, ESORICS 2024",https://www.scopus.com/pages/publications/105002433193?origin=resultslist,2025,,Lecture Notes in Computer Science,Conference review,"[""S02""]","[""privacy""]","[{""database"": ""Scopus"", ""query_id"": ""S02"", ""raw_source"": ""search-expansion-S02-20261001.csv"", ""raw_row"": 397, ""native_id"": ""2-s2.0-105002433193"", ""observed_rank"": """"}, {""database"": ""Scopus"", ""query_id"": ""S02"", ""raw_source"": ""search-expansion-S02-20261001.csv"", ""raw_row"": 421, ""native_id"": ""2-s2.0-105002727259"", ""observed_rank"": """"}]",awaiting_title_abstract_screening,,,2026-10-01,2026-09-30,,,
R24d1b86432aa082d,10.1109/idicaiei61867.2024.10842917,Medical Data Security and Privacy Preservation using Blockchain Technology Integrated with Healthcare 4.0 Standand:Current Method and Challanges,https://www.scopus.com/pages/publications/85217841752?origin=resultslist,2024,Sant S.; Bhaladhare P.R.,"2024 2nd DMIHER International Conference on Artificial Intelligence in Healthcare, Education and Industry, IDICAIEI 2024",Conference paper,"[""S02""]","[""privacy""]","[{""database"": ""Scopus"", ""query_id"": ""S02"", ""raw_source"": ""search-expansion-S02-20261001.csv"", ""raw_row"": 398, ""native_id"": ""2-s2.0-85217841752"", ""observed_rank"": """"}]",awaiting_title_abstract_screening,,,2026-10-01,2026-09-30,,,
Rd6439a06a8510386,10.1201/9781003546559-14,Blockchain Security in Healthcare: Ensuring Data Integrity and Privacy,https://www.scopus.com/pages/publications/105020148163?origin=resultslist,2025,Mishra D.; Phansalkar S.; Han S.; Potdar V.,Decentralized Healing: Transforming Healthcare with Federated Learning and Blockchain Technologies,Book chapter,"[""S02""]","[""privacy""]","[{""database"": ""Scopus"", ""query_id"": ""S02"", ""raw_source"": ""search-expansion-S02-20261001.csv"", ""raw_row"": 399, ""native_id"": ""2-s2.0-105020148163"", ""observed_rank"": """"}]",awaiting_title_abstract_screening,,,2026-10-01,2026-09-30,,,
Reddc9909532565db,10.47974/jdmsc-2132,A novel optimization-based blockchain technology using health care data for enhancing security and privacy in the medical system,https://www.scopus.com/pages/publications/85213998093?origin=resultslist,2024,Kavita K.; Kulkarni R.; Prasad A.H.; Jeyakumar B.; Thaile M.; Gore S.,Journal of Discrete Mathematical Sciences and Cryptography,Article,"[""S02""]","[""privacy""]","[{""database"": ""Scopus"", ""query_id"": ""S02"", ""raw_source"": ""search-expansion-S02-20261001.csv"", ""raw_row"": 400, ""native_id"": ""2-s2.0-85213998093"", ""observed_rank"": """"}]",awaiting_title_abstract_screening,,,2026-10-01,2026-09-30,,,
R6f49cf429f653614,10.3390/info15030171,Advancing Video Data Privacy Preservation in IoT Networks through Video Blockchain †,https://www.scopus.com/pages/publications/85188944701?origin=resultslist,2024,Moolikagedara K.; Nguyen M.; Yan W.; Li X.,Information (Switzerland),Article,"[""S02""]","[""privacy""]","[{""database"": ""Scopus"", ""query_id"": ""S02"", ""raw_source"": ""search-expansion-S02-20261001.csv"", ""raw_row"": 401, ""native_id"": ""2-s2.0-85188944701"", ""observed_rank"": """"}]",awaiting_title_abstract_screening,,,2026-10-01,2026-09-30,,,
R92fac1a58feb2d89,10.1007/s10791-025-09606-1,Blockchain enabled architecture for data privacy preservation in the metaverse environment,https://www.scopus.com/pages/publications/105007080379?origin=resultslist,2025,Patwe S.; Mane S.,Discover Computing,Article,"[""S02""]","[""privacy""]","[{""database"": ""Scopus"", ""query_id"": ""S02"", ""raw_source"": ""search-expansion-S02-20261001.csv"", ""raw_row"": 402, ""native_id"": ""2-s2.0-105007080379"", ""observed_rank"": """"}]",awaiting_title_abstract_screening,,,2026-10-01,2026-09-30,,,
R0e9be25f2c0f9d51,10.1016/j.dajour.2024.100419,A blockchain privacy-conserving framework for secure medical data transmission in the internet of medical things,https://www.scopus.com/pages/publications/85185524200?origin=resultslist,2024,Sutradhar S.; Majumder S.; Bose R.; Mondal H.; Bhattacharyya D.,Decision Analytics Journal,Article,"[""S02""]","[""privacy""]","[{""database"": ""Scopus"", ""query_id"": ""S02"", ""raw_source"": ""search-expansion-S02-20261001.csv"", ""raw_row"": 403, ""native_id"": ""2-s2.0-85185524200"", ""observed_rank"": """"}]",awaiting_title_abstract_screening,,,2026-10-01,2026-09-30,,,
Rf9b2b00415e8a2ee,,Blockchain-Based Decentralized Federated Learning for Privacy-Preserving Traffic Flow Prediction: A Case Study with PeMS-8 Data,https://www.scopus.com/pages/publications/105026775490?origin=resultslist,2024,Asad S.; Masood T.; Akhter S.; Ghazanfar M.N.; Azeem S.; Naseer I.; Khushi H.M.T.,Journal of Computing and Biomedical Informatics,Article,"[""S02""]","[""privacy""]","[{""database"": ""Scopus"", ""query_id"": ""S02"", ""raw_source"": ""search-expansion-S02-20261001.csv"", ""raw_row"": 404, ""native_id"": ""2-s2.0-105026775490"", ""observed_rank"": """"}]",awaiting_title_abstract_screening,,,2026-10-01,2026-09-30,,,
R7e1deb178d75a3ed,10.55214/25768484.v9i3.5732,Research on privacy protection and data security policy optimization of digital copyright blockchain platform,https://www.scopus.com/pages/publications/105001441603?origin=resultslist,2025,Qi Q.; Salcedo L.G.B.,Edelweiss Applied Science and Technology,Article,"[""S02""]","[""privacy""]","[{""database"": ""Scopus"", ""query_id"": ""S02"", ""raw_source"": ""search-expansion-S02-20261001.csv"", ""raw_row"": 405, ""native_id"": ""2-s2.0-105001441603"", ""observed_rank"": """"}]",awaiting_title_abstract_screening,,,2026-10-01,2026-09-30,,,
Rb052f669685f1549,10.1007/s11227-025-07156-3,A blockchain-based privacy-preserving data aggregation scheme with robustness in smart grids,https://www.scopus.com/pages/publications/105001562584?origin=resultslist,2025,yuanjian Z.; Tianci Z.; Zhengjun J.; Quanyu Z.; Yongkang Z.,Journal of Supercomputing,Article,"[""S02""]","[""privacy""]","[{""database"": ""Scopus"", ""query_id"": ""S02"", ""raw_source"": ""search-expansion-S02-20261001.csv"", ""raw_row"": 406, ""native_id"": ""2-s2.0-105001562584"", ""observed_rank"": """"}]",awaiting_title_abstract_screening,,,2026-10-01,2026-09-30,,,
Rb5553daec821f7e8,10.4018/979-8-3373-4412-6.ch007,Strengthening Data Integrity in Healthcare Through Blockchain Technology for Enhanced Patient Privacy in the Digital Age,https://www.scopus.com/pages/publications/105034021407?origin=resultslist,2025,Nasurudeen Ahamed N.; Murugan T.,Wearable Medical Device Security and Network Protection for Reliable Healthcare,Book chapter,"[""S02""]","[""privacy""]","[{""database"": ""Scopus"", ""query_id"": ""S02"", ""raw_source"": ""search-expansion-S02-20261001.csv"", ""raw_row"": 407, ""native_id"": ""2-s2.0-105034021407"", ""observed_rank"": """"}]",awaiting_title_abstract_screening,,,2026-10-01,2026-09-30,,,
R6b7cf322503a58d8,10.1145/3703935.3703972,Research on Identity Data Privacy Protection Based on Blockchain and Zero Knowledge Proofs,https://www.scopus.com/pages/publications/105010540985?origin=resultslist,2025,Yang J.; Li C.; Sun X.; Yang F.,ACM International Conference Proceeding Series,Conference paper,"[""S02"", ""S03""]","[""privacy""]","[{""database"": ""Scopus"", ""query_id"": ""S02"", ""raw_source"": ""search-expansion-S02-20261001.csv"", ""raw_row"": 408, ""native_id"": ""2-s2.0-105010540985"", ""observed_rank"": """"}, {""database"": ""ACM Full-Text Collection"", ""query_id"": ""S03"", ""raw_source"": ""search-expansion-ACM-20261001.csv"", ""raw_row"": 9, ""native_id"": """", ""observed_rank"": ""9""}]",awaiting_title_abstract_screening,,,2026-10-01,2026-09-30,,,
Re44e673d3e3bafd4,10.3390/sym16111550,Data-Sharing System with Attribute-Based Encryption in Blockchain and Privacy Computing †,https://www.scopus.com/pages/publications/85210439652?origin=resultslist,2024,Wu H.; Liu Y.; Zhu K.; Zhang L.,Symmetry,Article,"[""S02""]","[""privacy""]","[{""database"": ""Scopus"", ""query_id"": ""S02"", ""raw_source"": ""search-expansion-S02-20261001.csv"", ""raw_row"": 409, ""native_id"": ""2-s2.0-85210439652"", ""observed_rank"": """"}]",awaiting_title_abstract_screening,,,2026-10-01,2026-09-30,,,
Ra0704781983e0ec6,10.1109/iciscn67954.2026.11566410,Comprehensive Analysis of Privacy Preserving Blockchain Systems for Healthcare Data,https://www.scopus.com/pages/publications/105043707262?origin=resultslist,2026,Shivanna T.B.; Sujatha R.S.,"2026 2nd International Conference on Intelligent Systems and Computational Networks, ICISCN 2026",Conference paper,"[""S02""]","[""privacy""]","[{""database"": ""Scopus"", ""query_id"": ""S02"", ""raw_source"": ""search-expansion-S02-20261001.csv"", ""raw_row"": 410, ""native_id"": ""2-s2.0-105043707262"", ""observed_rank"": """"}]",awaiting_title_abstract_screening,,,2026-10-01,2026-09-30,,,
R8c54c0d29af7071b,10.1109/swc62898.2024.00360,"Verifiable, Access-Controllable, and Privacy-Preserving Multidimensional Data Aggregation based on Blockchain in Smart Grids",https://www.scopus.com/pages/publications/105002234143?origin=resultslist,2024,Jiang S.; Wang C.; Shen J.; Tan H.; Huang W.,"Proceedings - 2024 IEEE Smart World Congress, SWC 2024 - 2024 IEEE Ubiquitous Intelligence and Computing, Autonomous and Trusted Computing, Digital Twin, Metaverse, Privacy Computing and Data Security, Scalable Computing and Communications",Conference paper,"[""S02""]","[""privacy""]","[{""database"": ""Scopus"", ""query_id"": ""S02"", ""raw_source"": ""search-expansion-S02-20261001.csv"", ""raw_row"": 411, ""native_id"": ""2-s2.0-105002234143"", ""observed_rank"": """"}]",awaiting_title_abstract_screening,,,2026-10-01,2026-09-30,,,
R8ce91ed551315a3d,10.1109/aceee62329.2024.10651704,A Blockchain-based Privacy-Preserving Matching Scheme for Power Data,https://www.scopus.com/pages/publications/85203786841?origin=resultslist,2024,Hou Z.; Qiu G.; Zhao R.; Lin G.; Wang C.; Zhang Y.; Pan K.,"2024 7th Asia Conference on Energy and Electrical Engineering, ACEEE 2024",Conference paper,"[""S02""]","[""privacy""]","[{""database"": ""Scopus"", ""query_id"": ""S02"", ""raw_source"": ""search-expansion-S02-20261001.csv"", ""raw_row"": 412, ""native_id"": ""2-s2.0-85203786841"", ""observed_rank"": """"}]",awaiting_title_abstract_screening,,,2026-10-01,2026-09-30,,,
R39867bc56a415282,10.1109/icoei68323.2026.11541623,A Blockchain-based Framework for Secure and Privacy-Preserving Healthcare Data Interoperability,https://www.scopus.com/pages/publications/105042356656?origin=resultslist,2026,Vashisth A.; Kaur G.; Kaur B.; Sethi G.,"Proceedings of 9th International Conference on Trends in Electronics and Informatics, ICOEI 2026",Conference paper,"[""S02""]","[""privacy""]","[{""database"": ""Scopus"", ""query_id"": ""S02"", ""raw_source"": ""search-expansion-S02-20261001.csv"", ""raw_row"": 413, ""native_id"": ""2-s2.0-105042356656"", ""observed_rank"": """"}]",awaiting_title_abstract_screening,,,2026-10-01,2026-09-30,,,
R379ddc1238bcceaa,10.1177/14727978241299490,Blockchain-based federated learning algorithm and incentive mechanism enhancing data privacy and training accuracy,https://www.scopus.com/pages/publications/105007147700?origin=resultslist,2025,Wang B.; Du J.; Cong Y.; Yu Y.,Journal of Computational Methods in Sciences and Engineering,Article,"[""S02""]","[""privacy""]","[{""database"": ""Scopus"", ""query_id"": ""S02"", ""raw_source"": ""search-expansion-S02-20261001.csv"", ""raw_row"": 414, ""native_id"": ""2-s2.0-105007147700"", ""observed_rank"": """"}]",awaiting_title_abstract_screening,,,2026-10-01,2026-09-30,,,
R00dc81735af0647e,10.1109/tdsc.2024.3353827,Privacy-Preserving Anomaly Detection of Encrypted Smart Contract for Blockchain-Based Data Trading,https://www.scopus.com/pages/publications/85182953789?origin=resultslist,2024,Chen D.; Liao Z.; Chen R.; Wang H.; Yu C.; Zhang K.; Zhang N.; Shen X.,IEEE Transactions on Dependable and Secure Computing,Article,"[""S02""]","[""privacy""]","[{""database"": ""Scopus"", ""query_id"": ""S02"", ""raw_source"": ""search-expansion-S02-20261001.csv"", ""raw_row"": 415, ""native_id"": ""2-s2.0-85182953789"", ""observed_rank"": """"}]",awaiting_title_abstract_screening,,,2026-10-01,2026-09-30,,,
Rae48073252495376,10.1109/icpct64145.2025.10941061,Data Protection and Privacy in HRM: Challenges and Solutions with Blockchain,https://www.scopus.com/pages/publications/105002868897?origin=resultslist,2025,Ramesh R.; Thamaraiselvi P.; Sirisha T.; Kalyan N.B.; Singh Sidhu K.; Begum S.J.,"2025 International Conference on Pervasive Computational Technologies, ICPCT 2025",Conference paper,"[""S02""]","[""privacy""]","[{""database"": ""Scopus"", ""query_id"": ""S02"", ""raw_source"": ""search-expansion-S02-20261001.csv"", ""raw_row"": 416, ""native_id"": ""2-s2.0-105002868897"", ""observed_rank"": """"}]",awaiting_title_abstract_screening,,,2026-10-01,2026-09-30,,,
Rf721feeddf58ea45,10.1002/ett.70070,Lattice Homomorphic Assisted Privacy Preserving Electronic Health Records Data Transmission in Internet of Medical Things Using Blockchain,https://www.scopus.com/pages/publications/85218926742?origin=resultslist,2025,Vijay Anand R.; Alagiri I.; Jayalakshmi P.; Brahmam M.G.; Abdullah A.B.,Transactions on Emerging Telecommunications Technologies,Article,"[""S02""]","[""privacy""]","[{""database"": ""Scopus"", ""query_id"": ""S02"", ""raw_source"": ""search-expansion-S02-20261001.csv"", ""raw_row"": 417, ""native_id"": ""2-s2.0-85218926742"", ""observed_rank"": """"}]",awaiting_title_abstract_screening,,,2026-10-01,2026-09-30,,,
R101e43158d53aef2,10.5220/0012764800003767,"Securing Patient Data in IoT Devices: A Blockchain-NFT Approach for Privacy, Security, and Authentication",https://www.scopus.com/pages/publications/85202826511?origin=resultslist,2024,Masroor F.; Gopalakrishnan A.; Goveas N.,Proceedings of the International Conference on Security and Cryptography,Conference paper,"[""S02""]","[""privacy""]","[{""database"": ""Scopus"", ""query_id"": ""S02"", ""raw_source"": ""search-expansion-S02-20261001.csv"", ""raw_row"": 418, ""native_id"": ""2-s2.0-85202826511"", ""observed_rank"": """"}]",awaiting_title_abstract_screening,,,2026-10-01,2026-09-30,,,
Rcd3f2c2847493b72,10.3390/math14163009,Blockchain-Based Data Sharing for National Statistics Offices: A Survey and Privacy Governance Evaluated with the Five Safes Framework,https://www.scopus.com/pages/publications/105048402416?origin=resultslist,2026,Sandyawan I.; Sigmanova F.; Li Z.Z.; Oliveira E.A.; Cui H.,Mathematics,Review,"[""S02""]","[""privacy""]","[{""database"": ""Scopus"", ""query_id"": ""S02"", ""raw_source"": ""search-expansion-S02-20261001.csv"", ""raw_row"": 419, ""native_id"": ""2-s2.0-105048402416"", ""observed_rank"": """"}]",awaiting_title_abstract_screening,,,2026-10-01,2026-09-30,,,
R9337dade5a0e9bc8,10.1109/otcon65728.2025.11070484,Blockchain Powered IoT Solutions for Privacy Preserving Healthcare Data Management,https://www.scopus.com/pages/publications/105012128121?origin=resultslist,2025,Alghamdi A.; Furaijl H.B.; Al-Sammarraie N.A.; Alanssari A.I.; Nimah N.R.; Soni M.,"2025 4th OPJU International Technology Conference on Smart Computing for Innovation and Advancement in Industry 5.0, OTCON 2025",Conference paper,"[""S02""]","[""privacy""]","[{""database"": ""Scopus"", ""query_id"": ""S02"", ""raw_source"": ""search-expansion-S02-20261001.csv"", ""raw_row"": 420, ""native_id"": ""2-s2.0-105012128121"", ""observed_rank"": """"}]",awaiting_title_abstract_screening,,,2026-10-01,2026-09-30,,,
Rc110e1b2534051a9,10.1109/jsac.2023.3345392,Privacy-Preserving Identity-Based Data Rights Governance for Blockchain-Empowered Human-Centric Metaverse Communications,https://www.scopus.com/pages/publications/85182368467?origin=resultslist,2024,Zhang C.; Zhao M.; Zhang W.; Fan Q.; Ni J.; Zhu L.,IEEE Journal on Selected Areas in Communications,Article,"[""S02""]","[""privacy""]","[{""database"": ""Scopus"", ""query_id"": ""S02"", ""raw_source"": ""search-expansion-S02-20261001.csv"", ""raw_row"": 422, ""native_id"": ""2-s2.0-85182368467"", ""observed_rank"": """"}]",awaiting_title_abstract_screening,,,2026-10-01,2026-09-30,,,
Rfb052457559a7d64,10.6180/jase.202509_28(9).0009,Medical Data Privacy Protection Based On Blockchain Asymmetric Encryption Algorithm And Generative Adversarial Network,https://www.scopus.com/pages/publications/85217223390?origin=resultslist,2024,Gao Y.; Kim J.-W.,Journal of Applied Science and Engineering,Article,"[""S02""]","[""privacy""]","[{""database"": ""Scopus"", ""query_id"": ""S02"", ""raw_source"": ""search-expansion-S02-20261001.csv"", ""raw_row"": 423, ""native_id"": ""2-s2.0-85217223390"", ""observed_rank"": """"}]",awaiting_title_abstract_screening,,,2026-10-01,2026-09-30,,,
Rd51b939bda5ff220,10.1109/icbds67396.2025.11377874,Blockchain-Enabled Customer Data Privacy for Trust-Centric Digital Marketing: A Framework for Transparency and Consent Management,https://www.scopus.com/pages/publications/105034401913?origin=resultslist,2025,Ingle P.S.; Tamhane R.D.,"2025 IEEE International Conference on Blockchain and Distributed Systems Security, ICBDS 2025",Conference paper,"[""S02"", ""S05""]","[""privacy"", ""consent""]","[{""database"": ""Scopus"", ""query_id"": ""S02"", ""raw_source"": ""search-expansion-S02-20261001.csv"", ""raw_row"": 424, ""native_id"": ""2-s2.0-105034401913"", ""observed_rank"": """"}, {""database"": ""Scopus"", ""query_id"": ""S05"", ""raw_source"": ""search-expansion-S05-20261001.csv"", ""raw_row"": 43, ""native_id"": ""2-s2.0-105034401913"", ""observed_rank"": """"}]",awaiting_title_abstract_screening,,,2026-10-01,2026-09-30,,,
R7d514454e32da56f,10.4018/979-8-3693-3956-5.ch014,Securing data privacy in blockchain networks,https://www.scopus.com/pages/publications/105006538143?origin=resultslist,2024,Rahman H.,Blockchain Technology Applications in Knowledge Management,Book chapter,"[""S02""]","[""privacy""]","[{""database"": ""Scopus"", ""query_id"": ""S02"", ""raw_source"": ""search-expansion-S02-20261001.csv"", ""raw_row"": 425, ""native_id"": ""2-s2.0-105006538143"", ""observed_rank"": """"}]",awaiting_title_abstract_screening,,,2026-10-01,2026-09-30,,,
R02f35834ae582ce1,10.70102/afts.2025.1833.819,DATA SECURITY AND PRIVACY PROTECTION MECHANISM FOR POWER GRID SUPPLY CHAIN BASED ONDUAL-CONSORTIUM BLOCKCHAIN ARCHITECTURE AND IMPROVED BGN ALGORITHM,https://www.scopus.com/pages/publications/105028670351?origin=resultslist,2025,Wen Y.; Tang M.; Yang Y.; Luo H.,Archives for Technical Sciences,Article,"[""S02""]","[""privacy""]","[{""database"": ""Scopus"", ""query_id"": ""S02"", ""raw_source"": ""search-expansion-S02-20261001.csv"", ""raw_row"": 426, ""native_id"": ""2-s2.0-105028670351"", ""observed_rank"": """"}]",awaiting_title_abstract_screening,,,2026-10-01,2026-09-30,,,
Rf9585924510b25f7,10.1109/ngdn61651.2024.10744115,A Privacy Protection Scheme for Power Data Based on Blockchain and Privacy-preserving Computation,https://www.scopus.com/pages/publications/85211361284?origin=resultslist,2024,Ai X.; Yin Y.; Meng Q.; Huang Y.; Tu D.; Dong Y.,"2024 6th International Conference on Next Generation Data-Driven Networks, NGDN 2024",Conference paper,"[""S02""]","[""privacy""]","[{""database"": ""Scopus"", ""query_id"": ""S02"", ""raw_source"": ""search-expansion-S02-20261001.csv"", ""raw_row"": 427, ""native_id"": ""2-s2.0-85211361284"", ""observed_rank"": """"}]",awaiting_title_abstract_screening,,,2026-10-01,2026-09-30,,,
R81994c9a42d3815e,10.1007/9783030343323-4,Utilizing Blockchain and Interplanetary File System for Enhanced User Privacy in Secure Data Sharing,https://www.scopus.com/pages/publications/105011458681?origin=resultslist,2025,Balamurugan K.; Azhagiri M.; Vardhini P.A.H.; Jijo E.; Parthiban L.,"Blockchain and IoT: Foundations, Applications and Case Studies",Book chapter,"[""S02""]","[""privacy""]","[{""database"": ""Scopus"", ""query_id"": ""S02"", ""raw_source"": ""search-expansion-S02-20261001.csv"", ""raw_row"": 428, ""native_id"": ""2-s2.0-105011458681"", ""observed_rank"": """"}]",awaiting_title_abstract_screening,,,2026-10-01,2026-09-30,,,
R2e7b7e62160c2f49,10.62441/nano-ntp.v20is2.36,Blockchain-based Privacy Preservation Framework for Healthcare Data in Cloud Environment,https://www.scopus.com/pages/publications/85199526148?origin=resultslist,2024,Shaheen H.; Shameem P.M.; Easpin B.,Nanotechnology Perceptions,Article,"[""S02""]","[""privacy""]","[{""database"": ""Scopus"", ""query_id"": ""S02"", ""raw_source"": ""search-expansion-S02-20261001.csv"", ""raw_row"": 429, ""native_id"": ""2-s2.0-85199526148"", ""observed_rank"": """"}]",awaiting_title_abstract_screening,,,2026-10-01,2026-09-30,,,
R0933721df8594b20,10.1063/5.0327693,AI and Blockchain in E-Commerce: An Analysis of Data Security and Privacy Enhancements,https://www.scopus.com/pages/publications/105042868660?origin=resultslist,2026,Ntoula A.; Antoniadis I.; Saprikis V.; Fragulis G.F.,AIP Conference Proceedings,Conference paper,"[""S02""]","[""privacy""]","[{""database"": ""Scopus"", ""query_id"": ""S02"", ""raw_source"": ""search-expansion-S02-20261001.csv"", ""raw_row"": 430, ""native_id"": ""2-s2.0-105042868660"", ""observed_rank"": """"}]",awaiting_title_abstract_screening,,,2026-10-01,2026-09-30,,,
Ra0e49f04a0268306,10.1016/j.sasc.2025.200308,Improving data security and privacy in sports health monitoring through blockchain,https://www.scopus.com/pages/publications/105007783729?origin=resultslist,2025,Yuan X.,Systems and Soft Computing,Article,"[""S02""]","[""privacy""]","[{""database"": ""Scopus"", ""query_id"": ""S02"", ""raw_source"": ""search-expansion-S02-20261001.csv"", ""raw_row"": 431, ""native_id"": ""2-s2.0-105007783729"", ""observed_rank"": """"}]",awaiting_title_abstract_screening,,,2026-10-01,2026-09-30,,,
R9a2f3567273e1cce,10.1109/tsg.2024.3435054,Efficient Blockchain-Based Data Aggregation Scheme With Privacy-Preserving on the Smart Grid,https://www.scopus.com/pages/publications/85200249197?origin=resultslist,2024,Lei L.; Wang F.; Zhao C.; Xu L.,IEEE Transactions on Smart Grid,Article,"[""S02""]","[""privacy""]","[{""database"": ""Scopus"", ""query_id"": ""S02"", ""raw_source"": ""search-expansion-S02-20261001.csv"", ""raw_row"": 432, ""native_id"": ""2-s2.0-85200249197"", ""observed_rank"": """"}]",awaiting_title_abstract_screening,,,2026-10-01,2026-09-30,,,
Rdcb207ad0ceadff4,10.1109/seb4sdg60871.2024.10629680,Application of Blockchain Technology for Data Privacy and Secured Sharing in Electronic Medical Records: A Systematic Literature Review,https://www.scopus.com/pages/publications/85202930817?origin=resultslist,2024,Osamor V.C.; Edosomwan I.B.; Damilola O.O.,"International Conference on Science, Engineering and Business for Driving Sustainable Development Goals, SEB4SDG 2024",Conference paper,"[""S02""]","[""privacy""]","[{""database"": ""Scopus"", ""query_id"": ""S02"", ""raw_source"": ""search-expansion-S02-20261001.csv"", ""raw_row"": 433, ""native_id"": ""2-s2.0-85202930817"", ""observed_rank"": """"}]",awaiting_title_abstract_screening,,,2026-10-01,2026-09-30,,,
R6f4c48b881363d64,10.1016/j.procs.2024.04.203,Enhanced Privacy Preservation and Data Storage in Blockchain-Based Electric Vehicle Network,https://www.scopus.com/pages/publications/85196356618?origin=resultslist,2024,Sahu B.L.; Chandrakar P.,Procedia Computer Science,Conference paper,"[""S02""]","[""privacy""]","[{""database"": ""Scopus"", ""query_id"": ""S02"", ""raw_source"": ""search-expansion-S02-20261001.csv"", ""raw_row"": 434, ""native_id"": ""2-s2.0-85196356618"", ""observed_rank"": """"}]",awaiting_title_abstract_screening,,,2026-10-01,2026-09-30,,,
Rc90ba0df98b8cf31,10.1007/s11042-024-20109-x,Blockchain-based privacy preservation framework for preventing cyberattacks in smart healthcare big data management systems,https://www.scopus.com/pages/publications/85202952829?origin=resultslist,2025,Patil S.M.; Dakhare B.S.; Satre S.M.; Pawar S.D.,Multimedia Tools and Applications,Article,"[""S02""]","[""privacy""]","[{""database"": ""Scopus"", ""query_id"": ""S02"", ""raw_source"": ""search-expansion-S02-20261001.csv"", ""raw_row"": 435, ""native_id"": ""2-s2.0-85202952829"", ""observed_rank"": """"}]",awaiting_title_abstract_screening,,,2026-10-01,2026-09-30,,,
Rb6336fc6700fe5e4,10.3390/s25144344,Blockchain-Based Trusted Data Management with Privacy Preservation for Secure IoT Systems,https://www.scopus.com/pages/publications/105011611665?origin=resultslist,2025,Zhou H.; Gao H.; Ma Z.; Lai G.,Sensors,Article,"[""S02""]","[""privacy""]","[{""database"": ""Scopus"", ""query_id"": ""S02"", ""raw_source"": ""search-expansion-S02-20261001.csv"", ""raw_row"": 436, ""native_id"": ""2-s2.0-105011611665"", ""observed_rank"": """"}]",awaiting_title_abstract_screening,,,2026-10-01,2026-09-30,,,
Rbcbfea677dedcea4,10.1201/9781003678359-7,Enhancing Privacy and Data Security in Multimodal LLMs through Cryptography and Blockchain Technology,https://www.scopus.com/pages/publications/105051032601?origin=resultslist,2026,Chinnasamy P.; Mohideen Abdulkader M.; Ayyasamy R.K.; Shobha Rani V.; Naresh A.; Vinoth Kumar P.,Multimodal Artificial Intelligence and Large Language Models: A Comprehensive Guide from Theory to Practice,Book chapter,"[""S02""]","[""privacy""]","[{""database"": ""Scopus"", ""query_id"": ""S02"", ""raw_source"": ""search-expansion-S02-20261001.csv"", ""raw_row"": 437, ""native_id"": ""2-s2.0-105051032601"", ""observed_rank"": """"}]",awaiting_title_abstract_screening,,,2026-10-01,2026-09-30,,,
R2c1c09bd9ead3311,10.1109/tvt.2023.3345272,A Distributed Internet of Vehicles Data Privacy Protection Method Based on Zero-Knowledge Proof and Blockchain,https://www.scopus.com/pages/publications/85182360742?origin=resultslist,2024,Jiang W.; Lv X.,IEEE Transactions on Vehicular Technology,Article,"[""S02""]","[""privacy""]","[{""database"": ""Scopus"", ""query_id"": ""S02"", ""raw_source"": ""search-expansion-S02-20261001.csv"", ""raw_row"": 438, ""native_id"": ""2-s2.0-85182360742"", ""observed_rank"": """"}]",awaiting_title_abstract_screening,,,2026-10-01,2026-09-30,,,
R611942a3c8938e11,10.1109/tbdata.2024.3394700,Blockchain-Enabled Secure Collaborative Model Learning Using Differential Privacy for IoT-Based Big Data Analytics,https://www.scopus.com/pages/publications/85192171862?origin=resultslist,2025,Tekchandani P.; Bisht A.; Das A.K.; Kumar N.; Karuppiah M.; Vijayakumar P.; Park Y.,IEEE Transactions on Big Data,Article,"[""S02""]","[""privacy""]","[{""database"": ""Scopus"", ""query_id"": ""S02"", ""raw_source"": ""search-expansion-S02-20261001.csv"", ""raw_row"": 439, ""native_id"": ""2-s2.0-85192171862"", ""observed_rank"": """"}]",awaiting_title_abstract_screening,,,2026-10-01,2026-09-30,,,
Re5bede7eb42f93ab,10.1109/tkde.2024.3373602,Efficient and Privacy-Preserving Skyline Queries Over Encrypted Data Under a Blockchain-Based Audit Architecture,https://www.scopus.com/pages/publications/85187346579?origin=resultslist,2024,Zeng S.; Hsu C.; Harn L.; Liu Y.; Liu Y.,IEEE Transactions on Knowledge and Data Engineering,Article,"[""S02""]","[""privacy""]","[{""database"": ""Scopus"", ""query_id"": ""S02"", ""raw_source"": ""search-expansion-S02-20261001.csv"", ""raw_row"": 440, ""native_id"": ""2-s2.0-85187346579"", ""observed_rank"": """"}]",awaiting_title_abstract_screening,,,2026-10-01,2026-09-30,,,
Rfb1d9f24ddd59543,10.1016/j.oor.2024.100455,"Blockchain applications in managing oral oncology patient data: Privacy, security, and beyond",https://www.scopus.com/pages/publications/85191345140?origin=resultslist,2024,Singh M.; Sharma D.V.; Sarkale S.L.; Chavan S.,Oral Oncology Reports,Letter,"[""S02""]","[""privacy""]","[{""database"": ""Scopus"", ""query_id"": ""S02"", ""raw_source"": ""search-expansion-S02-20261001.csv"", ""raw_row"": 441, ""native_id"": ""2-s2.0-85191345140"", ""observed_rank"": """"}]",awaiting_title_abstract_screening,,,2026-10-01,2026-09-30,,,
R6ddb87e3afcb5f7d,10.1002/ett.4749,A privacy-preserving model for blockchain-based data sharing in the industrial internet,https://www.scopus.com/pages/publications/85150601010?origin=resultslist,2024,Xue Y.; Wang J.; Shi K.; Zhang H.,Transactions on Emerging Telecommunications Technologies,Article,"[""S02""]","[""privacy""]","[{""database"": ""Scopus"", ""query_id"": ""S02"", ""raw_source"": ""search-expansion-S02-20261001.csv"", ""raw_row"": 442, ""native_id"": ""2-s2.0-85150601010"", ""observed_rank"": """"}]",awaiting_title_abstract_screening,,,2026-10-01,2026-09-30,,,
R4326cb02b2e5e220,10.1109/tcc.2026.3721849,Spatiotemporal Aggregation Parking Data Outsourcing Query Privacy-preserving Scheme in the Blockchain-enhanced Electric Vehicles,https://www.scopus.com/pages/publications/105047460776?origin=resultslist,2026,Gao X.; Li X.; Yan L.; Sun H.,IEEE Transactions on Cloud Computing,Article,"[""S02""]","[""privacy""]","[{""database"": ""Scopus"", ""query_id"": ""S02"", ""raw_source"": ""search-expansion-S02-20261001.csv"", ""raw_row"": 443, ""native_id"": ""2-s2.0-105047460776"", ""observed_rank"": """"}]",awaiting_title_abstract_screening,,,2026-10-01,2026-09-30,,,
R4e015a596e9972ca,10.1109/etcom66606.2025.11436976,Privacy-Aware Big Data Governance Framework Using Blockchain,https://www.scopus.com/pages/publications/105037377007?origin=resultslist,2025,Bauskar S.; Sahoo R.K.; Boda S.S.; Singhai H.; Bakhsh M.M.; Adnan M.,"2025 IEEE International Conference on Emerging Trends in Computing and Communication, ETCOM 2025",Conference paper,"[""S02""]","[""privacy""]","[{""database"": ""Scopus"", ""query_id"": ""S02"", ""raw_source"": ""search-expansion-S02-20261001.csv"", ""raw_row"": 444, ""native_id"": ""2-s2.0-105037377007"", ""observed_rank"": """"}]",awaiting_title_abstract_screening,,,2026-10-01,2026-09-30,,,
R5b7f2c778006fb2b,10.1109/indiscon66021.2025.11251973,Blockchain and Machine Learning Approaches to Enhancing Data Privacy and Securing Distributed Systems,https://www.scopus.com/pages/publications/105030213968?origin=resultslist,2025,Kadar M.A.; Reddy S.Y.; Parmar P.; Kaur J.; Raju V.; Katta S.K.R.,"INDISCON 2025 - IEEE 6th India Council International Subsections Conference, Proceedings",Conference paper,"[""S02""]","[""privacy""]","[{""database"": ""Scopus"", ""query_id"": ""S02"", ""raw_source"": ""search-expansion-S02-20261001.csv"", ""raw_row"": 445, ""native_id"": ""2-s2.0-105030213968"", ""observed_rank"": """"}]",awaiting_title_abstract_screening,,,2026-10-01,2026-09-30,,,
R0be4ddda70d8f982,10.1007/s10586-024-04412-8,Blockchain-assisted post-quantum privacy-preserving public auditing scheme to secure multimedia data in cloud storage,https://www.scopus.com/pages/publications/85189494206?origin=resultslist,2024,Gautam D.; Prajapat S.; Kumar P.; Das A.K.; Cengiz K.; Susilo W.,Cluster Computing,Article,"[""S02""]","[""privacy""]","[{""database"": ""Scopus"", ""query_id"": ""S02"", ""raw_source"": ""search-expansion-S02-20261001.csv"", ""raw_row"": 446, ""native_id"": ""2-s2.0-85189494206"", ""observed_rank"": """"}]",awaiting_title_abstract_screening,,,2026-10-01,2026-09-30,,,
Rbe1f3283eaf81724,10.1371/journal.pone.0347786,Enhancing student data privacy in virtual learning with blockchain and advanced encryption,https://www.scopus.com/pages/publications/105038299504?origin=resultslist,2026,Fan Y.,PLOS ONE,Article,"[""S02""]","[""privacy""]","[{""database"": ""Scopus"", ""query_id"": ""S02"", ""raw_source"": ""search-expansion-S02-20261001.csv"", ""raw_row"": 447, ""native_id"": ""2-s2.0-105038299504"", ""observed_rank"": """"}]",awaiting_title_abstract_screening,,,2026-10-01,2026-09-30,,,
Ra2061f61b955c1f2,10.1109/icoei68323.2026.11541390,Hybrid Blockchain Model for Privacy Preserving Supply Chain Data Sharing,https://www.scopus.com/pages/publications/105042377114?origin=resultslist,2026,Keerthana M.K.; Dayana D.S.,"Proceedings of 9th International Conference on Trends in Electronics and Informatics, ICOEI 2026",Conference paper,"[""S02""]","[""privacy""]","[{""database"": ""Scopus"", ""query_id"": ""S02"", ""raw_source"": ""search-expansion-S02-20261001.csv"", ""raw_row"": 448, ""native_id"": ""2-s2.0-105042377114"", ""observed_rank"": """"}]",awaiting_title_abstract_screening,,,2026-10-01,2026-09-30,,,
R0602bab52b236710,10.1109/tvt.2025.3594128,A Privacy-Preserving Large-Scale Data Marketing System Based on Blockchain and Zero Knowledge Proof for VANETs,https://www.scopus.com/pages/publications/105012467554?origin=resultslist,2026,Yang J.; Zhang Y.; Lei H.; Bao Z.; Wang X.; Zhang H.,IEEE Transactions on Vehicular Technology,Article,"[""S02""]","[""privacy""]","[{""database"": ""Scopus"", ""query_id"": ""S02"", ""raw_source"": ""search-expansion-S02-20261001.csv"", ""raw_row"": 449, ""native_id"": ""2-s2.0-105012467554"", ""observed_rank"": """"}]",awaiting_title_abstract_screening,,,2026-10-01,2026-09-30,,,
Rc311fc63190da34a,10.5194/isprs-archives-xlviii-4-w13-2025-201-2025,An approach that utilizes blockchain to effectively and securely preserve data privacy for location data from IoT in smart cities,https://www.scopus.com/pages/publications/105011283773?origin=resultslist,2025,Rawal D.; Seedorf J.; Patil B.,"International Archives of the Photogrammetry, Remote Sensing and Spatial Information Sciences - ISPRS Archives",Conference paper,"[""S02""]","[""privacy""]","[{""database"": ""Scopus"", ""query_id"": ""S02"", ""raw_source"": ""search-expansion-S02-20261001.csv"", ""raw_row"": 450, ""native_id"": ""2-s2.0-105011283773"", ""observed_rank"": """"}]",awaiting_title_abstract_screening,,,2026-10-01,2026-09-30,,,
R277d6523e4e89430,10.1002/cpe.70185,Enhancing Data Privacy and Trust in E-Learning: A Blockchain-Based Access Control Protocol for Cloud Educational Systems,https://www.scopus.com/pages/publications/105010689573?origin=resultslist,2025,Mawgoud A.A.; Taha M.H.N.; Loey M.; Hussain Malik M.; Khalifa N.E.,Concurrency and Computation: Practice and Experience,Article,"[""S02""]","[""privacy""]","[{""database"": ""Scopus"", ""query_id"": ""S02"", ""raw_source"": ""search-expansion-S02-20261001.csv"", ""raw_row"": 451, ""native_id"": ""2-s2.0-105010689573"", ""observed_rank"": """"}]",awaiting_title_abstract_screening,,,2026-10-01,2026-09-30,,,
R802d1ed37600baf6,10.1201/9781003541011-3,"HealthChain: Leveraging Blockchain for Scalable, Secureand Privacy-Preserving Healthcare Data Management",https://www.scopus.com/pages/publications/105025339515?origin=resultslist,2026,Deeba K.; Mathivanan S.K.; Rajendran S.; Selvam K.P.; Rahaman Z.,"Computer Vision in Healthcare Prediction, Detection and Diagnosis",Book chapter,"[""S02""]","[""privacy""]","[{""database"": ""Scopus"", ""query_id"": ""S02"", ""raw_source"": ""search-expansion-S02-20261001.csv"", ""raw_row"": 452, ""native_id"": ""2-s2.0-105025339515"", ""observed_rank"": """"}]",awaiting_title_abstract_screening,,,2026-10-01,2026-09-30,,,
R69ceb396f0a8f36f,10.1109/icdt63985.2025.10986335,"Enhancing Healthcare with Blockchain: Innovations in Data Privacy, Security, and Interoperability",https://www.scopus.com/pages/publications/105006469782?origin=resultslist,2025,Kumar B.; Garg V.; Ahmed K.; Garg P.; Choudhary S.; Baniya P.,ICDT 2025 - 3rd International Conference on Disruptive Technologies,Conference paper,"[""S02""]","[""privacy""]","[{""database"": ""Scopus"", ""query_id"": ""S02"", ""raw_source"": ""search-expansion-S02-20261001.csv"", ""raw_row"": 453, ""native_id"": ""2-s2.0-105006469782"", ""observed_rank"": """"}]",awaiting_title_abstract_screening,,,2026-10-01,2026-09-30,,,
R28917c6af27766ba,10.3390/s24031035,Enhancing Security and Flexibility in the Industrial Internet of Things: Blockchain-Based Data Sharing and Privacy Protection,https://www.scopus.com/pages/publications/85184662442?origin=resultslist,2024,Tong W.; Yang L.; Li Z.; Jin X.; Tan L.,Sensors,Article,"[""S02""]","[""privacy""]","[{""database"": ""Scopus"", ""query_id"": ""S02"", ""raw_source"": ""search-expansion-S02-20261001.csv"", ""raw_row"": 454, ""native_id"": ""2-s2.0-85184662442"", ""observed_rank"": """"}]",awaiting_title_abstract_screening,,,2026-10-01,2026-09-30,,,
R87df6c5730bdbea7,10.1109/icbds61829.2024.10837256,Real-time Big Data Analytics for Privacy-preserving of human data through Blockchain technology,https://www.scopus.com/pages/publications/85218012009?origin=resultslist,2024,Vermani L.S.; Anooja A.; Thankachan B.; Kumar A.; Verma A.; Thakore A.,"2024 IEEE International Conference on Blockchain and Distributed Systems Security, ICBDS 2024",Conference paper,"[""S02""]","[""privacy""]","[{""database"": ""Scopus"", ""query_id"": ""S02"", ""raw_source"": ""search-expansion-S02-20261001.csv"", ""raw_row"": 455, ""native_id"": ""2-s2.0-85218012009"", ""observed_rank"": """"}]",awaiting_title_abstract_screening,,,2026-10-01,2026-09-30,,,
R3bc8ef01476057c7,10.1109/iccpct70290.2026.11654723,Advances in Blockchain and Machine Learning for Privacy-Preserving Healthcare Data Processing: A New Secure Analytics Framework,https://www.scopus.com/pages/publications/105049020986?origin=resultslist,2026,Goli P.; Kanan M.; Anurada T.; Karunanidhi P.C.; Panduri B.; Kumar M.,"Proceedings of the International Conference on Circuit, Power and Computing Technologies, ICCPCT 2026",Conference paper,"[""S02""]","[""privacy""]","[{""database"": ""Scopus"", ""query_id"": ""S02"", ""raw_source"": ""search-expansion-S02-20261001.csv"", ""raw_row"": 456, ""native_id"": ""2-s2.0-105049020986"", ""observed_rank"": """"}]",awaiting_title_abstract_screening,,,2026-10-01,2026-09-30,,,
R17e13021fbd6c497,10.3390/electronics15173882,BAPPS: A Blockchain-Assisted Privacy-Preserving Sharing Scheme for Secure Data Exchange in the Internet of Vehicles,https://www.scopus.com/pages/publications/105050366435?origin=resultslist,2026,Wang L.; Chen K.; Li F.; Shi L.,Electronics (Switzerland),Article,"[""S02""]","[""privacy""]","[{""database"": ""Scopus"", ""query_id"": ""S02"", ""raw_source"": ""search-expansion-S02-20261001.csv"", ""raw_row"": 457, ""native_id"": ""2-s2.0-105050366435"", ""observed_rank"": """"}]",awaiting_title_abstract_screening,,,2026-10-01,2026-09-30,,,
R37ef627fd9fcc0b0,10.1201/9781003640325-6,SecureHealth: A blockchain-based framework for privacy-preserving healthcare data management in health centers,https://www.scopus.com/pages/publications/105024392476?origin=resultslist,2025,Ed-Daoudi R.,Digital Forensics in Next-Generation Internet of Medical Things: Balancing Security and Sustainability,Book chapter,"[""S02""]","[""privacy""]","[{""database"": ""Scopus"", ""query_id"": ""S02"", ""raw_source"": ""search-expansion-S02-20261001.csv"", ""raw_row"": 458, ""native_id"": ""2-s2.0-105024392476"", ""observed_rank"": """"}]",awaiting_title_abstract_screening,,,2026-10-01,2026-09-30,,,
R55b4a2a412cb0ccf,10.3390/app15105472,Privacy-Preserving Poisoning-Resistant Blockchain-Based Federated Learning for Data Sharing in the Internet of Medical Things,https://www.scopus.com/pages/publications/105006725356?origin=resultslist,2025,Zhu X.; Li H.,Applied Sciences (Switzerland),Article,"[""S02""]","[""privacy""]","[{""database"": ""Scopus"", ""query_id"": ""S02"", ""raw_source"": ""search-expansion-S02-20261001.csv"", ""raw_row"": 459, ""native_id"": ""2-s2.0-105006725356"", ""observed_rank"": """"}]",awaiting_title_abstract_screening,,,2026-10-01,2026-09-30,,,
Re9d7dfa710fe0229,10.22967/hcis.2024.14.071,A Blockchain-Enabled Approach for Privacy-Protected Data Sharing in Internet of Robotic Things Networks,https://www.scopus.com/pages/publications/85209996939?origin=resultslist,2024,Bilal H.; Ahmed F.; Aslam M.S.; Li Q.; Hou J.; Yin B.,Human-centric Computing and Information Sciences,Article,"[""S02""]","[""privacy""]","[{""database"": ""Scopus"", ""query_id"": ""S02"", ""raw_source"": ""search-expansion-S02-20261001.csv"", ""raw_row"": 460, ""native_id"": ""2-s2.0-85209996939"", ""observed_rank"": """"}]",awaiting_title_abstract_screening,,,2026-10-01,2026-09-30,,,
R8da4603fa17ddb32,10.4018/979-8-3373-3371-7.ch010,Blockchain Technology: Enhancing Hospitality Recovery and Safeguarding Data Privacy,https://www.scopus.com/pages/publications/105032588031?origin=resultslist,2026,Talukder M.B.; Kumar S.; Khan M.R.; Kabir F.,The Impact of Blockchain in Token Economies,Book chapter,"[""S02""]","[""privacy""]","[{""database"": ""Scopus"", ""query_id"": ""S02"", ""raw_source"": ""search-expansion-S02-20261001.csv"", ""raw_row"": 461, ""native_id"": ""2-s2.0-105032588031"", ""observed_rank"": """"}]",awaiting_title_abstract_screening,,,2026-10-01,2026-09-30,,,
Rd4428e7eff788364,10.1109/citsc64390.2025.00154,Research on Credit Assessment Model of Blockchain Technology in Data Security and Privacy Protection,https://www.scopus.com/pages/publications/105002690119?origin=resultslist,2025,Song J.,"Proceedings - 2025 Asia-Europe Conference on Cybersecurity, Internet of Things and Soft Computing, CITSC 2025",Conference paper,"[""S02""]","[""privacy""]","[{""database"": ""Scopus"", ""query_id"": ""S02"", ""raw_source"": ""search-expansion-S02-20261001.csv"", ""raw_row"": 462, ""native_id"": ""2-s2.0-105002690119"", ""observed_rank"": """"}]",awaiting_title_abstract_screening,,,2026-10-01,2026-09-30,,,
R4d22933dae21592d,10.1007/s12083-025-01955-4,FinSec: A Consortium Blockchain-Enabled Privacy-Preserving and Scalable Framework For Customer Data Protection In FinTech,https://www.scopus.com/pages/publications/105001323965?origin=resultslist,2025,Sharma A.; Chandrakar P.; Kumari S.; Chen C.-M.,Peer-to-Peer Networking and Applications,Article,"[""S02""]","[""privacy""]","[{""database"": ""Scopus"", ""query_id"": ""S02"", ""raw_source"": ""search-expansion-S02-20261001.csv"", ""raw_row"": 463, ""native_id"": ""2-s2.0-105001323965"", ""observed_rank"": """"}]",awaiting_title_abstract_screening,,,2026-10-01,2026-09-30,,,
Rc18316147652b7b7,10.1109/icft66708.2025.11336660,Data Privacy in Voice Search Advertising: A Blockchain-Based Consent Model,https://www.scopus.com/pages/publications/105033637140?origin=resultslist,2025,Hussain M.A.; Verma V.; Kovuri K.; Pratap A.; Shrivastava V.; Samanta P.,"2025 International Conference on Future Technologies, ICFT 2025",Conference paper,"[""S02"", ""S05""]","[""privacy"", ""consent""]","[{""database"": ""Scopus"", ""query_id"": ""S02"", ""raw_source"": ""search-expansion-S02-20261001.csv"", ""raw_row"": 464, ""native_id"": ""2-s2.0-105033637140"", ""observed_rank"": """"}, {""database"": ""Scopus"", ""query_id"": ""S05"", ""raw_source"": ""search-expansion-S05-20261001.csv"", ""raw_row"": 10, ""native_id"": ""2-s2.0-105033637140"", ""observed_rank"": """"}]",awaiting_title_abstract_screening,,,2026-10-01,2026-09-30,,,
R248373aeb28e6655,10.1186/s13677-023-00530-7,Blockchain-cloud privacy-enhanced distributed industrial data trading based on verifiable credentials,https://www.scopus.com/pages/publications/85183685413?origin=resultslist,2024,Fang J.; Feng T.; Guo X.; Ma R.; Lu Y.,Journal of Cloud Computing,Article,"[""S02""]","[""privacy""]","[{""database"": ""Scopus"", ""query_id"": ""S02"", ""raw_source"": ""search-expansion-S02-20261001.csv"", ""raw_row"": 465, ""native_id"": ""2-s2.0-85183685413"", ""observed_rank"": """"}]",awaiting_title_abstract_screening,,,2026-10-01,2026-09-30,,,
R996828e51a7c12ba,10.1201/9781003559269-3,"The Role of Privacy, Data Integrity, and Accountability in Blockchain Systems: A Comprehensive Analysis",https://www.scopus.com/pages/publications/105014663363?origin=resultslist,2025,Deepthi K.S.; Vasista D.; Vundyala A.; Murala D.K.; Panda S.K.,Metaverse and Blockchain Use Cases and Applications,Book chapter,"[""S02""]","[""privacy""]","[{""database"": ""Scopus"", ""query_id"": ""S02"", ""raw_source"": ""search-expansion-S02-20261001.csv"", ""raw_row"": 466, ""native_id"": ""2-s2.0-105014663363"", ""observed_rank"": """"}]",awaiting_title_abstract_screening,,,2026-10-01,2026-09-30,,,
Ra115c139c9882140,10.4018/979-8-3693-2215-4.ch015,Privacy matters: Espousing blockchain and artificial intelligence (AI) for consumer data protection on e-commerce platforms in ethical marketing,https://www.scopus.com/pages/publications/85196103969?origin=resultslist,2024,Singh B.; Jain V.; Kaunert C.; Dutta P.K.; Singh G.,Ethical Marketing Through Data Governance Standards and Effective Technology,Book chapter,"[""S02""]","[""privacy""]","[{""database"": ""Scopus"", ""query_id"": ""S02"", ""raw_source"": ""search-expansion-S02-20261001.csv"", ""raw_row"": 467, ""native_id"": ""2-s2.0-85196103969"", ""observed_rank"": """"}]",awaiting_title_abstract_screening,,,2026-10-01,2026-09-30,,,
R5f6bd5f06b909fd5,10.1007/s12083-025-02169-4,A blockchain-based privacy-preserving data governance framework for Industry 5.0 smart factories,https://www.scopus.com/pages/publications/105022471901?origin=resultslist,2026,Sun R.; Guan S.,Peer-to-Peer Networking and Applications,Article,"[""S02""]","[""privacy""]","[{""database"": ""Scopus"", ""query_id"": ""S02"", ""raw_source"": ""search-expansion-S02-20261001.csv"", ""raw_row"": 468, ""native_id"": ""2-s2.0-105022471901"", ""observed_rank"": """"}]",awaiting_title_abstract_screening,,,2026-10-01,2026-09-30,,,
Rd45890c5e7676777,10.1016/j.apenergy.2026.127931,Attack-aware blockchain-based privacy-preserving synergy policy for distributed big data prediction in city green smart energy community considering cloud server and social-security welfare,https://www.scopus.com/pages/publications/105037974551?origin=resultslist,2026,Yin P.; Zhou S.; Ma W.,Applied Energy,Article,"[""S02""]","[""privacy""]","[{""database"": ""Scopus"", ""query_id"": ""S02"", ""raw_source"": ""search-expansion-S02-20261001.csv"", ""raw_row"": 469, ""native_id"": ""2-s2.0-105037974551"", ""observed_rank"": """"}]",awaiting_title_abstract_screening,,,2026-10-01,2026-09-30,,,
Rb8b49f791f7f15f3,10.1109/icws62655.2024.00073,Blockchain-based Privacy-preserving Data Service Provisioning for Internet of Things,https://www.scopus.com/pages/publications/85210249439?origin=resultslist,2024,Liu J.; Sun C.-A.; Wu T.; Aiello M.,"Proceedings of the IEEE International Conference on Web Services, ICWS",Conference paper,"[""S02""]","[""privacy""]","[{""database"": ""Scopus"", ""query_id"": ""S02"", ""raw_source"": ""search-expansion-S02-20261001.csv"", ""raw_row"": 470, ""native_id"": ""2-s2.0-85210249439"", ""observed_rank"": """"}]",awaiting_title_abstract_screening,,,2026-10-01,2026-09-30,,,
R46d6dccb16197175,10.1109/delcon64804.2024.10866235,Securing Human Data with Blockchain: Real-Time Big Data Analytics and Privacy Solutions,https://www.scopus.com/pages/publications/85219407274?origin=resultslist,2024,Vermani L.S.; Anooja A.; Thankachan B.,"Proceedings of the 2024 3rd Edition of IEEE Delhi Section Flagship Conference, DELCON 2024",Conference paper,"[""S02""]","[""privacy""]","[{""database"": ""Scopus"", ""query_id"": ""S02"", ""raw_source"": ""search-expansion-S02-20261001.csv"", ""raw_row"": 471, ""native_id"": ""2-s2.0-85219407274"", ""observed_rank"": """"}]",awaiting_title_abstract_screening,,,2026-10-01,2026-09-30,,,
R6a87484c8cd1402f,10.14569/ijacsa.2024.01506133,A Data Sharing Privacy Protection Model Based on Federated Learning and Blockchain Technology,https://www.scopus.com/pages/publications/85199694959?origin=resultslist,2024,Ren F.; Liang Z.,International Journal of Advanced Computer Science and Applications,Article,"[""S02""]","[""privacy""]","[{""database"": ""Scopus"", ""query_id"": ""S02"", ""raw_source"": ""search-expansion-S02-20261001.csv"", ""raw_row"": 472, ""native_id"": ""2-s2.0-85199694959"", ""observed_rank"": """"}]",awaiting_title_abstract_screening,,,2026-10-01,2026-09-30,,,
Reb0ee2b12f027433,10.1109/iceconf65644.2025.11379516,Blockchain Technology for Secure and Transparent Healthcare Data Management Implications for Patient Privacy and Care Coordination,https://www.scopus.com/pages/publications/105034728173?origin=resultslist,2025,Kharat S.G.; Kethu S.S.; Nizampatnam V.N.R.K.; Jha A.C.; Deepika S.; Shivangtandon,Proceedings ICECONF 2025 - 2025 2nd International Conference on Artificial Intelligence and Knowledge Discovery in Concurrent Engineering,Conference paper,"[""S02""]","[""privacy""]","[{""database"": ""Scopus"", ""query_id"": ""S02"", ""raw_source"": ""search-expansion-S02-20261001.csv"", ""raw_row"": 473, ""native_id"": ""2-s2.0-105034728173"", ""observed_rank"": """"}]",awaiting_title_abstract_screening,,,2026-10-01,2026-09-30,,,
Rda3b3caf244397c7,10.1109/aemcse65292.2025.11042631,Research on Blockchain-Based Privacy Data Storage and Sharing Scheme,https://www.scopus.com/pages/publications/105010561365?origin=resultslist,2025,Chen Y.,"2025 8th International Conference on Advanced Electronic Materials, Computers and Software Engineering, AEMCSE 2025",Conference paper,"[""S02""]","[""privacy""]","[{""database"": ""Scopus"", ""query_id"": ""S02"", ""raw_source"": ""search-expansion-S02-20261001.csv"", ""raw_row"": 474, ""native_id"": ""2-s2.0-105010561365"", ""observed_rank"": """"}]",awaiting_title_abstract_screening,,,2026-10-01,2026-09-30,,,
R0c01a84b19490762,10.1007/978-3-031-62881-8_5,Internet of Things Data Privacy and Security-Based on Blockchain Technology,https://www.scopus.com/pages/publications/85198967072?origin=resultslist,2024,talib Raheem M.; Avci I.,Lecture Notes in Networks and Systems,Conference paper,"[""S02""]","[""privacy""]","[{""database"": ""Scopus"", ""query_id"": ""S02"", ""raw_source"": ""search-expansion-S02-20261001.csv"", ""raw_row"": 475, ""native_id"": ""2-s2.0-85198967072"", ""observed_rank"": """"}]",awaiting_title_abstract_screening,,,2026-10-01,2026-09-30,,,
Rea81b233d2d0e50f,10.1109/aicit62434.2024.10729931,Research on Secure Data Circulation Method Based on Blockchain and Privacy Computing,https://www.scopus.com/pages/publications/85209806140?origin=resultslist,2024,Tang S.; Wang Z.; Luo Y.,"2024 3rd International Conference on Artificial Intelligence and Computer Information Technology, AICIT 2024",Conference paper,"[""S02""]","[""privacy""]","[{""database"": ""Scopus"", ""query_id"": ""S02"", ""raw_source"": ""search-expansion-S02-20261001.csv"", ""raw_row"": 476, ""native_id"": ""2-s2.0-85209806140"", ""observed_rank"": """"}]",awaiting_title_abstract_screening,,,2026-10-01,2026-09-30,,,
R9c2dc65aa0cc63bb,10.1109/msn63567.2024.00067,A Hybrid Blockchain Privacy Evaluation and Recommendation Method for Web3 Data Services,https://www.scopus.com/pages/publications/105010309646?origin=resultslist,2024,Zhu C.; Bi J.; Zhou C.,"Proceedings - 2024 20th International Conference on Mobility, Sensing and Networking, MSN 2024",Conference paper,"[""S02""]","[""privacy""]","[{""database"": ""Scopus"", ""query_id"": ""S02"", ""raw_source"": ""search-expansion-S02-20261001.csv"", ""raw_row"": 477, ""native_id"": ""2-s2.0-105010309646"", ""observed_rank"": """"}]",awaiting_title_abstract_screening,,,2026-10-01,2026-09-30,,,
R383374cdd15e6fd5,10.1109/isads66912.2025.00017,"Decentralized Intelligence for Smart Cities: Integrating Federated Learning, Blockchain, and Foundation Models for Privacy-Preserving Urban Data Management",https://www.scopus.com/pages/publications/105015965144?origin=resultslist,2025,Hardia S.,"Proceedings - 2025 IEEE 16th International Symposium on Autonomous Decentralized Systems, ISADS 2025",Conference paper,"[""S02""]","[""privacy""]","[{""database"": ""Scopus"", ""query_id"": ""S02"", ""raw_source"": ""search-expansion-S02-20261001.csv"", ""raw_row"": 478, ""native_id"": ""2-s2.0-105015965144"", ""observed_rank"": """"}]",awaiting_title_abstract_screening,,,2026-10-01,2026-09-30,,,
R8c28b692652c1cda,10.1109/icetea64585.2025.11099845,"Blockchain-Based Decentralized Healthcare Data Management System with Zero Knowledge Proof Ring Signature for Secure, Tamper-Proof, and Privacy-Preserving Storage",https://www.scopus.com/pages/publications/105015777059?origin=resultslist,2025,Shanmugham M.; Senthilkumar C.,"2025 International Conference on Emerging Technologies in Engineering Applications, ICETEA 2025 - Proceedings",Conference paper,"[""S02""]","[""privacy""]","[{""database"": ""Scopus"", ""query_id"": ""S02"", ""raw_source"": ""search-expansion-S02-20261001.csv"", ""raw_row"": 479, ""native_id"": ""2-s2.0-105015777059"", ""observed_rank"": """"}]",awaiting_title_abstract_screening,,,2026-10-01,2026-09-30,,,
Rd8fc33423115ed28,10.1007/s12083-024-01801-z,"Securing IoT data: Fog computing, blockchain, and tailored privacy-enhancing technologies in action",https://www.scopus.com/pages/publications/85203284449?origin=resultslist,2024,Reshi I.A.; Sholla S.,Peer-to-Peer Networking and Applications,Article,"[""S02""]","[""privacy""]","[{""database"": ""Scopus"", ""query_id"": ""S02"", ""raw_source"": ""search-expansion-S02-20261001.csv"", ""raw_row"": 480, ""native_id"": ""2-s2.0-85203284449"", ""observed_rank"": """"}]",awaiting_title_abstract_screening,,,2026-10-01,2026-09-30,,,
Re7a371f4d198dea1,10.1109/incet61516.2024.10593365,Enabling Privacy-Preserving Collaborative Learning: Secure Cryptographic Neural Networks Meet Blockchain for GDPR-Compliant Data Sharing,https://www.scopus.com/pages/publications/85200972476?origin=resultslist,2024,Krishnamoorthy R.; Kaliyamurthie K.P.,"2024 5th International Conference for Emerging Technology, INCET 2024",Conference paper,"[""S02""]","[""privacy""]","[{""database"": ""Scopus"", ""query_id"": ""S02"", ""raw_source"": ""search-expansion-S02-20261001.csv"", ""raw_row"": 481, ""native_id"": ""2-s2.0-85200972476"", ""observed_rank"": """"}]",awaiting_title_abstract_screening,,,2026-10-01,2026-09-30,,,
R8e228b24a8970121,10.1007/s11042-025-20817-y,"Privacy preserving biometric authentication based on fully homomorphic encryption, blockchain, and IPFS data storage",https://www.scopus.com/pages/publications/105002472860?origin=resultslist,2025,Ali Zouaghi Y.; Mahamdioua M.; Lahoulou A.; Chettibi S.,Multimedia Tools and Applications,Article,"[""S02""]","[""privacy""]","[{""database"": ""Scopus"", ""query_id"": ""S02"", ""raw_source"": ""search-expansion-S02-20261001.csv"", ""raw_row"": 482, ""native_id"": ""2-s2.0-105002472860"", ""observed_rank"": """"}]",awaiting_title_abstract_screening,,,2026-10-01,2026-09-30,,,
Rcea997baf353ae57,10.1002/cpe.70064,Revocable and Privacy-Preserving CP-ABE Scheme for Secure mHealth Data Access in Blockchain,https://www.scopus.com/pages/publications/105002224150?origin=resultslist,2025,Thakur A.; Ranga V.; Agarwal R.,Concurrency and Computation: Practice and Experience,Article,"[""S02""]","[""privacy""]","[{""database"": ""Scopus"", ""query_id"": ""S02"", ""raw_source"": ""search-expansion-S02-20261001.csv"", ""raw_row"": 483, ""native_id"": ""2-s2.0-105002224150"", ""observed_rank"": """"}]",awaiting_title_abstract_screening,,,2026-10-01,2026-09-30,,,
R4c86080d145db8dc,10.1109/iciscn64258.2025.10934547,Blockchain Technology in Securing E-Health Records: An Intelligent Approach to Data Privacy,https://www.scopus.com/pages/publications/105002677498?origin=resultslist,2025,Ramesh J.V.N.; Begum S.; Khaydarova M.; Mohapatra S.; Mary S.C.; Saravanakumar R.,"International Conference on Intelligent Systems and Computational Networks, ICISCN 2025",Conference paper,"[""S02""]","[""privacy""]","[{""database"": ""Scopus"", ""query_id"": ""S02"", ""raw_source"": ""search-expansion-S02-20261001.csv"", ""raw_row"": 484, ""native_id"": ""2-s2.0-105002677498"", ""observed_rank"": """"}]",awaiting_title_abstract_screening,,,2026-10-01,2026-09-30,,,
R99dafa3382cb0fe8,10.1007/s11042-023-18071-1,Privacy preservation of medical data in blockchain with secret key generation using RideNN,https://www.scopus.com/pages/publications/85188554216?origin=resultslist,2024,Rokade S.; Mishra N.,Multimedia Tools and Applications,Article,"[""S02""]","[""privacy""]","[{""database"": ""Scopus"", ""query_id"": ""S02"", ""raw_source"": ""search-expansion-S02-20261001.csv"", ""raw_row"": 485, ""native_id"": ""2-s2.0-85188554216"", ""observed_rank"": """"}]",awaiting_title_abstract_screening,,,2026-10-01,2026-09-30,,,
Ra0dd4f344b2df8e8,10.1007/978-3-031-94901-2_15,Efficient Emergency Access and Privacy-Preserving Healthcare Data Management Using Blockchain Technology,https://www.scopus.com/pages/publications/105026930234?origin=resultslist,2025,Datta S.; Namasudra S.; Crespo R.G.,Springer Proceedings in Business and Economics,Conference paper,"[""S02""]","[""privacy""]","[{""database"": ""Scopus"", ""query_id"": ""S02"", ""raw_source"": ""search-expansion-S02-20261001.csv"", ""raw_row"": 486, ""native_id"": ""2-s2.0-105026930234"", ""observed_rank"": """"}]",awaiting_title_abstract_screening,,,2026-10-01,2026-09-30,,,
R4ad8d273cbe3e446,10.4018/979-8-3693-1515-6.ch004,Unleashing the future of healthcare in the metaverse: The pivotal role of blockchain in data privacy,https://www.scopus.com/pages/publications/105013829584?origin=resultslist,2024,George L.; Kizhakkethottam J.J.,"Examining the Metaverse in Healthcare: Opportunities, Challenges, and Future Directions",Book chapter,"[""S02""]","[""privacy""]","[{""database"": ""Scopus"", ""query_id"": ""S02"", ""raw_source"": ""search-expansion-S02-20261001.csv"", ""raw_row"": 487, ""native_id"": ""2-s2.0-105013829584"", ""observed_rank"": """"}]",awaiting_title_abstract_screening,,,2026-10-01,2026-09-30,,,
Rbd48d080916e7c24,10.2196/80178,"Integration of Federated Learning and Blockchain in Health Care: Tutorial on Medical Data, Architectures, Privacy, Security, and Regulatory Compliance",https://www.scopus.com/pages/publications/105042345336?origin=resultslist,2026,Shahsavari Y.; Baseri Y.; Hafid A.; Dambri O.A.; Makrakis D.,Journal of Medical Internet Research,Article,"[""S02""]","[""privacy""]","[{""database"": ""Scopus"", ""query_id"": ""S02"", ""raw_source"": ""search-expansion-S02-20261001.csv"", ""raw_row"": 488, ""native_id"": ""2-s2.0-105042345336"", ""observed_rank"": """"}]",awaiting_title_abstract_screening,,,2026-10-01,2026-09-30,,,
Re59c85a78d5e744f,10.1109/blockchain62396.2024.00011,A Blockchain-Based Privacy-Preserving Auditable Data Structure Framework,https://www.scopus.com/pages/publications/85205562134?origin=resultslist,2024,Tortola D.; Felicioli C.; Canciani A.; Severino F.,"Proceedings - 2024 IEEE International Conference on Blockchain, Blockchain 2024",Conference paper,"[""S02""]","[""privacy""]","[{""database"": ""Scopus"", ""query_id"": ""S02"", ""raw_source"": ""search-expansion-S02-20261001.csv"", ""raw_row"": 489, ""native_id"": ""2-s2.0-85205562134"", ""observed_rank"": """"}]",awaiting_title_abstract_screening,,,2026-10-01,2026-09-30,,,
R638ec5877fa89c76,10.1109/iccece65250.2025.10984943,A Blockchain-Based Medical Data Security Sharing Scheme Supporting Single-Factor Combined Authentication and Identity Privacy Protection,https://www.scopus.com/pages/publications/105007429093?origin=resultslist,2025,Xu X.; Li Z.,"2025 5th International Conference on Consumer Electronics and Computer Engineering, ICCECE 2025",Conference paper,"[""S02""]","[""privacy""]","[{""database"": ""Scopus"", ""query_id"": ""S02"", ""raw_source"": ""search-expansion-S02-20261001.csv"", ""raw_row"": 490, ""native_id"": ""2-s2.0-105007429093"", ""observed_rank"": """"}]",awaiting_title_abstract_screening,,,2026-10-01,2026-09-30,,,
Rb75b5261e8b6ee1f,10.1109/isci65687.2025.11167261,A Blockchain-Driven Framework for Strengthening Model Ownership and Data Privacy in Federated Learning,https://www.scopus.com/pages/publications/105030938093?origin=resultslist,2025,Zhikai L.; Wei C.; Kumar B.V.D.; Yew T.J.; Miraz M.H.; Salam I.,"IEEE Symposium on Computers and Informatics, ISCI",Conference paper,"[""S02""]","[""privacy""]","[{""database"": ""Scopus"", ""query_id"": ""S02"", ""raw_source"": ""search-expansion-S02-20261001.csv"", ""raw_row"": 491, ""native_id"": ""2-s2.0-105030938093"", ""observed_rank"": """"}]",awaiting_title_abstract_screening,,,2026-10-01,2026-09-30,,,
Rce32cefaf0d456ae,10.1109/ictcs65341.2025.10989454,A Blockchain-Based Secure Data-Sharing Framework for Automotive Supply Chains: Enhancing Privacy with Attribute-Based Encryption,https://www.scopus.com/pages/publications/105007292688?origin=resultslist,2025,Ahmed E.; Ghaleb B.; Abubakar M.; Jan S.U.,"2025 International Conference on New Trends in Computing Sciences, ICTCS 2025",Conference paper,"[""S02""]","[""privacy""]","[{""database"": ""Scopus"", ""query_id"": ""S02"", ""raw_source"": ""search-expansion-S02-20261001.csv"", ""raw_row"": 492, ""native_id"": ""2-s2.0-105007292688"", ""observed_rank"": """"}]",awaiting_title_abstract_screening,,,2026-10-01,2026-09-30,,,
R4d74dda122b606aa,10.1002/spe.3315,Data privacy protection model based on blockchain in mobile edge computing,https://www.scopus.com/pages/publications/85186435090?origin=resultslist,2024,Wu J.; Bu X.; Li G.; Tian G.,Software - Practice and Experience,Article,"[""S02""]","[""privacy""]","[{""database"": ""Scopus"", ""query_id"": ""S02"", ""raw_source"": ""search-expansion-S02-20261001.csv"", ""raw_row"": 493, ""native_id"": ""2-s2.0-85186435090"", ""observed_rank"": """"}]",awaiting_title_abstract_screening,,,2026-10-01,2026-09-30,,,
Rcc920bd109ff99e4,10.1109/incet64471.2025.11139890,Blockchain and Social Networking in the Age of Privacy: A New Approach to Data Protection and Transparency,https://www.scopus.com/pages/publications/105016779349?origin=resultslist,2025,Manoharan G.; Padhiary M.; Satyanarayana P.; Joseph C.; Misra U.; Soni M.,"2025 6th International Conference for Emerging Technology, INCET 2025",Conference paper,"[""S02""]","[""privacy""]","[{""database"": ""Scopus"", ""query_id"": ""S02"", ""raw_source"": ""search-expansion-S02-20261001.csv"", ""raw_row"": 494, ""native_id"": ""2-s2.0-105016779349"", ""observed_rank"": """"}]",awaiting_title_abstract_screening,,,2026-10-01,2026-09-30,,,
Rb980b315eaa65ba5,10.1002/ett.70182,K-Anonymization and Residual Neuron Attention Network for Privacy Data Protection in Blockchain Network With Federated Learning Using Defense Application,https://www.scopus.com/pages/publications/105007746018?origin=resultslist,2025,Premkumar T.; Krithika D.R.,Transactions on Emerging Telecommunications Technologies,Article,"[""S02""]","[""privacy""]","[{""database"": ""Scopus"", ""query_id"": ""S02"", ""raw_source"": ""search-expansion-S02-20261001.csv"", ""raw_row"": 495, ""native_id"": ""2-s2.0-105007746018"", ""observed_rank"": """"}]",awaiting_title_abstract_screening,,,2026-10-01,2026-09-30,,,
R2790c3c613bff63e,10.1201/9781042018222-23,Blockchain-Driven AI for Privacy-Preserving Healthcare Data Exchange,https://www.scopus.com/pages/publications/105051533976?origin=resultslist,2026,Khan S.A.; Khan F.A.; Chethana R.O.S.,"Computing, Communication, and Sustainable Energy Technologies: Sustainable Electronics and Emerging Energy Technologies (Volume 2)",Book chapter,"[""S02""]","[""privacy""]","[{""database"": ""Scopus"", ""query_id"": ""S02"", ""raw_source"": ""search-expansion-S02-20261001.csv"", ""raw_row"": 496, ""native_id"": ""2-s2.0-105051533976"", ""observed_rank"": """"}]",awaiting_title_abstract_screening,,,2026-10-01,2026-09-30,,,
R3e820b2c62556dd2,10.1007/978-981-96-7523-4_34,Design of a Blockchain-Based Patient Consent Management in Healthcare Centers,https://www.scopus.com/pages/publications/105020206476?origin=resultslist,2025,Khan A.; Mishra C.; Tiwari S.; Yang T.; Rathore R.S.,Lecture Notes in Networks and Systems,Conference paper,"[""S05""]","[""consent""]","[{""database"": ""Scopus"", ""query_id"": ""S05"", ""raw_source"": ""search-expansion-S05-20261001.csv"", ""raw_row"": 1, ""native_id"": ""2-s2.0-105020206476"", ""observed_rank"": """"}]",awaiting_title_abstract_screening,,,2026-10-01,2026-09-30,,,
R06f565ccc574df0d,,Environmental Impacts of Blockchain for Patient Consent,https://www.scopus.com/pages/publications/105025359094?origin=resultslist,2025,Bourdon I.; Armaghan N.; Martinez S.,"Americas Conference on Information Systems, AMCIS 2025",Conference paper,"[""S05""]","[""consent""]","[{""database"": ""Scopus"", ""query_id"": ""S05"", ""raw_source"": ""search-expansion-S05-20261001.csv"", ""raw_row"": 2, ""native_id"": ""2-s2.0-105025359094"", ""observed_rank"": """"}]",awaiting_title_abstract_screening,,,2026-10-01,2026-09-30,,,
Rf20cf4db202053a2,10.1109/icscss60660.2024.10625663,Decentralized and Permission-Aware Blockchain for Certificate Security: An Exploratory Analysis,https://www.scopus.com/pages/publications/85203107427?origin=resultslist,2024,Gupta N.; Negi S.; Rawat K.; Rawat M.,"2nd International Conference on Sustainable Computing and Smart Systems, ICSCSS 2024 - Proceedings",Conference paper,"[""S05""]","[""consent""]","[{""database"": ""Scopus"", ""query_id"": ""S05"", ""raw_source"": ""search-expansion-S05-20261001.csv"", ""raw_row"": 3, ""native_id"": ""2-s2.0-85203107427"", ""observed_rank"": """"}]",duplicate_current_application,updateGupta2024CertificatePermission,Matching nonempty DOI,2026-10-01,2026-09-30,,,
Rcb67aea2819b60ec,10.1109/icccnt61001.2024.10725410,Investigating the Potential of Applying Permission Blockchain for IoT Networks,https://www.scopus.com/pages/publications/85211079548?origin=resultslist,2024,Manjunath H.R.; Moharana A.K.; Infimum,"2024 15th International Conference on Computing Communication and Networking Technologies, ICCCNT 2024",Conference paper,"[""S05""]","[""consent""]","[{""database"": ""Scopus"", ""query_id"": ""S05"", ""raw_source"": ""search-expansion-S05-20261001.csv"", ""raw_row"": 4, ""native_id"": ""2-s2.0-85211079548"", ""observed_rank"": """"}]",awaiting_title_abstract_screening,,,2026-10-01,2026-09-30,,,
R49998ce5cbccd99c,10.1007/978-3-031-96590-6_8,Blockchain-Enhanced User Consent for GDPR-Compliant Real-Time Bidding,https://www.scopus.com/pages/publications/105010228322?origin=resultslist,2025,Daudén-Esmel C.; Castellà-Roca J.; Viejo A.; Torra V.,Lecture Notes in Computer Science,Conference paper,"[""S05""]","[""consent""]","[{""database"": ""Scopus"", ""query_id"": ""S05"", ""raw_source"": ""search-expansion-S05-20261001.csv"", ""raw_row"": 5, ""native_id"": ""2-s2.0-105010228322"", ""observed_rank"": """"}]",duplicate_current_application,updateDauden2025RTBConsent,Matching nonempty DOI,2026-10-01,2026-09-30,,,
Rcd4257fce7d01c85,10.3389/fbloc.2025.1730645,Self-sovereign identity for verifiable authorship consent and privacy-preserving conflict-of-interest screening in academic publishing: a permissioned blockchain registry approach,https://www.scopus.com/pages/publications/105041607507?origin=resultslist,2025,Al-Sabahi K.; Al Mabsali Y.K.,Frontiers in Blockchain,Article,"[""S05"", ""S08""]","[""consent"", ""identity""]","[{""database"": ""Scopus"", ""query_id"": ""S05"", ""raw_source"": ""search-expansion-S05-20261001.csv"", ""raw_row"": 6, ""native_id"": ""2-s2.0-105041607507"", ""observed_rank"": """"}, {""database"": ""Scopus"", ""query_id"": ""S08"", ""raw_source"": ""search-expansion-S08-20261001.csv"", ""raw_row"": 62, ""native_id"": ""2-s2.0-105041607507"", ""observed_rank"": """"}]",duplicate_current_application,updateAlSabahi2026AuthorshipConsent,Matching nonempty DOI,2026-10-01,2026-09-30,,,
R6b09801ecbecb517,10.1007/s42979-023-02593-4,Design and Architectural Implementation of Consortium Blockchain Based Framework for Open Banking Customer Consent and Data Handling,https://www.scopus.com/pages/publications/85185302854?origin=resultslist,2024,Ghosh A.; Mukhopadhyay I.; Chakraborty S.,SN Computer Science,Article,"[""S05""]","[""consent""]","[{""database"": ""Scopus"", ""query_id"": ""S05"", ""raw_source"": ""search-expansion-S05-20261001.csv"", ""raw_row"": 7, ""native_id"": ""2-s2.0-85185302854"", ""observed_rank"": """"}]",duplicate_current_application,updateGhosh2024Banking,Matching nonempty DOI,2026-10-01,2026-09-30,,,
R694849b3b6bc7569,10.2196/50339,Blockchain-Based Dynamic Consent and its Applications for Patient-Centric Research and Health Information Sharing: Protocol for an Integrative Review,https://www.scopus.com/pages/publications/85186094841?origin=resultslist,2024,Charles W.M.; van der Waal M.B.; Flach J.; Bisschop A.; van der Waal R.X.; Es-Sbai H.; McLeod C.J.,JMIR Research Protocols,Article,"[""S05""]","[""consent""]","[{""database"": ""Scopus"", ""query_id"": ""S05"", ""raw_source"": ""search-expansion-S05-20261001.csv"", ""raw_row"": 8, ""native_id"": ""2-s2.0-85186094841"", ""observed_rank"": """"}]",awaiting_title_abstract_screening,,,2026-10-01,2026-09-30,,,
Rcccaafc055e20b7c,10.1109/icetems66917.2026.11469586,Blockchain Enabled Self-Sovereign Identity and Consent Framework for Secure Healthcare Data Access,https://www.scopus.com/pages/publications/105038014258?origin=resultslist,2026,Shanmugham M.; Senthilkumar C.,"2026 IEEE 3rd International Conference on Emerging Trends in Engineering and Medical Sciences, ICETEMS 2025",Conference paper,"[""S05"", ""S08""]","[""consent"", ""identity""]","[{""database"": ""Scopus"", ""query_id"": ""S05"", ""raw_source"": ""search-expansion-S05-20261001.csv"", ""raw_row"": 9, ""native_id"": ""2-s2.0-105038014258"", ""observed_rank"": """"}, {""database"": ""Scopus"", ""query_id"": ""S08"", ""raw_source"": ""search-expansion-S08-20261001.csv"", ""raw_row"": 96, ""native_id"": ""2-s2.0-105038014258"", ""observed_rank"": """"}]",awaiting_title_abstract_screening,,,2026-10-01,2026-09-30,,,
Rd37c2beb4f5dba18,10.63180/jcsra.thestap.2025.3.8,Secure Blockchain-Based Tracking Storage and Permission Verification of Electronic Health Records,https://www.scopus.com/pages/publications/105022912124?origin=resultslist,2025,Aldhyani T.H.H.; Ghanem M.C.; Almaayah M.,Journal of Cyber Security and Risk Auditing,Article,"[""S05""]","[""consent""]","[{""database"": ""Scopus"", ""query_id"": ""S05"", ""raw_source"": ""search-expansion-S05-20261001.csv"", ""raw_row"": 12, ""native_id"": ""2-s2.0-105022912124"", ""observed_rank"": """"}]",awaiting_title_abstract_screening,,,2026-10-01,2026-09-30,,,
R8c7d8fdb1eba9e06,10.1109/i-smac61858.2024.10714793,Empowering Genomic Data Sharing in Healthcare: A Blockchain-Driven Decentralized Consent Model,https://www.scopus.com/pages/publications/85208539464?origin=resultslist,2024,Rao K.P.N.; Selvan C.,"8th International Conference on I-SMAC (IoT in Social, Mobile, Analytics and Cloud), I-SMAC 2024 - Proceedings",Conference paper,"[""S05""]","[""consent""]","[{""database"": ""Scopus"", ""query_id"": ""S05"", ""raw_source"": ""search-expansion-S05-20261001.csv"", ""raw_row"": 13, ""native_id"": ""2-s2.0-85208539464"", ""observed_rank"": """"}]",duplicate_current_application,updateRao2024Genomic,Matching nonempty DOI,2026-10-01,2026-09-30,,,
R2ae10749632f952f,10.1007/s10791-026-10392-7,A consent-based medical data sharing and edge offloading scheme based on blockchain and deep reinforcement learning,https://www.scopus.com/pages/publications/105047437851?origin=resultslist,2026,Ch N.K.; Kumar D.; Prakash A.; Rajwar D.; Kumar S.,Discover Computing,Article,"[""S05""]","[""consent""]","[{""database"": ""Scopus"", ""query_id"": ""S05"", ""raw_source"": ""search-expansion-S05-20261001.csv"", ""raw_row"": 14, ""native_id"": ""2-s2.0-105047437851"", ""observed_rank"": """"}]",duplicate_current_application,updateCh2026ConsentOffloading,Matching nonempty DOI,2026-10-01,2026-09-30,,,
R4fe9ecd42b086239,10.1109/iccsc67078.2026.11468546,Blockchain-Enabled Consent-Based Security for Multi-Face Digital Images Captured in Public Areas,https://www.scopus.com/pages/publications/105038037635?origin=resultslist,2026,Sharma V.K.; Arora R.; Yadav C.S.,"2026 2nd International Conference on Computing, Sciences and Communications, ICCSC 2026",Conference paper,"[""S05""]","[""consent""]","[{""database"": ""Scopus"", ""query_id"": ""S05"", ""raw_source"": ""search-expansion-S05-20261001.csv"", ""raw_row"": 15, ""native_id"": ""2-s2.0-105038037635"", ""observed_rank"": """"}]",awaiting_title_abstract_screening,,,2026-10-01,2026-09-30,,,
Rc4c39ab16bc82fe0,10.1109/icoici62503.2024.10696868,Blockchain-Integrated Deep Learning for Secure Health Data Sharing and Consent Management,https://www.scopus.com/pages/publications/85207233831?origin=resultslist,2024,Deepthika K.; Shobana G.; Reddy K.V.; Srimathi S.; Kumar B.; Upadhyay S.,"2nd International Conference on Intelligent Cyber Physical Systems and Internet of Things, ICoICI 2024 - Proceedings",Conference paper,"[""S05""]","[""consent""]","[{""database"": ""Scopus"", ""query_id"": ""S05"", ""raw_source"": ""search-expansion-S05-20261001.csv"", ""raw_row"": 16, ""native_id"": ""2-s2.0-85207233831"", ""observed_rank"": """"}]",duplicate_current_application,updateDeepthika2024ConsentLSTM,Matching nonempty DOI,2026-10-01,2026-09-30,,,
Rbcf1ea4c594bbeab,10.2196/88536,Blockchain-Based Dynamic and Revocable Consent for Secondary Health Data Use: Systematic Review,https://www.scopus.com/pages/publications/105044732061?origin=resultslist,2026,Phuyal S.; Bhandari M.; Bista R.; Ferreira J.C.,JMIR Medical Informatics,Review,"[""S05""]","[""consent""]","[{""database"": ""Scopus"", ""query_id"": ""S05"", ""raw_source"": ""search-expansion-S05-20261001.csv"", ""raw_row"": 17, ""native_id"": ""2-s2.0-105044732061"", ""observed_rank"": """"}]",awaiting_title_abstract_screening,,,2026-10-01,2026-09-30,,,
Red9f46a663f5f629,10.1109/imed68921.2026.11484161,Blockchain-Governed Consent Infrastructure for Cross-Border Digital Youth Protection in AI-Driven CDPs,https://www.scopus.com/pages/publications/105038337074?origin=resultslist,2026,Sirangi A.,"2026 Innovations in Machine, Engineering, and Digital Conference, IMED 2026",Conference paper,"[""S05""]","[""consent""]","[{""database"": ""Scopus"", ""query_id"": ""S05"", ""raw_source"": ""search-expansion-S05-20261001.csv"", ""raw_row"": 18, ""native_id"": ""2-s2.0-105038337074"", ""observed_rank"": """"}]",awaiting_title_abstract_screening,,,2026-10-01,2026-09-30,,,
R563e6783c2d27342,10.3844/jcssp.2024.730.741,Smart Patient Consent Management Model for Health Information Exchange Based on Blockchain Technology,https://www.scopus.com/pages/publications/85193011593?origin=resultslist,2024,Rohini K.R.; Rajakumar P.S.; Geetha S.,Journal of Computer Science,Article,"[""S05""]","[""consent""]","[{""database"": ""Scopus"", ""query_id"": ""S05"", ""raw_source"": ""search-expansion-S05-20261001.csv"", ""raw_row"": 19, ""native_id"": ""2-s2.0-85193011593"", ""observed_rank"": """"}]",duplicate_current_application,updateRohini2024SmartConsent,Matching nonempty DOI,2026-10-01,2026-09-30,,,
R91843ebb76ee6800,10.1109/icbc67748.2026.11575533,DualCare: A Blockchain Framework for Secure Medical Data Sharing with Dual Consent,https://www.scopus.com/pages/publications/105044398081?origin=resultslist,2026,Hemlata K.; Saxena S.; Barodiya D.; Raman; Pal S.; Pal S.,"2026 IEEE International Conference on Blockchain and Cryptocurrency, ICBC 2026",Conference paper,"[""S05""]","[""consent""]","[{""database"": ""Scopus"", ""query_id"": ""S05"", ""raw_source"": ""search-expansion-S05-20261001.csv"", ""raw_row"": 20, ""native_id"": ""2-s2.0-105044398081"", ""observed_rank"": """"}]",duplicate_current_application,updateHemlata2026DualCare,Matching nonempty DOI,2026-10-01,2026-09-30,,,
R3582c806bf60c64c,10.1145/3748699.3749771,Trust Through Transparency: Blockchain for Consent and Accountability in Femtech Applications,https://www.scopus.com/pages/publications/105025412644?origin=resultslist,2025,Tomaz L.; Matos D.R.; Almeida T.,GoodIT 2025 - Proceedings of the 2025 International Conference on Information Technology for Social Good,Conference paper,"[""S05"", ""S06""]","[""consent""]","[{""database"": ""Scopus"", ""query_id"": ""S05"", ""raw_source"": ""search-expansion-S05-20261001.csv"", ""raw_row"": 21, ""native_id"": ""2-s2.0-105025412644"", ""observed_rank"": """"}, {""database"": ""ACM Full-Text Collection"", ""query_id"": ""S06"", ""raw_source"": ""search-expansion-ACM-20261001.csv"", ""raw_row"": 16, ""native_id"": """", ""observed_rank"": ""1""}]",duplicate_current_application,updateTomaz2025PrivacHer,Matching nonempty DOI,2026-10-01,2026-09-30,,,
R15d8364dae89d037,10.1080/15265161.2024.2416117,Enabling Demonstrated Consent for Biobanking with Blockchain and Generative AI,https://www.scopus.com/pages/publications/105002265712?origin=resultslist,2025,Barnes C.; Aboy M.R.; Minssen T.; Allen J.W.; Earp B.D.; Savulescu J.; Mann S.P.,American Journal of Bioethics,Article,"[""S05""]","[""consent""]","[{""database"": ""Scopus"", ""query_id"": ""S05"", ""raw_source"": ""search-expansion-S05-20261001.csv"", ""raw_row"": 22, ""native_id"": ""2-s2.0-105002265712"", ""observed_rank"": """"}]",duplicate_current_application,updateBarnes2025DemonstratedConsent,Matching nonempty DOI,2026-10-01,2026-09-30,,,
Rcec605d0311289b8,10.1109/iemcon67450.2025.11381100,A Hybrid Framework for Dynamic Patient Consent Management using Blockchain and OAuth 2.0,https://www.scopus.com/pages/publications/105034720808?origin=resultslist,2025,Avula R.; Zou C.,"2025 IEEE 16th Annual Information Technology, Electronics and Mobile Communication Conference, IEMCON 2025",Conference paper,"[""S05""]","[""consent""]","[{""database"": ""Scopus"", ""query_id"": ""S05"", ""raw_source"": ""search-expansion-S05-20261001.csv"", ""raw_row"": 23, ""native_id"": ""2-s2.0-105034720808"", ""observed_rank"": """"}]",awaiting_title_abstract_screening,,,2026-10-01,2026-09-30,,,
R3c9f2f4f940ebdc8,10.1109/icsit65336.2025.11293931,Blockchain-Based Consent-As-A-Service Framework for Secure and Auditable Aadhaar Data Access,https://www.scopus.com/pages/publications/105031558206?origin=resultslist,2025,Yadav H.; Shukla V.; Khan H.Z.; Mandal A.K.,"2025 International Conference on Sustainability, Innovation and Technology, ICSIT 2025",Conference paper,"[""S05""]","[""consent""]","[{""database"": ""Scopus"", ""query_id"": ""S05"", ""raw_source"": ""search-expansion-S05-20261001.csv"", ""raw_row"": 24, ""native_id"": ""2-s2.0-105031558206"", ""observed_rank"": """"}]",awaiting_title_abstract_screening,,,2026-10-01,2026-09-30,,,
Re21a409bbef69e13,10.2174/9798898810634125010015,Facilitating Patient Consent and Data Sharing with Blockchain Smart Contracts,https://www.scopus.com/pages/publications/105023800346?origin=resultslist,2025,Singh K.D.; Singh P.D.; Gupta A.; Verma R.,Securing Healthcare: Leveraging Blockchain for Data Integrity in Healthcare Services,Book chapter,"[""S05""]","[""consent""]","[{""database"": ""Scopus"", ""query_id"": ""S05"", ""raw_source"": ""search-expansion-S05-20261001.csv"", ""raw_row"": 25, ""native_id"": ""2-s2.0-105023800346"", ""observed_rank"": """"}]",awaiting_title_abstract_screening,,,2026-10-01,2026-09-30,,,
R1530bb7c99b2df69,10.1109/smartnets61466.2024.10577693,SecureConsent: A Blockchain-Based Dynamic and Secure Consent Management for Genomic Data Sharing,https://www.scopus.com/pages/publications/85198906150?origin=resultslist,2024,Javed I.T.; Lemieux V.; Regier D.A.,"2024 International Conference on Smart Applications, Communications and Networking, SmartNets 2024",Conference paper,"[""S05""]","[""consent""]","[{""database"": ""Scopus"", ""query_id"": ""S05"", ""raw_source"": ""search-expansion-S05-20261001.csv"", ""raw_row"": 26, ""native_id"": ""2-s2.0-85198906150"", ""observed_rank"": """"}]",duplicate_current_application,updateJaved2024SecureConsent,Matching nonempty DOI,2026-10-01,2026-09-30,,,
R5067f4f152fd4e13,10.1109/icedeg61611.2024.10702050,Data Consent Management: A Blockchain Solution for User Empowerment and Trust,https://www.scopus.com/pages/publications/85208828486?origin=resultslist,2024,Ayala-Tipan C.; Suntaxi G.; Caiza-Jimenez B.; Guzman-Castillo A.F.; Flores D.A.,"International Conference on eDemocracy and eGovernment, ICEDEG",Conference paper,"[""S05""]","[""consent""]","[{""database"": ""Scopus"", ""query_id"": ""S05"", ""raw_source"": ""search-expansion-S05-20261001.csv"", ""raw_row"": 27, ""native_id"": ""2-s2.0-85208828486"", ""observed_rank"": """"}]",duplicate_current_application,updateAyala2024DataConsent,Matching nonempty DOI,2026-10-01,2026-09-30,,,
Rb410c298661fcd2c,10.1016/j.csi.2024.103902,A consent-aware electronic medical records sharing method based on blockchain,https://www.scopus.com/pages/publications/85200548795?origin=resultslist,2025,Qu X.; Yang Z.; Chen Z.; Sun G.,Computer Standards and Interfaces,Article,"[""S05""]","[""consent""]","[{""database"": ""Scopus"", ""query_id"": ""S05"", ""raw_source"": ""search-expansion-S05-20261001.csv"", ""raw_row"": 28, ""native_id"": ""2-s2.0-85200548795"", ""observed_rank"": """"}]",duplicate_current_application,updateQu2025ConsentEMR,Matching nonempty DOI,2026-10-01,2026-09-30,,,
R4a3d4db3d50f8261,10.1109/jiot.2024.3477635,A Decentralized Approach to Parking Space Management With Fine-Grained Permission Level Using Blockchain Technology,https://www.scopus.com/pages/publications/85207707002?origin=resultslist,2025,Yeh L.-Y.; Hung C.-H.; Tsai P.-T.; Huang J.-L.,IEEE Internet of Things Journal,Article,"[""S05""]","[""consent""]","[{""database"": ""Scopus"", ""query_id"": ""S05"", ""raw_source"": ""search-expansion-S05-20261001.csv"", ""raw_row"": 29, ""native_id"": ""2-s2.0-85207707002"", ""observed_rank"": """"}]",awaiting_title_abstract_screening,,,2026-10-01,2026-09-30,,,
Recd281bab0f920a9,10.1109/inspire67328.2025.11300606,Real-Time Patient Data Exchange with Blockchain-Backed Consent Layers,https://www.scopus.com/pages/publications/105032407570?origin=resultslist,2025,Jaafa A.A.; Sahu M.; Jasmin M.; Bakhromjanovna M.Z.; Karunambiga K.; Nirmala Devi E.; Sirojiddinov S.; Sani G.,"Proceedings of 2025 International Conference on Intelligent Systems and Pioneering Innovations in Robotics and Electric Mobility: Transforming Mobility and Automation Through Intelligent Engineering, INSPIRE 2025",Conference paper,"[""S05""]","[""consent""]","[{""database"": ""Scopus"", ""query_id"": ""S05"", ""raw_source"": ""search-expansion-S05-20261001.csv"", ""raw_row"": 30, ""native_id"": ""2-s2.0-105032407570"", ""observed_rank"": """"}]",awaiting_title_abstract_screening,,,2026-10-01,2026-09-30,,,
R82436ea7a3267535,10.22260/isarc2026/0278,Permission Blockchain-BIM Framework For Construction Dispute Prevention,https://www.scopus.com/pages/publications/105046014068?origin=resultslist,2026,Madkour A.; Muluye E.; Singh S.; Alzraiee H.,Proceedings of the International Symposium on Automation and Robotics in Construction,Conference paper,"[""S05""]","[""consent""]","[{""database"": ""Scopus"", ""query_id"": ""S05"", ""raw_source"": ""search-expansion-S05-20261001.csv"", ""raw_row"": 31, ""native_id"": ""2-s2.0-105046014068"", ""observed_rank"": """"}]",awaiting_title_abstract_screening,,,2026-10-01,2026-09-30,,,
R7da95a1ad2d11c81,10.3390/info17020176,A Verifiable and Redactable Blockchain with Lightweight Storage and Permission Supervision,https://www.scopus.com/pages/publications/105031391868?origin=resultslist,2026,Miao M.; Yang X.; Wei J.; Tian G.; Susilo W.,Information (Switzerland),Article,"[""S05""]","[""consent""]","[{""database"": ""Scopus"", ""query_id"": ""S05"", ""raw_source"": ""search-expansion-S05-20261001.csv"", ""raw_row"": 32, ""native_id"": ""2-s2.0-105031391868"", ""observed_rank"": """"}]",duplicate_current_application,updateMiao2026PermissionSupervision,Matching nonempty DOI,2026-10-01,2026-09-30,,,
R9b4bc5a12d2ac771,10.1109/saner-c67878.2026.00011,Zero-Knowledge Consent: Auditable and Private Data Permission Management via Blockchain,https://www.scopus.com/pages/publications/105040723915?origin=resultslist,2026,Scaramuzza F.; Tonnarelli M.; Tamburri D.A.; Van Den Heuvel W.-J.,"Proceedings - 2026 IEEE International Conference on Software Analysis, Evolution and Reengineering - Companion, SANER-C 2026",Conference paper,"[""S05""]","[""consent""]","[{""database"": ""Scopus"", ""query_id"": ""S05"", ""raw_source"": ""search-expansion-S05-20261001.csv"", ""raw_row"": 33, ""native_id"": ""2-s2.0-105040723915"", ""observed_rank"": """"}]",duplicate_current_application,updateScaramuzza2026ZKConsent,Matching nonempty DOI,2026-10-01,2026-09-30,,,
R114f2f4700a1c546,10.18280/ijsse.150218,Design and Develop the Business Process Model for Open Access Copyright Management System Using Permission Less Blockchain,https://www.scopus.com/pages/publications/105001151652?origin=resultslist,2025,Rao K.V.; Murala D.K.; Panda S.K.,International Journal of Safety and Security Engineering,Article,"[""S05""]","[""consent""]","[{""database"": ""Scopus"", ""query_id"": ""S05"", ""raw_source"": ""search-expansion-S05-20261001.csv"", ""raw_row"": 34, ""native_id"": ""2-s2.0-105001151652"", ""observed_rank"": """"}]",awaiting_title_abstract_screening,,,2026-10-01,2026-09-30,,,
Ree7e6b0386bc81e7,,Environmental impacts of blockchain for patient consent; [Impacts Environnementaux de la Blockchain pour le Consentement Patient],https://www.scopus.com/pages/publications/105025408733?origin=resultslist,2025,Bourdon I.; Armaghan N.; Martinez S.,"Americas Conference on Information Systems, AMCIS 2025",Conference paper,"[""S05""]","[""consent""]","[{""database"": ""Scopus"", ""query_id"": ""S05"", ""raw_source"": ""search-expansion-S05-20261001.csv"", ""raw_row"": 35, ""native_id"": ""2-s2.0-105025408733"", ""observed_rank"": """"}]",awaiting_title_abstract_screening,,,2026-10-01,2026-09-30,,,
Rd91b7f2627d5e187,10.1109/compsac69091.2026.00125,Scalable Blockchain-Based Healthcare Consent Management with Automated Compliance Verification,https://www.scopus.com/pages/publications/105048948921?origin=resultslist,2026,Gupta S.; Lang F.; Ozeer U.; Salaun G.,"Proceedings - 2026 IEEE 50th Annual Computers, Software, and Applications Conference, COMPSAC 2026",Conference paper,"[""S05""]","[""consent""]","[{""database"": ""Scopus"", ""query_id"": ""S05"", ""raw_source"": ""search-expansion-S05-20261001.csv"", ""raw_row"": 36, ""native_id"": ""2-s2.0-105048948921"", ""observed_rank"": """"}]",duplicate_current_application,updateGupta2026ScalableConsent,Matching nonempty DOI,2026-10-01,2026-09-30,,,
Rc7845673495c09cf,10.1109/icdlt66400.2025.11466653,Blockchain Integration for Trust and Consent Management in MCP-Enabled FHIR Systems,https://www.scopus.com/pages/publications/105037602310?origin=resultslist,2025,Ferreira J.C.; Correia R.; Rosario L.; Vila A.,"2025 IEEE International Conference on Distributed Ledger Technologies, ICDLT 2025",Conference paper,"[""S05""]","[""consent""]","[{""database"": ""Scopus"", ""query_id"": ""S05"", ""raw_source"": ""search-expansion-S05-20261001.csv"", ""raw_row"": 37, ""native_id"": ""2-s2.0-105037602310"", ""observed_rank"": """"}]",duplicate_current_application,updateFerreira2025MCPFHIR,Matching nonempty DOI,2026-10-01,2026-09-30,,,
R6d1a28911cbd06fb,10.30953/bhty.v9.491,A Blockchain-Based Architecture for Dynamic and Auditable Patient Consent in Secondary Use of Health Data,https://www.scopus.com/pages/publications/105045465157?origin=resultslist,2026,Phuyal S.; Bhandari M.; Bista R.; Ferreira J.C.,Blockchain in Healthcare Today,Article,"[""S05""]","[""consent""]","[{""database"": ""Scopus"", ""query_id"": ""S05"", ""raw_source"": ""search-expansion-S05-20261001.csv"", ""raw_row"": 38, ""native_id"": ""2-s2.0-105045465157"", ""observed_rank"": """"}]",duplicate_current_application,updatePhuyal2026Architecture,Matching nonempty DOI,2026-10-01,2026-09-30,,,
R9b58cafdf9a6de08,10.1109/gcat66372.2025.11368505,Efficient GDPR-Compliant Blockchain Data Management with Fine-Grained Consent and Auditable Trails,https://www.scopus.com/pages/publications/105034254459?origin=resultslist,2025,Sreelesh V.; Manohar Naik S.,"2025 IEEE 6th Global Conference for Advancement in Technology, GCAT 2025",Conference paper,"[""S05""]","[""consent""]","[{""database"": ""Scopus"", ""query_id"": ""S05"", ""raw_source"": ""search-expansion-S05-20261001.csv"", ""raw_row"": 39, ""native_id"": ""2-s2.0-105034254459"", ""observed_rank"": """"}]",awaiting_title_abstract_screening,,,2026-10-01,2026-09-30,,,
R72511cd5254f6546,10.1109/access.2024.3431292,A Blockchain-Based Hybrid Architecture for Auditable Consent Management,https://www.scopus.com/pages/publications/85199052939?origin=resultslist,2024,Can O.; Dag T.; Kantarcioglu M.,IEEE Access,Article,"[""S05""]","[""consent""]","[{""database"": ""Scopus"", ""query_id"": ""S05"", ""raw_source"": ""search-expansion-S05-20261001.csv"", ""raw_row"": 40, ""native_id"": ""2-s2.0-85199052939"", ""observed_rank"": """"}]",duplicate_current_application,updateCan2024AuditableConsent,Matching nonempty DOI,2026-10-01,2026-09-30,,,
R4422c791a6bf8497,10.1504/ijict.2026.154474,A trustworthy traceability and permission management system for academic publishing processes based on blockchain and AI,https://www.scopus.com/pages/publications/105043549148?origin=resultslist,2026,Su Y.; Zhang Y.; Dai H.; Di Z.,International Journal of Information and Communication Technology,Article,"[""S05""]","[""consent""]","[{""database"": ""Scopus"", ""query_id"": ""S05"", ""raw_source"": ""search-expansion-S05-20261001.csv"", ""raw_row"": 41, ""native_id"": ""2-s2.0-105043549148"", ""observed_rank"": """"}]",awaiting_title_abstract_screening,,,2026-10-01,2026-09-30,,,
R2cad5c6f805fb336,10.3233/shti251556,Enabling Dynamic Consent Through AI and Blockchain: The CONSENT Platform,https://www.scopus.com/pages/publications/105017702072?origin=resultslist,2025,Bonotis P.; Angelidis P.; Tzimourta K.D.; Bibi S.,Studies in Health Technology and Informatics,Conference paper,"[""S05""]","[""consent""]","[{""database"": ""Scopus"", ""query_id"": ""S05"", ""raw_source"": ""search-expansion-S05-20261001.csv"", ""raw_row"": 42, ""native_id"": ""2-s2.0-105017702072"", ""observed_rank"": """"}]",duplicate_current_application,updateBonotis2025CONSENT,Matching nonempty DOI,2026-10-01,2026-09-30,,,
R90b5ebcc026d5588,10.1007/978-3-032-08600-6_33,Blockchain-Enabled Patient Consent System for Secure Healthcare Data Management,https://www.scopus.com/pages/publications/105044767294?origin=resultslist,2026,Surve J.; Dalvi A.; Siddavatam I.,Lecture Notes in Networks and Systems,Conference paper,"[""S05""]","[""consent""]","[{""database"": ""Scopus"", ""query_id"": ""S05"", ""raw_source"": ""search-expansion-S05-20261001.csv"", ""raw_row"": 44, ""native_id"": ""2-s2.0-105044767294"", ""observed_rank"": """"}]",awaiting_title_abstract_screening,,,2026-10-01,2026-09-30,,,
Rdbb791724d728c98,10.1016/j.bcra.2024.100247,Redactable blockchain with anonymity and multi-permission for instructional management,https://www.scopus.com/pages/publications/105000346968?origin=resultslist,2025,Lu X.; Liu J.; Li F.; Zou J.; Hou Y.,Blockchain: Research and Applications,Article,"[""S05""]","[""consent""]","[{""database"": ""Scopus"", ""query_id"": ""S05"", ""raw_source"": ""search-expansion-S05-20261001.csv"", ""raw_row"": 45, ""native_id"": ""2-s2.0-105000346968"", ""observed_rank"": """"}]",duplicate_current_application,updateLu2025RedactableEducation,Matching nonempty DOI,2026-10-01,2026-09-30,,,
R7540f2de4dbdbb41,10.1007/978-981-96-9248-4_23,Code Copyright Protection System Using Open Access Permission Less Blockchain,https://www.scopus.com/pages/publications/105020178621?origin=resultslist,2026,Varaprasada Rao K.; Murala D.K.; Panda S.K.,Lecture Notes in Networks and Systems,Conference paper,"[""S05""]","[""consent""]","[{""database"": ""Scopus"", ""query_id"": ""S05"", ""raw_source"": ""search-expansion-S05-20261001.csv"", ""raw_row"": 46, ""native_id"": ""2-s2.0-105020178621"", ""observed_rank"": """"}]",awaiting_title_abstract_screening,,,2026-10-01,2026-09-30,,,
R86499b0709b830ed,10.1109/iccr67387.2025.11292352,A Blockchain-Based ERC-1155 Consent Framework for Secure and Compliant EHR Access Control,https://www.scopus.com/pages/publications/105031626940?origin=resultslist,2025,Shalaby M.; Fawzi S.; Aslan H.,ICCR 2025 - 3rd International Conference on Cyber Resilience,Conference paper,"[""S05""]","[""consent""]","[{""database"": ""Scopus"", ""query_id"": ""S05"", ""raw_source"": ""search-expansion-S05-20261001.csv"", ""raw_row"": 47, ""native_id"": ""2-s2.0-105031626940"", ""observed_rank"": """"}]",awaiting_title_abstract_screening,,,2026-10-01,2026-09-30,,,
Rf783b0cef1e7829b,10.1007/s10586-025-05746-7,EdenDID: an edge computing and blockchain-based decentralized identity system for Web3 applications and DePIN,https://www.scopus.com/pages/publications/105019227913?origin=resultslist,2025,Liu H.; Cao J.; Cao Y.; Bai D.; Liang J.; Li R.,Cluster Computing,Article,"[""S08""]","[""identity""]","[{""database"": ""Scopus"", ""query_id"": ""S08"", ""raw_source"": ""search-expansion-S08-20261001.csv"", ""raw_row"": 1, ""native_id"": ""2-s2.0-105019227913"", ""observed_rank"": """"}]",awaiting_title_abstract_screening,,,2026-10-01,2026-09-30,,,
Rbc048a26fd2581b2,10.1155/int/2969737,Decentralized Identity Management in Cloud Computing: A Blockchain-Based Solution With Automatic Provisioning Techniques,https://www.scopus.com/pages/publications/105015148481?origin=resultslist,2025,Mostafa A.M.; Mohamed E.R.; Hanafy A.; Alserhani F.; Alwakid G.N.; Medhat R.; Ezz M.; Alsirhani A.,International Journal of Intelligent Systems,Article,"[""S08""]","[""identity""]","[{""database"": ""Scopus"", ""query_id"": ""S08"", ""raw_source"": ""search-expansion-S08-20261001.csv"", ""raw_row"": 2, ""native_id"": ""2-s2.0-105015148481"", ""observed_rank"": """"}]",awaiting_title_abstract_screening,,,2026-10-01,2026-09-30,,,
Re1df5a579c103ff3,10.1145/3659463.3660027,A Blockchain-Based Digital Identity Management System via Decentralized Anonymous Credentials,https://www.scopus.com/pages/publications/85219209549?origin=resultslist,2025,Cui H.; Whitty M.; Miyaji A.; Li Z.,"Proceedings of the 6th ACM International Symposium on Blockchain and Secure Critical Infrastructure, BSCI 2024",Conference paper,"[""S08"", ""S09""]","[""identity""]","[{""database"": ""Scopus"", ""query_id"": ""S08"", ""raw_source"": ""search-expansion-S08-20261001.csv"", ""raw_row"": 3, ""native_id"": ""2-s2.0-85219209549"", ""observed_rank"": """"}, {""database"": ""ACM Full-Text Collection"", ""query_id"": ""S09"", ""raw_source"": ""search-expansion-ACM-20261001.csv"", ""raw_row"": 33, ""native_id"": """", ""observed_rank"": ""6""}]",awaiting_title_abstract_screening,,,2026-10-01,2026-09-30,,,
Rad131e68c32e4b41,10.1109/icdsca63855.2024.10859590,Research on Blockchain Implementation Algorithm for Decentralized Identity Authentication System,https://www.scopus.com/pages/publications/85218345315?origin=resultslist,2024,Xie Y.,"2024 IEEE 4th International Conference on Data Science and Computer Application, ICDSCA 2024",Conference paper,"[""S08""]","[""identity""]","[{""database"": ""Scopus"", ""query_id"": ""S08"", ""raw_source"": ""search-expansion-S08-20261001.csv"", ""raw_row"": 4, ""native_id"": ""2-s2.0-85218345315"", ""observed_rank"": """"}]",awaiting_title_abstract_screening,,,2026-10-01,2026-09-30,,,
Ra65e31ba3a4f7723,10.14445/23488549/ijece-v13i5p105,Decentralized Predictive Intelligence for Fabricated Entity Detection in Blockchain-Integrated Identity Systems,https://www.scopus.com/pages/publications/105042551207?origin=resultslist,2026,Gajji N.; Akarapu R.B.,SSRG International Journal of Electronics and Communication Engineering,Article,"[""S08""]","[""identity""]","[{""database"": ""Scopus"", ""query_id"": ""S08"", ""raw_source"": ""search-expansion-S08-20261001.csv"", ""raw_row"": 5, ""native_id"": ""2-s2.0-105042551207"", ""observed_rank"": """"}]",awaiting_title_abstract_screening,,,2026-10-01,2026-09-30,,,
R69b84aa34f628d4c,10.1007/978-3-031-73494-6_19,Identity Verification: A Decentralized KYC Approach Using Blockchain,https://www.scopus.com/pages/publications/85208726264?origin=resultslist,2025,Chouke A.; Jain V.K.; Parmar J.; Shukla S.S.P.; Verma A.K.,Communications in Computer and Information Science,Conference paper,"[""S08""]","[""identity""]","[{""database"": ""Scopus"", ""query_id"": ""S08"", ""raw_source"": ""search-expansion-S08-20261001.csv"", ""raw_row"": 6, ""native_id"": ""2-s2.0-85208726264"", ""observed_rank"": """"}]",awaiting_title_abstract_screening,,,2026-10-01,2026-09-30,,,
Ree93204f75773875,10.4018/979-8-3373-0593-6.ch011,Leveraging AI and Blockchain for Privacy and Security in Smart Medical Systems: Decentralized Identity Management and Privacy-Preserving Machine Learning in Oncology Care,https://www.scopus.com/pages/publications/105006524273?origin=resultslist,2025,Pesqueira A.; Barr N.M.; Almeida D.,AI and Blockchain Applications for Privacy and Security in Smart Medical Systems,Book chapter,"[""S08""]","[""identity""]","[{""database"": ""Scopus"", ""query_id"": ""S08"", ""raw_source"": ""search-expansion-S08-20261001.csv"", ""raw_row"": 8, ""native_id"": ""2-s2.0-105006524273"", ""observed_rank"": """"}]",awaiting_title_abstract_screening,,,2026-10-01,2026-09-30,,,
R11b5c0364b6e8905,10.1201/9781003449515-5,Blockchain Technology for Healthcare and Self-Sovereign Identity,https://www.scopus.com/pages/publications/85215932443?origin=resultslist,2025,Kumar D.,"Blockchain Technology for Cyber Defense, Cybersecurity, and Countermeasures: Techniques, Solutions, and Applications",Book chapter,"[""S08""]","[""identity""]","[{""database"": ""Scopus"", ""query_id"": ""S08"", ""raw_source"": ""search-expansion-S08-20261001.csv"", ""raw_row"": 9, ""native_id"": ""2-s2.0-85215932443"", ""observed_rank"": """"}]",awaiting_title_abstract_screening,,,2026-10-01,2026-09-30,,,
Rd129a6ff25ca9af6,10.1109/icsadl65848.2025.10933271,A Review on the Role of Blockchain Technology for Decentralized Identity Management: A Future Without Passwords,https://www.scopus.com/pages/publications/105002450860?origin=resultslist,2025,Raut R.; Gourshettiwar P.; Thakre G.,"4th International Conference on Sentiment Analysis and Deep Learning, ICSADL 2025 - Proceedings",Conference paper,"[""S08""]","[""identity""]","[{""database"": ""Scopus"", ""query_id"": ""S08"", ""raw_source"": ""search-expansion-S08-20261001.csv"", ""raw_row"": 10, ""native_id"": ""2-s2.0-105002450860"", ""observed_rank"": """"}]",awaiting_title_abstract_screening,,,2026-10-01,2026-09-30,,,
R56762d2a02505caa,10.1016/j.im.2024.104026,Blockchain-driven decentralized identity management: An interdisciplinary review and research agenda,https://www.scopus.com/pages/publications/85202023992?origin=resultslist,2024,Yan Z.; Zhao X.; Liu Y.A.; Luo X.R.,Information and Management,Article,"[""S08""]","[""identity""]","[{""database"": ""Scopus"", ""query_id"": ""S08"", ""raw_source"": ""search-expansion-S08-20261001.csv"", ""raw_row"": 11, ""native_id"": ""2-s2.0-85202023992"", ""observed_rank"": """"}]",awaiting_title_abstract_screening,,,2026-10-01,2026-09-30,,,
Rcce7a7db53569b4e,10.1109/isssc66652.2025.11388850,Blockchain-based decentralized Identity and Access Management for Interoperable Metaverse Ecosystems: A Compliance-Oriented Governance Framework,https://www.scopus.com/pages/publications/105034986801?origin=resultslist,2025,Kumar S.; Sirsikar S.,"Proceedings - 2025 IEEE 3rd International Symposium on Sustainable Energy, Signal Processing and Cybersecurity, iSSSC 2025",Conference paper,"[""S08""]","[""identity""]","[{""database"": ""Scopus"", ""query_id"": ""S08"", ""raw_source"": ""search-expansion-S08-20261001.csv"", ""raw_row"": 12, ""native_id"": ""2-s2.0-105034986801"", ""observed_rank"": """"}]",awaiting_title_abstract_screening,,,2026-10-01,2026-09-30,,,
Rbdf44cc1333e6922,10.1109/icamal62577.2024.10919784,Blockchain-Based Verifiable Decentralized Identities for Cyber-Physical Web 3.0,https://www.scopus.com/pages/publications/105001923500?origin=resultslist,2024,Qiu C.; Deng J.; Peng T.; Peng Z.,"2024 International Conference on Automation in Manufacturing, Transportation and Logistics, ICaMaL 2024",Conference paper,"[""S08""]","[""identity""]","[{""database"": ""Scopus"", ""query_id"": ""S08"", ""raw_source"": ""search-expansion-S08-20261001.csv"", ""raw_row"": 13, ""native_id"": ""2-s2.0-105001923500"", ""observed_rank"": """"}]",awaiting_title_abstract_screening,,,2026-10-01,2026-09-30,,,
R3d36032e5edd9c7d,10.3390/s24248136,"Empowering Privacy Through Peer-Supervised Self-Sovereign Identity: Integrating Zero-Knowledge Proofs, Blockchain Oversight, and Peer Review Mechanism",https://www.scopus.com/pages/publications/85213218669?origin=resultslist,2024,Liu J.; Liang Z.; Lyu Q.,Sensors,Article,"[""S08""]","[""identity""]","[{""database"": ""Scopus"", ""query_id"": ""S08"", ""raw_source"": ""search-expansion-S08-20261001.csv"", ""raw_row"": 14, ""native_id"": ""2-s2.0-85213218669"", ""observed_rank"": """"}]",awaiting_title_abstract_screening,,,2026-10-01,2026-09-30,,,
Rd17485c2bee10563,10.1145/3659463.3660026,A Blockchain-Based Self-Sovereign Identity System for KYC Processes,https://www.scopus.com/pages/publications/85219178432?origin=resultslist,2025,Dong C.; Yao A.; Xu Z.; Lu M.; Jiang F.; Chen S.; Liu X.,"Proceedings of the 6th ACM International Symposium on Blockchain and Secure Critical Infrastructure, BSCI 2024",Conference paper,"[""S08"", ""S09""]","[""identity""]","[{""database"": ""Scopus"", ""query_id"": ""S08"", ""raw_source"": ""search-expansion-S08-20261001.csv"", ""raw_row"": 15, ""native_id"": ""2-s2.0-85219178432"", ""observed_rank"": """"}, {""database"": ""ACM Full-Text Collection"", ""query_id"": ""S09"", ""raw_source"": ""search-expansion-ACM-20261001.csv"", ""raw_row"": 28, ""native_id"": """", ""observed_rank"": ""1""}]",awaiting_title_abstract_screening,,,2026-10-01,2026-09-30,,,
R6e9075f84325e0d2,,System design for electronic signatures within supply chains using blockchain technology and self-sovereign identities,https://www.scopus.com/pages/publications/85212013664?origin=resultslist,2024,Hofmeier M.; Grabatin M.; Hommel W.,Sovereign by Design: The LIONS Approach to Digital Sovereignty,Book chapter,"[""S08""]","[""identity""]","[{""database"": ""Scopus"", ""query_id"": ""S08"", ""raw_source"": ""search-expansion-S08-20261001.csv"", ""raw_row"": 16, ""native_id"": ""2-s2.0-85212013664"", ""observed_rank"": """"}]",awaiting_title_abstract_screening,,,2026-10-01,2026-09-30,,,
Rffb1c6e2e308ace9,10.1016/j.procs.2025.09.219,Self-Sovereign digital Identity in blockchain based systems for E-health cards management,https://www.scopus.com/pages/publications/105024067501?origin=resultslist,2025,Salah D.; Mnasri S.; Idoudi H.,Procedia Computer Science,Conference paper,"[""S08""]","[""identity""]","[{""database"": ""Scopus"", ""query_id"": ""S08"", ""raw_source"": ""search-expansion-S08-20261001.csv"", ""raw_row"": 17, ""native_id"": ""2-s2.0-105024067501"", ""observed_rank"": """"}]",awaiting_title_abstract_screening,,,2026-10-01,2026-09-30,,,
R459eef6573dea3ef,10.1587/transinf.2023bci0001,Permissionless Blockchain-Based Sybil-Resistant Self-Sovereign Identity Utilizing Attested Execution Secure Processors,https://www.scopus.com/pages/publications/85203067428?origin=resultslist,2024,Moriyama K.; Otsuka A.,IEICE Transactions on Information and Systems,Article,"[""S08""]","[""identity""]","[{""database"": ""Scopus"", ""query_id"": ""S08"", ""raw_source"": ""search-expansion-S08-20261001.csv"", ""raw_row"": 18, ""native_id"": ""2-s2.0-85203067428"", ""observed_rank"": """"}]",awaiting_title_abstract_screening,,,2026-10-01,2026-09-30,,,
R10aa07f4f182d192,10.1007/978-981-96-8725-1_22,Privacy-Preserving Credential Management for Blockchain-Based Self-sovereign Identity,https://www.scopus.com/pages/publications/105009791706?origin=resultslist,2025,Li H.; Zhou Y.; Zhang C.; Wei L.,Lecture Notes in Computer Science,Conference paper,"[""S08""]","[""identity""]","[{""database"": ""Scopus"", ""query_id"": ""S08"", ""raw_source"": ""search-expansion-S08-20261001.csv"", ""raw_row"": 19, ""native_id"": ""2-s2.0-105009791706"", ""observed_rank"": """"}]",awaiting_title_abstract_screening,,,2026-10-01,2026-09-30,,,
Ra53b46cc1cde9eb4,10.1007/s44443-025-00462-z,MDID: a multi-layer blockchain-based secure and scalable decentralized identity scheme for web 3.0,https://www.scopus.com/pages/publications/105029795806?origin=resultslist,2026,Yu Q.; Razali A.S.B.; Salleh R.B.; Azzuhri S.R.B.,Journal of King Saud University - Computer and Information Sciences,Article,"[""S08""]","[""identity""]","[{""database"": ""Scopus"", ""query_id"": ""S08"", ""raw_source"": ""search-expansion-S08-20261001.csv"", ""raw_row"": 20, ""native_id"": ""2-s2.0-105029795806"", ""observed_rank"": """"}]",awaiting_title_abstract_screening,,,2026-10-01,2026-09-30,,,
R3808d2f3b2b28360,10.3390/electronics15020266,Securing Zero-Touch Networks with Blockchain: Decentralized Identity Management and Oracle-Assisted Monitoring,https://www.scopus.com/pages/publications/105028628277?origin=resultslist,2026,Xevgenis M.G.; Polychronaki M.; Kogias D.G.; Leligkou H.C.; Liotou E.,Electronics (Switzerland),Article,"[""S08""]","[""identity""]","[{""database"": ""Scopus"", ""query_id"": ""S08"", ""raw_source"": ""search-expansion-S08-20261001.csv"", ""raw_row"": 21, ""native_id"": ""2-s2.0-105028628277"", ""observed_rank"": """"}]",awaiting_title_abstract_screening,,,2026-10-01,2026-09-30,,,
R0c59539a5d5c1d39,10.4324/9781003383628-8,BLOCKCHAIN REALITIES: Materializing Decentralized Identities in the Metaverse,https://www.scopus.com/pages/publications/105040846022?origin=resultslist,2025,Humayun M.,The Routledge Handbook of Identity and Consumption: Second Edition,Book chapter,"[""S08""]","[""identity""]","[{""database"": ""Scopus"", ""query_id"": ""S08"", ""raw_source"": ""search-expansion-S08-20261001.csv"", ""raw_row"": 22, ""native_id"": ""2-s2.0-105040846022"", ""observed_rank"": """"}]",awaiting_title_abstract_screening,,,2026-10-01,2026-09-30,,,
Rc8cd610208a32401,10.1007/978-3-031-87584-7_99,Decentralized KYC: Enhancing Identity Verification with Blockchain Technology,https://www.scopus.com/pages/publications/105027009185?origin=resultslist,2025,Chouke A.; Lamkuche H.S.; Abuamria F.; Ajouz M.; Al-Safarini M.Y.; Irziqat S.,"Studies in Systems, Decision and Control",Book chapter,"[""S08""]","[""identity""]","[{""database"": ""Scopus"", ""query_id"": ""S08"", ""raw_source"": ""search-expansion-S08-20261001.csv"", ""raw_row"": 23, ""native_id"": ""2-s2.0-105027009185"", ""observed_rank"": """"}]",awaiting_title_abstract_screening,,,2026-10-01,2026-09-30,,,
Rfe5eefb5d6ef8402,10.1007/978-3-031-42987-3_34,DSBT: Research on Soulbound Token Mechanism Based on Consortium Blockchain and Decentralized Identity,https://www.scopus.com/pages/publications/85180620896?origin=resultslist,2024,Zhang Y.; Zhang L.; Zhang Q.; Zheng P.; Jia X.; Chen X.,Mechanisms and Machine Science,Conference paper,"[""S08""]","[""identity""]","[{""database"": ""Scopus"", ""query_id"": ""S08"", ""raw_source"": ""search-expansion-S08-20261001.csv"", ""raw_row"": 24, ""native_id"": ""2-s2.0-85180620896"", ""observed_rank"": """"}]",awaiting_title_abstract_screening,,,2026-10-01,2026-09-30,,,
Rdcaa33b09b507cdd,10.1186/s40854-026-00921-0,Sovchain: novel mutual authentication scheme for self-sovereign identity management using blockchain for open banking,https://www.scopus.com/pages/publications/105036182519?origin=resultslist,2026,Behbehani D.; Komninos N.; Muttukrishnan R.,Financial Innovation,Article,"[""S08""]","[""identity""]","[{""database"": ""Scopus"", ""query_id"": ""S08"", ""raw_source"": ""search-expansion-S08-20261001.csv"", ""raw_row"": 25, ""native_id"": ""2-s2.0-105036182519"", ""observed_rank"": """"}]",awaiting_title_abstract_screening,,,2026-10-01,2026-09-30,,,
Rbc194928aa1e77ed,10.1109/access.2025.3548404,"BP-Vot: Blockchain-Based e-Voting Using Smart Contracts, Differential Privacy, and Self-Sovereign Identities",https://www.scopus.com/pages/publications/105001209924?origin=resultslist,2025,Baniata H.; Caluna G.,IEEE Access,Article,"[""S08""]","[""identity""]","[{""database"": ""Scopus"", ""query_id"": ""S08"", ""raw_source"": ""search-expansion-S08-20261001.csv"", ""raw_row"": 26, ""native_id"": ""2-s2.0-105001209924"", ""observed_rank"": """"}]",awaiting_title_abstract_screening,,,2026-10-01,2026-09-30,,,
Rfc1302fe28c97842,10.1109/tcss.2026.3667662,SCOOP: Scalable On-Chain-Off-Chain Storage in Blockchain-Based Decentralized Identity for Cyber-Physical-Social Systems,https://www.scopus.com/pages/publications/105036578321?origin=resultslist,2026,Ding K.; Xie T.; Gai K.; Yu J.; Wang S.; Gao J.; Zhu L.; Meng W.,IEEE Transactions on Computational Social Systems,Article,"[""S08""]","[""identity""]","[{""database"": ""Scopus"", ""query_id"": ""S08"", ""raw_source"": ""search-expansion-S08-20261001.csv"", ""raw_row"": 27, ""native_id"": ""2-s2.0-105036578321"", ""observed_rank"": """"}]",awaiting_title_abstract_screening,,,2026-10-01,2026-09-30,,,
R60f3db45fe06b062,10.1109/bcca66705.2025.11229679,Performance Evaluation of Decentralized Digital Identity Contracts on Ethereum-Based Blockchain Networks,https://www.scopus.com/pages/publications/105026939782?origin=resultslist,2025,Sousa J.C.; Evaristo B.; Mateus A.; Avila I.; Veloso A.; Abelem A.J.G.,"2025 7th International Conference on Blockchain Computing and Applications, BCCA 2025",Conference paper,"[""S08""]","[""identity""]","[{""database"": ""Scopus"", ""query_id"": ""S08"", ""raw_source"": ""search-expansion-S08-20261001.csv"", ""raw_row"": 28, ""native_id"": ""2-s2.0-105026939782"", ""observed_rank"": """"}]",awaiting_title_abstract_screening,,,2026-10-01,2026-09-30,,,
Rec6fee01aede60e8,10.1109/iwcmc65282.2025.11059603,Blockchain-Powered Certificate Verification Enhanced by Self-Sovereign Identity and Off-Chain Caching,https://www.scopus.com/pages/publications/105011357272?origin=resultslist,2025,Cheikhrouhou S.; Turki M.; Kallel S.; Abid A.; Jmaiel M.,"21st International Wireless Communications and Mobile Computing Conference, IWCMC 2025",Conference paper,"[""S08""]","[""identity""]","[{""database"": ""Scopus"", ""query_id"": ""S08"", ""raw_source"": ""search-expansion-S08-20261001.csv"", ""raw_row"": 29, ""native_id"": ""2-s2.0-105011357272"", ""observed_rank"": """"}]",awaiting_title_abstract_screening,,,2026-10-01,2026-09-30,,,
Rb67b654e1d9072e1,10.1007/978-3-032-28160-9_19,Self-sovereign Identity Blockchain-Based Architecture for Personal Data Exchange,https://www.scopus.com/pages/publications/105041790628?origin=resultslist,2026,Langer S.; Hessel F.,Lecture Notes in Business Information Processing,Conference paper,"[""S08""]","[""identity""]","[{""database"": ""Scopus"", ""query_id"": ""S08"", ""raw_source"": ""search-expansion-S08-20261001.csv"", ""raw_row"": 30, ""native_id"": ""2-s2.0-105041790628"", ""observed_rank"": """"}]",awaiting_title_abstract_screening,,,2026-10-01,2026-09-30,,,
Ra5883175d73bc12e,10.1007/s10207-023-00741-8,INCHAIN: a cyber insurance architecture with smart contracts and self-sovereign identity on top of blockchain,https://www.scopus.com/pages/publications/85168952286?origin=resultslist,2024,Farao A.; Paparis G.; Panda S.; Panaousis E.; Zarras A.; Xenakis C.,International Journal of Information Security,Article,"[""S08""]","[""identity""]","[{""database"": ""Scopus"", ""query_id"": ""S08"", ""raw_source"": ""search-expansion-S08-20261001.csv"", ""raw_row"": 31, ""native_id"": ""2-s2.0-85168952286"", ""observed_rank"": """"}]",awaiting_title_abstract_screening,,,2026-10-01,2026-09-30,,,
Rf8dc9bbd08b6983a,10.1109/icadcs70036.2026.11583174,A Decentralized Authentication Mechanism Using Blockchain and Self-Sovereign Identity for Enhanced Cybersecurity,https://www.scopus.com/pages/publications/105045698889?origin=resultslist,2026,Vinod N.; Vishnu D.,"2026 1st International Conference on AI, Data Science, Cyber Security and Smart Manufacturing for Sustainable Development, ICADCS 2026",Conference paper,"[""S08""]","[""identity""]","[{""database"": ""Scopus"", ""query_id"": ""S08"", ""raw_source"": ""search-expansion-S08-20261001.csv"", ""raw_row"": 32, ""native_id"": ""2-s2.0-105045698889"", ""observed_rank"": """"}]",awaiting_title_abstract_screening,,,2026-10-01,2026-09-30,,,
R1ee4ffac537f6a06,10.1109/wimob61911.2024.10770361,A Blockchain and Self-Sovereign Identity-Based Platform for Electronic Health Records Management Under GDPR,https://www.scopus.com/pages/publications/85214686100?origin=resultslist,2024,Makina H.; Ben Letaifa A.; Rachedi A.,"International Conference on Wireless and Mobile Computing, Networking and Communications",Conference paper,"[""S08""]","[""identity""]","[{""database"": ""Scopus"", ""query_id"": ""S08"", ""raw_source"": ""search-expansion-S08-20261001.csv"", ""raw_row"": 33, ""native_id"": ""2-s2.0-85214686100"", ""observed_rank"": """"}]",awaiting_title_abstract_screening,,,2026-10-01,2026-09-30,,,
R416f352a6a1bf9f4,10.1109/jiot.2025.3576735,Blockchain-Based Verifiable Decentralized Identity for Intelligent Flexible Manufacturing,https://www.scopus.com/pages/publications/105007991433?origin=resultslist,2025,Xu W.; Deng J.; Yu J.; Mao S.; Li Y.; Peng Z.; Xiao B.,IEEE Internet of Things Journal,Article,"[""S08""]","[""identity""]","[{""database"": ""Scopus"", ""query_id"": ""S08"", ""raw_source"": ""search-expansion-S08-20261001.csv"", ""raw_row"": 34, ""native_id"": ""2-s2.0-105007991433"", ""observed_rank"": """"}]",awaiting_title_abstract_screening,,,2026-10-01,2026-09-30,,,
R002a3026f4899183,10.1109/isceic67854.2025.11405704,Research on a Decentralized Identity Authentication Solution for Unmanned Railway Communication Rooms Based on Blockchain Technology,https://www.scopus.com/pages/publications/105035374951?origin=resultslist,2025,Fei H.; Wu C.; Qin W.; Wang C.,"2025 6th International Symposium on Computer Engineering and Intelligent Communications, ISCEIC 2025",Conference paper,"[""S08""]","[""identity""]","[{""database"": ""Scopus"", ""query_id"": ""S08"", ""raw_source"": ""search-expansion-S08-20261001.csv"", ""raw_row"": 35, ""native_id"": ""2-s2.0-105035374951"", ""observed_rank"": """"}]",awaiting_title_abstract_screening,,,2026-10-01,2026-09-30,,,
R098123f4090a3c37,10.1007/978-3-032-20318-2_22,SSI-Trust: A Blockchain-Based Framework for Trusted Issuer Management in Self-Sovereign Identity,https://www.scopus.com/pages/publications/105035543700?origin=resultslist,2026,Rao K.V.; Murala D.K.; Dash S.K.; Panda S.K.; Vikruthi R.,Lecture Notes in Electrical Engineering,Conference paper,"[""S08""]","[""identity""]","[{""database"": ""Scopus"", ""query_id"": ""S08"", ""raw_source"": ""search-expansion-S08-20261001.csv"", ""raw_row"": 36, ""native_id"": ""2-s2.0-105035543700"", ""observed_rank"": """"}]",awaiting_title_abstract_screening,,,2026-10-01,2026-09-30,,,
R77a1cbc279533fb4,10.3390/app14093551,Decentralized Identity Authentication Mechanism: Integrating FIDO and Blockchain for Enhanced Security,https://www.scopus.com/pages/publications/85192727482?origin=resultslist,2024,Ou H.-H.; Pan C.-H.; Tseng Y.-M.; Lin I.-C.,Applied Sciences (Switzerland),Article,"[""S08""]","[""identity""]","[{""database"": ""Scopus"", ""query_id"": ""S08"", ""raw_source"": ""search-expansion-S08-20261001.csv"", ""raw_row"": 37, ""native_id"": ""2-s2.0-85192727482"", ""observed_rank"": """"}]",awaiting_title_abstract_screening,,,2026-10-01,2026-09-30,,,
Rba5f5063fed9e148,10.3390/app14010139,Analyzing the Threats to Blockchain-Based Self-Sovereign Identities by Conducting a Literature Survey,https://www.scopus.com/pages/publications/85192470222?origin=resultslist,2024,Pöhn D.; Grabatin M.; Hommel W.,Applied Sciences (Switzerland),Article,"[""S08""]","[""identity""]","[{""database"": ""Scopus"", ""query_id"": ""S08"", ""raw_source"": ""search-expansion-S08-20261001.csv"", ""raw_row"": 38, ""native_id"": ""2-s2.0-85192470222"", ""observed_rank"": """"}]",awaiting_title_abstract_screening,,,2026-10-01,2026-09-30,,,
Rc640a5e943febc63,10.1007/s12597-026-01167-1,A blockchain-based self-sovereign identity in adaptive access control framework and differential privacy for real-time privacy-preserving EHR management,https://www.scopus.com/pages/publications/105036543882?origin=resultslist,2026,Palkar S.S.; Mehra R.; Hadimani L.,OPSEARCH,Article,"[""S08""]","[""identity""]","[{""database"": ""Scopus"", ""query_id"": ""S08"", ""raw_source"": ""search-expansion-S08-20261001.csv"", ""raw_row"": 39, ""native_id"": ""2-s2.0-105036543882"", ""observed_rank"": """"}]",awaiting_title_abstract_screening,,,2026-10-01,2026-09-30,,,
R1fdabb236064bd6d,10.1007/978-3-032-07671-7_7,Building Trust in the Web of Things: Decentralized Identity Management with Blockchain,https://www.scopus.com/pages/publications/105030925971?origin=resultslist,2026,Mssassi S.; El Kalam A.A.,Signals and Communication Technology,Book chapter,"[""S08""]","[""identity""]","[{""database"": ""Scopus"", ""query_id"": ""S08"", ""raw_source"": ""search-expansion-S08-20261001.csv"", ""raw_row"": 40, ""native_id"": ""2-s2.0-105030925971"", ""observed_rank"": """"}]",awaiting_title_abstract_screening,,,2026-10-01,2026-09-30,,,
Ra8ea338d73594cff,10.1007/978-3-032-16038-6_26,Decentralized Identity Federation Using Blockchain for Cross-Organizational Access,https://www.scopus.com/pages/publications/105031429493?origin=resultslist,2026,Gamar J.J.,Communications in Computer and Information Science,Conference paper,"[""S08""]","[""identity""]","[{""database"": ""Scopus"", ""query_id"": ""S08"", ""raw_source"": ""search-expansion-S08-20261001.csv"", ""raw_row"": 41, ""native_id"": ""2-s2.0-105031429493"", ""observed_rank"": """"}]",awaiting_title_abstract_screening,,,2026-10-01,2026-09-30,,,
R50ccbe1e45e6bc0f,10.3390/fi16120473,A Self-Sovereign Identity–Blockchain-Based Model Proposal for Deep Digital Transformation in the Healthcare Sector,https://www.scopus.com/pages/publications/85213082439?origin=resultslist,2024,Cocco L.; Tonelli R.,Future Internet,Article,"[""S08""]","[""identity""]","[{""database"": ""Scopus"", ""query_id"": ""S08"", ""raw_source"": ""search-expansion-S08-20261001.csv"", ""raw_row"": 42, ""native_id"": ""2-s2.0-85213082439"", ""observed_rank"": """"}]",awaiting_title_abstract_screening,,,2026-10-01,2026-09-30,,,
R085194cd31773b96,10.1007/s10207-024-00864-6,Decentralised identity federations using blockchain,https://www.scopus.com/pages/publications/85193502481?origin=resultslist,2024,Shuhan M.K.B.; Hasnayeen S.M.; Das T.K.; Sakib M.N.; Ferdous M.S.,International Journal of Information Security,Article,"[""S08""]","[""identity""]","[{""database"": ""Scopus"", ""query_id"": ""S08"", ""raw_source"": ""search-expansion-S08-20261001.csv"", ""raw_row"": 43, ""native_id"": ""2-s2.0-85193502481"", ""observed_rank"": """"}]",awaiting_title_abstract_screening,,,2026-10-01,2026-09-30,,,
R40af528f330104c0,10.1186/s13677-026-00862-0,A zero-trust decentralized identifier specification based machine learning against cyber-attacks in blockchain based self-sovereign identity,https://www.scopus.com/pages/publications/105031475780?origin=resultslist,2026,Emati J.H.M.; Tchendji V.K.; Djam-Doudou M.,Journal of Cloud Computing,Article,"[""S08""]","[""identity""]","[{""database"": ""Scopus"", ""query_id"": ""S08"", ""raw_source"": ""search-expansion-S08-20261001.csv"", ""raw_row"": 44, ""native_id"": ""2-s2.0-105031475780"", ""observed_rank"": """"}]",awaiting_title_abstract_screening,,,2026-10-01,2026-09-30,,,
Rd91ccf263cb16f22,10.1038/s41598-026-37402-4,Privacy-preserving vaccine supply chain management leveraging blockchain and self-sovereign identity,https://www.scopus.com/pages/publications/105038447175?origin=resultslist,2026,Chaurasia B.K.; Tiwari N.; Pateria N.,Scientific Reports,Article,"[""S08""]","[""identity""]","[{""database"": ""Scopus"", ""query_id"": ""S08"", ""raw_source"": ""search-expansion-S08-20261001.csv"", ""raw_row"": 45, ""native_id"": ""2-s2.0-105038447175"", ""observed_rank"": """"}]",awaiting_title_abstract_screening,,,2026-10-01,2026-09-30,,,
R20ce59f27eb1e394,10.3778/j.issn.1002-8331.2508-0230,Review of Hierarchical Architecture and Key Technologies of Blockchain-Based Decentralized Identity Authentication; [区块链去中心化身份认证分层架构与关键技术综述],https://www.scopus.com/pages/publications/105049041667?origin=resultslist,2026,Feng H.; Li L.; Lin H.; Du J.; Gao H.,Computer Engineering and Applications,Article,"[""S08""]","[""identity""]","[{""database"": ""Scopus"", ""query_id"": ""S08"", ""raw_source"": ""search-expansion-S08-20261001.csv"", ""raw_row"": 46, ""native_id"": ""2-s2.0-105049041667"", ""observed_rank"": """"}]",awaiting_title_abstract_screening,,,2026-10-01,2026-09-30,,,
Rae2357c8a21726e0,10.1109/conit65521.2025.11167581,Leveraging Blockchain Technology for a Decentralized Public Key Infrastructure: A Blueprint for Secure Digital Identity Management,https://www.scopus.com/pages/publications/105018300983?origin=resultslist,2025,Shaik S.,"2025 5th International Conference on Intelligent Technologies, CONIT 2025",Conference paper,"[""S08""]","[""identity""]","[{""database"": ""Scopus"", ""query_id"": ""S08"", ""raw_source"": ""search-expansion-S08-20261001.csv"", ""raw_row"": 47, ""native_id"": ""2-s2.0-105018300983"", ""observed_rank"": """"}]",awaiting_title_abstract_screening,,,2026-10-01,2026-09-30,,,
Re6e29cab1b21ba39,10.1145/3674912.3674930,Use Case Feasibility Study: Decentralized Identity on Blockchain for Cultural Heritage Artifacts,https://www.scopus.com/pages/publications/85202760193?origin=resultslist,2024,Lambov I.,ACM International Conference Proceeding Series,Conference paper,"[""S08"", ""S09""]","[""identity""]","[{""database"": ""Scopus"", ""query_id"": ""S08"", ""raw_source"": ""search-expansion-S08-20261001.csv"", ""raw_row"": 48, ""native_id"": ""2-s2.0-85202760193"", ""observed_rank"": """"}, {""database"": ""ACM Full-Text Collection"", ""query_id"": ""S09"", ""raw_source"": ""search-expansion-ACM-20261001.csv"", ""raw_row"": 34, ""native_id"": """", ""observed_rank"": ""7""}]",awaiting_title_abstract_screening,,,2026-10-01,2026-09-30,,,
Re8222f06677b6bd3,10.18417/emisa.19.9,ChorSSI: A Model-Driven Framework for Self-Sovereign Identity Systems on Blockchain,https://www.scopus.com/pages/publications/85211940429?origin=resultslist,2024,Cippitelli T.; Marcelletti A.; Morichetta A.,Enterprise Modelling and Information Systems Architectures,Article,"[""S08""]","[""identity""]","[{""database"": ""Scopus"", ""query_id"": ""S08"", ""raw_source"": ""search-expansion-S08-20261001.csv"", ""raw_row"": 49, ""native_id"": ""2-s2.0-85211940429"", ""observed_rank"": """"}]",awaiting_title_abstract_screening,,,2026-10-01,2026-09-30,,,
R0e9616cf719272ec,10.1109/ci2a69097.2026.11576895,A Survey on the Challenges and Issues of Merkle Trees for Blockchain Based Self Sovereign Identity Management,https://www.scopus.com/pages/publications/105045177531?origin=resultslist,2026,Lakhataria S.; Desai K.; Pradhan V.; Bhoi A.,"International Conference on Connected Intelligence for Industrial Applications, CI2A 2026",Conference paper,"[""S08""]","[""identity""]","[{""database"": ""Scopus"", ""query_id"": ""S08"", ""raw_source"": ""search-expansion-S08-20261001.csv"", ""raw_row"": 50, ""native_id"": ""2-s2.0-105045177531"", ""observed_rank"": """"}]",awaiting_title_abstract_screening,,,2026-10-01,2026-09-30,,,
Rb770cbd962b55257,10.1007/978-981-96-3311-1_15,Decentralized Digital Identity Solution Using Blockchain Technology and Encryption Algorithm,https://www.scopus.com/pages/publications/105005478989?origin=resultslist,2025,Jatain A.; Manju; Kumari R.,Lecture Notes in Networks and Systems,Conference paper,"[""S08""]","[""identity""]","[{""database"": ""Scopus"", ""query_id"": ""S08"", ""raw_source"": ""search-expansion-S08-20261001.csv"", ""raw_row"": 51, ""native_id"": ""2-s2.0-105005478989"", ""observed_rank"": """"}]",awaiting_title_abstract_screening,,,2026-10-01,2026-09-30,,,
R6143476eecd8ca62,10.1007/s42979-026-04850-8,A Blockchain-Based Framework for Decentralized USIM Identity Management and Regulatory Compliance in Mobile Networks,https://www.scopus.com/pages/publications/105033995939?origin=resultslist,2026,Lanani S.; Kahloul L.; Kazar O.,SN Computer Science,Article,"[""S08""]","[""identity""]","[{""database"": ""Scopus"", ""query_id"": ""S08"", ""raw_source"": ""search-expansion-S08-20261001.csv"", ""raw_row"": 52, ""native_id"": ""2-s2.0-105033995939"", ""observed_rank"": """"}]",awaiting_title_abstract_screening,,,2026-10-01,2026-09-30,,,
R6e088ec8a1bd7d5e,10.1007/978-3-032-10940-8_13,Decentralized Identity Verification for Elections: Blockchain-Powered Voting with Face and Fingerprint Security,https://www.scopus.com/pages/publications/105028356213?origin=resultslist,2026,Sawant A.; Gorave A.; Bhojane O.; Bhale Y.; Behare H.; Bhoyar A.,Lecture Notes in Networks and Systems,Conference paper,"[""S08""]","[""identity""]","[{""database"": ""Scopus"", ""query_id"": ""S08"", ""raw_source"": ""search-expansion-S08-20261001.csv"", ""raw_row"": 53, ""native_id"": ""2-s2.0-105028356213"", ""observed_rank"": """"}]",awaiting_title_abstract_screening,,,2026-10-01,2026-09-30,,,
R73a0f9dbd3a9a134,10.1109/giest66547.2025.11387509,Blockchain-Based Self-Sovereign Identity for Digital Security,https://www.scopus.com/pages/publications/105035311270?origin=resultslist,2025,Mishra N.; Chidambaram P.K.; Mahdi H.M.; Spandana A.; Karpagam J.; Neelima P.; Gulyamova O.S.,"2025 IEEE 2nd International Conference on Green Industrial Electronics and Sustainable Technologies, GIEST 2025",Conference paper,"[""S08""]","[""identity""]","[{""database"": ""Scopus"", ""query_id"": ""S08"", ""raw_source"": ""search-expansion-S08-20261001.csv"", ""raw_row"": 54, ""native_id"": ""2-s2.0-105035311270"", ""observed_rank"": """"}]",awaiting_title_abstract_screening,,,2026-10-01,2026-09-30,,,
R5138e3e6f5f11def,10.1109/ojcoms.2024.3449692,Blockchain-Based Self-Sovereign Identity: Taking Control of Identity in Federated Learning,https://www.scopus.com/pages/publications/85202729921?origin=resultslist,2024,Zeydan E.; Blanco L.; Mangues-Bafalluy J.; Arslan S.S.; Turk Y.; Kumar Yadav A.; Liyanage M.,IEEE Open Journal of the Communications Society,Article,"[""S08""]","[""identity""]","[{""database"": ""Scopus"", ""query_id"": ""S08"", ""raw_source"": ""search-expansion-S08-20261001.csv"", ""raw_row"": 55, ""native_id"": ""2-s2.0-85202729921"", ""observed_rank"": """"}]",duplicate_current_application,updateZeydan2024SSI,Matching nonempty DOI,2026-10-01,2026-09-30,,,
Rc356aad15f8d46e4,10.1007/978-981-96-9191-3_17,DAPI-Py: A Decentralized Digital Identity Management System Leveraging Blockchain and Edge Computing,https://www.scopus.com/pages/publications/105028307089?origin=resultslist,2026,Rosa-Bilbao J.; Boubeta-Puig J.,Lecture Notes in Networks and Systems,Conference paper,"[""S08""]","[""identity""]","[{""database"": ""Scopus"", ""query_id"": ""S08"", ""raw_source"": ""search-expansion-S08-20261001.csv"", ""raw_row"": 56, ""native_id"": ""2-s2.0-105028307089"", ""observed_rank"": """"}]",awaiting_title_abstract_screening,,,2026-10-01,2026-09-30,,,
Rc91fbc1f4a769cb6,10.1109/iciptm59628.2024.10563665,Decentralized Digital Identity Verification System Using Blockchain Technology,https://www.scopus.com/pages/publications/85197682551?origin=resultslist,2024,Nehra V.; Aakarsh M.J.; Khanna H.; Jindal N.,"4th International Conference on Innovative Practices in Technology and Management 2024, ICIPTM 2024",Conference paper,"[""S08""]","[""identity""]","[{""database"": ""Scopus"", ""query_id"": ""S08"", ""raw_source"": ""search-expansion-S08-20261001.csv"", ""raw_row"": 57, ""native_id"": ""2-s2.0-85197682551"", ""observed_rank"": """"}]",awaiting_title_abstract_screening,,,2026-10-01,2026-09-30,,,
R6b3587bd3ccc354a,10.1007/978-3-031-49593-9_8,Decentralized Identity Management Using Blockchain Technology: Challenges and Solutions,https://www.scopus.com/pages/publications/85185885053?origin=resultslist,2024,Buttar A.M.; Shahid M.A.; Arshad M.N.; Akbar M.A.,Signals and Communication Technology,Book chapter,"[""S08""]","[""identity""]","[{""database"": ""Scopus"", ""query_id"": ""S08"", ""raw_source"": ""search-expansion-S08-20261001.csv"", ""raw_row"": 58, ""native_id"": ""2-s2.0-85185885053"", ""observed_rank"": """"}]",awaiting_title_abstract_screening,,,2026-10-01,2026-09-30,,,
R525942eb0706f96d,10.1109/icass69550.2026.11547640,"Integrating Blockchain and Self-Sovereign Identity for Secure, Scalable, and User-Controlled Digital Identity Systems",https://www.scopus.com/pages/publications/105042704450?origin=resultslist,2026,Chadha R.; Mahajan P.; Gupta R.; Khullar S.,"Proceedings of 2026 1st International Conference on Intelligent Computing and Automation for Sustainable Solutions, ICASS 2026",Conference paper,"[""S08""]","[""identity""]","[{""database"": ""Scopus"", ""query_id"": ""S08"", ""raw_source"": ""search-expansion-S08-20261001.csv"", ""raw_row"": 59, ""native_id"": ""2-s2.0-105042704450"", ""observed_rank"": """"}]",awaiting_title_abstract_screening,,,2026-10-01,2026-09-30,,,
R2b634cddfd607dbe,10.1109/compsac69091.2026.00441,A Secure and Trustworthy Digital Passport System Using Self-Sovereign Identity and Blockchain,https://www.scopus.com/pages/publications/105048971771?origin=resultslist,2026,Sajin S.J.; Haque Siam M.M.; Al Anan A.; Anim S.I.; Ali M.Y.; Shahriar H.; Ferdous M.S.,"Proceedings - 2026 IEEE 50th Annual Computers, Software, and Applications Conference, COMPSAC 2026",Conference paper,"[""S08""]","[""identity""]","[{""database"": ""Scopus"", ""query_id"": ""S08"", ""raw_source"": ""search-expansion-S08-20261001.csv"", ""raw_row"": 60, ""native_id"": ""2-s2.0-105048971771"", ""observed_rank"": """"}]",awaiting_title_abstract_screening,,,2026-10-01,2026-09-30,,,
R7fc516c3fef96a9c,10.3390/electronics14193954,Blockchain-Based Self-Sovereign Identity Management Mechanism in AIoT Environments,https://www.scopus.com/pages/publications/105019215431?origin=resultslist,2025,Ren J.; Zhang J.; Ren Y.; Xu J.,Electronics (Switzerland),Article,"[""S08""]","[""identity""]","[{""database"": ""Scopus"", ""query_id"": ""S08"", ""raw_source"": ""search-expansion-S08-20261001.csv"", ""raw_row"": 61, ""native_id"": ""2-s2.0-105019215431"", ""observed_rank"": """"}]",duplicate_current_application,updateRen2025AIoTIdentity,Matching nonempty DOI,2026-10-01,2026-09-30,,,
Rf1dfa055222d864a,10.1109/aiei69164.2026.11497839,Decentralized Identity Verification for Third Gender Individuals Using Blockchain,https://www.scopus.com/pages/publications/105040835899?origin=resultslist,2026,Kumar S.; Thapliyal S.; Singh J.N.; Rani S.; Singh Y.; Singh A.,"Proceedings of the IEEE International Conference on AI Engineering and Innovations, AIEI 2026",Conference paper,"[""S08""]","[""identity""]","[{""database"": ""Scopus"", ""query_id"": ""S08"", ""raw_source"": ""search-expansion-S08-20261001.csv"", ""raw_row"": 63, ""native_id"": ""2-s2.0-105040835899"", ""observed_rank"": """"}]",awaiting_title_abstract_screening,,,2026-10-01,2026-09-30,,,
R1a24d9876dd7152a,10.1016/j.vehcom.2024.100759,Blockchain-based self-sovereign identity solution for aerial base station integrated networks,https://www.scopus.com/pages/publications/85186636722?origin=resultslist,2024,Zeydan E.; Mangues-Bafalluy J.; Arslan S.; Turk Y.,Vehicular Communications,Article,"[""S08""]","[""identity""]","[{""database"": ""Scopus"", ""query_id"": ""S08"", ""raw_source"": ""search-expansion-S08-20261001.csv"", ""raw_row"": 64, ""native_id"": ""2-s2.0-85186636722"", ""observed_rank"": """"}]",duplicate_current_application,updateZeydan2024ABSIdentity,Matching nonempty DOI,2026-10-01,2026-09-30,,,
R78d2c1ccd56e166d,10.1109/access.2026.3680275,A Quantum-Resistant and AI-Resilient Real-Time Keystroke Protection Framework With Blockchain-Backed Decentralized Identity,https://www.scopus.com/pages/publications/105034811811?origin=resultslist,2026,Jang Y.; Jang H.; Lee S.,IEEE Access,Article,"[""S08""]","[""identity""]","[{""database"": ""Scopus"", ""query_id"": ""S08"", ""raw_source"": ""search-expansion-S08-20261001.csv"", ""raw_row"": 65, ""native_id"": ""2-s2.0-105034811811"", ""observed_rank"": """"}]",awaiting_title_abstract_screening,,,2026-10-01,2026-09-30,,,
R545c71c0e277e103,10.1007/s10586-022-03921-8,When blockchain meets IoT: a comparison of the performance of communication protocols in a decentralized identity solution for IoT using blockchain,https://www.scopus.com/pages/publications/85145182013?origin=resultslist,2024,Sharma P.; Wilfred Godfrey W.; Trivedi A.,Cluster Computing,Article,"[""S08""]","[""identity""]","[{""database"": ""Scopus"", ""query_id"": ""S08"", ""raw_source"": ""search-expansion-S08-20261001.csv"", ""raw_row"": 66, ""native_id"": ""2-s2.0-85145182013"", ""observed_rank"": """"}]",awaiting_title_abstract_screening,,,2026-10-01,2026-09-30,,,
R1e178977797bd26a,10.31449/inf.v49i34.9164,Blockchain Based Decentralized Identity Management System for Authentication and Authorization in IoT Networks,https://www.scopus.com/pages/publications/105021615324?origin=resultslist,2025,Patidar K.; Jain S.; Husain M.; Muqeem M.; Ahmed M.N.; Khan A.N.; Hussain M.R.; Ali A.; Mushtaque N.,Informatica (Slovenia),Article,"[""S08""]","[""identity""]","[{""database"": ""Scopus"", ""query_id"": ""S08"", ""raw_source"": ""search-expansion-S08-20261001.csv"", ""raw_row"": 67, ""native_id"": ""2-s2.0-105021615324"", ""observed_rank"": """"}]",awaiting_title_abstract_screening,,,2026-10-01,2026-09-30,,,
R245002328de4898c,10.1201/9781003450306-12,On-Chain Decentralized Identity through Blockchain Technology,https://www.scopus.com/pages/publications/85215218948?origin=resultslist,2024,Bhattacharjee G.; Chowdhury A.R.; Mandal B.K.,Blockchain Technology in the Automotive Industry,Book chapter,"[""S08""]","[""identity""]","[{""database"": ""Scopus"", ""query_id"": ""S08"", ""raw_source"": ""search-expansion-S08-20261001.csv"", ""raw_row"": 68, ""native_id"": ""2-s2.0-85215218948"", ""observed_rank"": """"}]",awaiting_title_abstract_screening,,,2026-10-01,2026-09-30,,,
Rf0b70a1e1d9d9a24,10.1007/978-981-96-3352-4_10,Blockchain-Based Self-sovereign Identity for Ensuring Traceability and Provenance in Online Social Networks,https://www.scopus.com/pages/publications/105013538813?origin=resultslist,2025,Zafar N.; Ahmad K.,Lecture Notes in Networks and Systems,Conference paper,"[""S08""]","[""identity""]","[{""database"": ""Scopus"", ""query_id"": ""S08"", ""raw_source"": ""search-expansion-S08-20261001.csv"", ""raw_row"": 69, ""native_id"": ""2-s2.0-105013538813"", ""observed_rank"": """"}]",awaiting_title_abstract_screening,,,2026-10-01,2026-09-30,,,
R7fb4720dc4057b6b,10.1109/icipcn63822.2024.00143,Self-Sovereign Identity to Secure Digital Identity using Blockchain Technology,https://www.scopus.com/pages/publications/85204780512?origin=resultslist,2024,Goswami P.; Sirsikar S.,"Proceedings - 2024 5th International Conference on Image Processing and Capsule Networks, ICIPCN 2024",Conference paper,"[""S08""]","[""identity""]","[{""database"": ""Scopus"", ""query_id"": ""S08"", ""raw_source"": ""search-expansion-S08-20261001.csv"", ""raw_row"": 70, ""native_id"": ""2-s2.0-85204780512"", ""observed_rank"": """"}]",awaiting_title_abstract_screening,,,2026-10-01,2026-09-30,,,
R6627c8563a8e28f1,10.1109/icicv62344.2024.00140,Sign Up Wallet: A Blockchain and Machine Learning based Self-Sovereign Identity Model for Enhanced Digital Security,https://www.scopus.com/pages/publications/85193482849?origin=resultslist,2024,Rani K.; Sankar Vishnu Gomathi S.; Vijay C.; Sujith S.B.; Alagu Ramanan S.,"Proceedings - 2024 5th International Conference on Intelligent Communication Technologies and Virtual Mobile Networks, ICICV 2024",Conference paper,"[""S08""]","[""identity""]","[{""database"": ""Scopus"", ""query_id"": ""S08"", ""raw_source"": ""search-expansion-S08-20261001.csv"", ""raw_row"": 71, ""native_id"": ""2-s2.0-85193482849"", ""observed_rank"": """"}]",awaiting_title_abstract_screening,,,2026-10-01,2026-09-30,,,
R2e343b2fe0dd139b,10.1109/iot69654.2025.11297704,"B-DDIM: Blockchain-Driven Decentralized Digital Identity Management Framework to Ensure Security, Privacy, and Interoperability",https://www.scopus.com/pages/publications/105031388044?origin=resultslist,2025,Hathaliya J.; Kumari A.; Gupta R.; Tanwar S.; Shahinzadeh H.; Mehrabani-Najafabadi S.,"Proceedings of 2025 9th International Conference on Internet of Things and Applications, IoT 2025",Conference paper,"[""S08""]","[""identity""]","[{""database"": ""Scopus"", ""query_id"": ""S08"", ""raw_source"": ""search-expansion-S08-20261001.csv"", ""raw_row"": 72, ""native_id"": ""2-s2.0-105031388044"", ""observed_rank"": """"}]",awaiting_title_abstract_screening,,,2026-10-01,2026-09-30,,,
Rcb24fc8de1105620,10.1007/978-3-032-20603-9_4,Decentralized Identity Management System Using Blockchain,https://www.scopus.com/pages/publications/105038564855?origin=resultslist,2026,Manish S.R.; Varshanth Reddy Y.; Yuvraj R.; Belwal M.,Lecture Notes in Networks and Systems,Conference paper,"[""S08""]","[""identity""]","[{""database"": ""Scopus"", ""query_id"": ""S08"", ""raw_source"": ""search-expansion-S08-20261001.csv"", ""raw_row"": 73, ""native_id"": ""2-s2.0-105038564855"", ""observed_rank"": """"}]",awaiting_title_abstract_screening,,,2026-10-01,2026-09-30,,,
Rc344423cc946ce06,10.14569/ijacsa.2026.0170241,Ziraai SSI: A Blockchain-Based Self-Sovereign Identity Model for Agricultural Supply Chains,https://www.scopus.com/pages/publications/105038908528?origin=resultslist,2026,Alar T.; Bharathy G.; Batra U.; Prasad M.,International Journal of Advanced Computer Science and Applications,Article,"[""S08""]","[""identity""]","[{""database"": ""Scopus"", ""query_id"": ""S08"", ""raw_source"": ""search-expansion-S08-20261001.csv"", ""raw_row"": 74, ""native_id"": ""2-s2.0-105038908528"", ""observed_rank"": """"}]",awaiting_title_abstract_screening,,,2026-10-01,2026-09-30,,,
Rf5d5907ab7d9f1a4,10.1109/icoeca68095.2026.11485511,A Blockchain-based Self-Sovereign Identity Framework for Secure and Privacy-Preserving Digital Identity Management,https://www.scopus.com/pages/publications/105038108450?origin=resultslist,2026,Maheswari G.; Koushik Reddy G.S.; Nikhil Naik J.; Sree G.K.; Anitha C.,"Proceedings of 6th International Conference on Expert Clouds and Applications, ICOECA 2026",Conference paper,"[""S08""]","[""identity""]","[{""database"": ""Scopus"", ""query_id"": ""S08"", ""raw_source"": ""search-expansion-S08-20261001.csv"", ""raw_row"": 75, ""native_id"": ""2-s2.0-105038108450"", ""observed_rank"": """"}]",awaiting_title_abstract_screening,,,2026-10-01,2026-09-30,,,
R9c0d265a5b7338f3,10.1007/978-3-032-11651-2_4,Blockchain-Based Solution for Decentralized Identity Aligned with EU and W3C Standards,https://www.scopus.com/pages/publications/105027583588?origin=resultslist,2026,Atmanavičiūtė L.; Rutkauskas M.; Končius A.L.; Košubienė G.; Masteika S.,Lecture Notes in Business Information Processing,Conference paper,"[""S08""]","[""identity""]","[{""database"": ""Scopus"", ""query_id"": ""S08"", ""raw_source"": ""search-expansion-S08-20261001.csv"", ""raw_row"": 76, ""native_id"": ""2-s2.0-105027583588"", ""observed_rank"": """"}]",awaiting_title_abstract_screening,,,2026-10-01,2026-09-30,,,
R1713806adc761591,10.22247/ijcna/2024/33,Decentralized Identity Management for Industrial Internet of Things Utilizing Blockchain-Enhanced Multi-Factor Authentication,https://www.scopus.com/pages/publications/85203292427?origin=resultslist,2024,Al Qurashi M.,International Journal of Computer Networks and Applications,Article,"[""S08""]","[""identity""]","[{""database"": ""Scopus"", ""query_id"": ""S08"", ""raw_source"": ""search-expansion-S08-20261001.csv"", ""raw_row"": 77, ""native_id"": ""2-s2.0-85203292427"", ""observed_rank"": """"}]",awaiting_title_abstract_screening,,,2026-10-01,2026-09-30,,,
R1ccab5a219db319b,10.1109/gbc60041.2025.11134468,"Decentralized Identity based on Blockchain-based Service Network: Design, Implementation and Applications",https://www.scopus.com/pages/publications/105016374600?origin=resultslist,2025,Shan Z.; Chen X.; Zhang Y.,"2025 IEEE Global Blockchain Conference, GBC 2025",Conference paper,"[""S08""]","[""identity""]","[{""database"": ""Scopus"", ""query_id"": ""S08"", ""raw_source"": ""search-expansion-S08-20261001.csv"", ""raw_row"": 78, ""native_id"": ""2-s2.0-105016374600"", ""observed_rank"": """"}]",awaiting_title_abstract_screening,,,2026-10-01,2026-09-30,,,
R0ea67b41d66a4e0c,10.1109/is61756.2024.10705221,Decentralized Identity of Artifacts on the BSN Spartan Blockchain,https://www.scopus.com/pages/publications/85208448302?origin=resultslist,2024,Lambov I.,"International IEEE Conference  proceedings, IS",Conference paper,"[""S08""]","[""identity""]","[{""database"": ""Scopus"", ""query_id"": ""S08"", ""raw_source"": ""search-expansion-S08-20261001.csv"", ""raw_row"": 79, ""native_id"": ""2-s2.0-85208448302"", ""observed_rank"": """"}]",awaiting_title_abstract_screening,,,2026-10-01,2026-09-30,,,
Rbd8b418b53386203,10.1007/978-3-031-81928-5_31,A Blockchain-Based Self-sovereign Identity Scheme,https://www.scopus.com/pages/publications/105000724328?origin=resultslist,2025,Sitouah N.; Bruschi F.,Lecture Notes in Networks and Systems,Conference paper,"[""S08""]","[""identity""]","[{""database"": ""Scopus"", ""query_id"": ""S08"", ""raw_source"": ""search-expansion-S08-20261001.csv"", ""raw_row"": 80, ""native_id"": ""2-s2.0-105000724328"", ""observed_rank"": """"}]",awaiting_title_abstract_screening,,,2026-10-01,2026-09-30,,,
Raed5f3ab5620d94f,10.1145/3696410.3714762,Fully Anonymous Decentralized Identity Supporting Threshold Traceability with Practical Blockchain,https://www.scopus.com/pages/publications/105005140251?origin=resultslist,2025,Liu Y.; Zhao Z.; Zhao B.; Ran F.; Lin X.; Li D.; Guan Z.,WWW 2025 - Proceedings of the ACM Web Conference,Conference paper,"[""S08"", ""S09""]","[""identity""]","[{""database"": ""Scopus"", ""query_id"": ""S08"", ""raw_source"": ""search-expansion-S08-20261001.csv"", ""raw_row"": 81, ""native_id"": ""2-s2.0-105005140251"", ""observed_rank"": """"}, {""database"": ""ACM Full-Text Collection"", ""query_id"": ""S09"", ""raw_source"": ""search-expansion-ACM-20261001.csv"", ""raw_row"": 31, ""native_id"": """", ""observed_rank"": ""4""}]",awaiting_title_abstract_screening,,,2026-10-01,2026-09-30,,,
Rb119494ae5b13aea,10.1201/9781003462033-9,The use of self-sovereign identity in blockchain systems,https://www.scopus.com/pages/publications/85208341708?origin=resultslist,2024,Onamade A.; Okpaegbe E.,"Leveraging Blockchain Technology: Governance, Risk, Compliance, Security, and Benevolent Use Cases",Book chapter,"[""S08""]","[""identity""]","[{""database"": ""Scopus"", ""query_id"": ""S08"", ""raw_source"": ""search-expansion-S08-20261001.csv"", ""raw_row"": 82, ""native_id"": ""2-s2.0-85208341708"", ""observed_rank"": """"}]",awaiting_title_abstract_screening,,,2026-10-01,2026-09-30,,,
Rcf54060db4410627,10.3390/computers14070289,Blockchain-Based Decentralized Identity Management System with AI and Merkle Trees,https://www.scopus.com/pages/publications/105011644199?origin=resultslist,2025,Le H.V.A.; Nguyen Q.D.N.; Tadashi N.; Tran T.H.,Computers,Article,"[""S08""]","[""identity""]","[{""database"": ""Scopus"", ""query_id"": ""S08"", ""raw_source"": ""search-expansion-S08-20261001.csv"", ""raw_row"": 83, ""native_id"": ""2-s2.0-105011644199"", ""observed_rank"": """"}]",awaiting_title_abstract_screening,,,2026-10-01,2026-09-30,,,
R784c8540df3dc1dd,10.1007/978-3-031-93448-3_12,Overview of Self-Sovereign Identity for Blockchain-Based Authentication,https://www.scopus.com/pages/publications/105017372520?origin=resultslist,2025,Achir Y.; Cherif A.N.; Youssfi M.; Elgarej M.; Bouattane O.,Communications in Computer and Information Science,Conference paper,"[""S08""]","[""identity""]","[{""database"": ""Scopus"", ""query_id"": ""S08"", ""raw_source"": ""search-expansion-S08-20261001.csv"", ""raw_row"": 84, ""native_id"": ""2-s2.0-105017372520"", ""observed_rank"": """"}]",awaiting_title_abstract_screening,,,2026-10-01,2026-09-30,,,
Rf7b4390f86d99211,10.1016/j.csi.2025.103994,A blockchain and signature based scheme for cross-domain authentication with decentralized identity,https://www.scopus.com/pages/publications/86000729717?origin=resultslist,2025,Zhang Z.; Ren W.; Zhang X.; Sun Y.; Zhu T.; Choo K.-K.R.,Computer Standards and Interfaces,Article,"[""S08""]","[""identity""]","[{""database"": ""Scopus"", ""query_id"": ""S08"", ""raw_source"": ""search-expansion-S08-20261001.csv"", ""raw_row"": 85, ""native_id"": ""2-s2.0-86000729717"", ""observed_rank"": """"}]",awaiting_title_abstract_screening,,,2026-10-01,2026-09-30,,,
Rc1858719b5660925,10.1007/978-3-031-81928-5_40,"Methodologies for the Development, Design and Implementation of Self Sovereign Identity on Blockchain",https://www.scopus.com/pages/publications/105000736420?origin=resultslist,2025,Sitouah N.,Lecture Notes in Networks and Systems,Conference paper,"[""S08""]","[""identity""]","[{""database"": ""Scopus"", ""query_id"": ""S08"", ""raw_source"": ""search-expansion-S08-20261001.csv"", ""raw_row"": 86, ""native_id"": ""2-s2.0-105000736420"", ""observed_rank"": """"}]",awaiting_title_abstract_screening,,,2026-10-01,2026-09-30,,,
R8dc50eed77022cc9,10.3390/app14051807,BDIDA-IoT: A Blockchain-Based Decentralized Identity Architecture Enhances the Efficiency of IoT Data Flow,https://www.scopus.com/pages/publications/85192446720?origin=resultslist,2024,Yang Z.; Liu Y.; Jin X.; Luo X.; Xu Y.; Li M.; Chen P.; Tang B.; Lin B.,Applied Sciences (Switzerland),Article,"[""S08""]","[""identity""]","[{""database"": ""Scopus"", ""query_id"": ""S08"", ""raw_source"": ""search-expansion-S08-20261001.csv"", ""raw_row"": 87, ""native_id"": ""2-s2.0-85192446720"", ""observed_rank"": """"}]",awaiting_title_abstract_screening,,,2026-10-01,2026-09-30,,,
Rccf10df35c6605ef,10.1109/icbc59979.2024.10634438,Decentralised Redactable Blockchain: A Privacy-Preserving Approach to Addressing Identity Tracing Challenges,https://www.scopus.com/pages/publications/85203559350?origin=resultslist,2024,Heo J.W.; Ramachandran G.; Jurdak R.,"2024 IEEE International Conference on Blockchain and Cryptocurrency, ICBC 2024",Conference paper,"[""S08""]","[""identity""]","[{""database"": ""Scopus"", ""query_id"": ""S08"", ""raw_source"": ""search-expansion-S08-20261001.csv"", ""raw_row"": 88, ""native_id"": ""2-s2.0-85203559350"", ""observed_rank"": """"}]",awaiting_title_abstract_screening,,,2026-10-01,2026-09-30,,,
R1115329bcb289dbb,10.1109/tnsm.2025.3642315,S3Cross: Blockchain-Based Cross-Domain Authentication With Self-Sovereign and Supervised Identity Management,https://www.scopus.com/pages/publications/105024605209?origin=resultslist,2026,Chen C.; Yang G.; Zhang D.; Wang W.; Chen Q.; Li J.,IEEE Transactions on Network and Service Management,Article,"[""S08""]","[""identity""]","[{""database"": ""Scopus"", ""query_id"": ""S08"", ""raw_source"": ""search-expansion-S08-20261001.csv"", ""raw_row"": 89, ""native_id"": ""2-s2.0-105024605209"", ""observed_rank"": """"}]",awaiting_title_abstract_screening,,,2026-10-01,2026-09-30,,,
R72dbf3c166a5d99e,10.1504/ijahuc.2025.146424,Know your device: a blockchain-based self-sovereign identity management framework for IoT devices,https://www.scopus.com/pages/publications/105007224019?origin=resultslist,2025,Devi A.A.; Babu E.S.,International Journal of Ad Hoc and Ubiquitous Computing,Article,"[""S08""]","[""identity""]","[{""database"": ""Scopus"", ""query_id"": ""S08"", ""raw_source"": ""search-expansion-S08-20261001.csv"", ""raw_row"": 90, ""native_id"": ""2-s2.0-105007224019"", ""observed_rank"": """"}]",awaiting_title_abstract_screening,,,2026-10-01,2026-09-30,,,
R09c3bac50410ec29,10.1109/cscwd61410.2024.10580261,CroAuth: A Cross-domain Authentication Scheme based on Blockchain and Decentralized Identity,https://www.scopus.com/pages/publications/85199099192?origin=resultslist,2024,Zhang Z.; Xiong R.; Di X.; Ren W.,"Proceedings of the 2024 27th International Conference on Computer Supported Cooperative Work in Design, CSCWD 2024",Conference paper,"[""S08""]","[""identity""]","[{""database"": ""Scopus"", ""query_id"": ""S08"", ""raw_source"": ""search-expansion-S08-20261001.csv"", ""raw_row"": 91, ""native_id"": ""2-s2.0-85199099192"", ""observed_rank"": """"}]",awaiting_title_abstract_screening,,,2026-10-01,2026-09-30,,,
R7eaee5cb1b61d98b,10.1016/j.csi.2025.104085,BcFCKA:Blockchain-based Fair and continuous key agreement for DIDComm in Self-Sovereign Identity,https://www.scopus.com/pages/publications/105020584703?origin=resultslist,2026,Zhang M.; Meng R.; Wang T.; Zhou Y.; Zhao Y.; Yang B.; Zhang L.,Computer Standards and Interfaces,Article,"[""S08""]","[""identity""]","[{""database"": ""Scopus"", ""query_id"": ""S08"", ""raw_source"": ""search-expansion-S08-20261001.csv"", ""raw_row"": 92, ""native_id"": ""2-s2.0-105020584703"", ""observed_rank"": """"}]",awaiting_title_abstract_screening,,,2026-10-01,2026-09-30,,,
R9a1e32d88cd13391,10.2196/89574,Blockchain-Enabled Self-Sovereign Identity Applications in Health Care: Scoping Review,https://www.scopus.com/pages/publications/105040416573?origin=resultslist,2026,Pokharel A.; Kathayat S.,Journal of Medical Internet Research,Review,"[""S08""]","[""identity""]","[{""database"": ""Scopus"", ""query_id"": ""S08"", ""raw_source"": ""search-expansion-S08-20261001.csv"", ""raw_row"": 93, ""native_id"": ""2-s2.0-105040416573"", ""observed_rank"": """"}]",awaiting_title_abstract_screening,,,2026-10-01,2026-09-30,,,
R0b6a94bbf3503550,10.1109/icdlt66400.2025.11466527,Enhancing Digital KYC Processes with Blockchain-Based Self-Sovereign Identity,https://www.scopus.com/pages/publications/105037663775?origin=resultslist,2025,Gajjar K.D.,"2025 IEEE International Conference on Distributed Ledger Technologies, ICDLT 2025",Conference paper,"[""S08""]","[""identity""]","[{""database"": ""Scopus"", ""query_id"": ""S08"", ""raw_source"": ""search-expansion-S08-20261001.csv"", ""raw_row"": 94, ""native_id"": ""2-s2.0-105037663775"", ""observed_rank"": """"}]",awaiting_title_abstract_screening,,,2026-10-01,2026-09-30,,,
R91b975359650d946,10.1109/conit61985.2024.10626801,An Advanced Decentralized Architecture enabled Logical Identity based Encryption Logic using Blockchain Assistance,https://www.scopus.com/pages/publications/85202771285?origin=resultslist,2024,Geetha R.; Kalpana S.; Roopa Chandrika R.; Preetha M.; Santhoshini P.; Nithila E.E.,"2024 4th International Conference on Intelligent Technologies, CONIT 2024",Conference paper,"[""S08""]","[""identity""]","[{""database"": ""Scopus"", ""query_id"": ""S08"", ""raw_source"": ""search-expansion-S08-20261001.csv"", ""raw_row"": 95, ""native_id"": ""2-s2.0-85202771285"", ""observed_rank"": """"}]",awaiting_title_abstract_screening,,,2026-10-01,2026-09-30,,,
Re01beb9743f1757d,10.1007/978-3-032-06198-0_31,Decentralized Identity Management System Using Blockchain Technology for Secure and Private Authentication,https://www.scopus.com/pages/publications/105021830079?origin=resultslist,2025,Kumar P.; Kumar A.,Communications in Computer and Information Science,Conference paper,"[""S08""]","[""identity""]","[{""database"": ""Scopus"", ""query_id"": ""S08"", ""raw_source"": ""search-expansion-S08-20261001.csv"", ""raw_row"": 97, ""native_id"": ""2-s2.0-105021830079"", ""observed_rank"": """"}]",awaiting_title_abstract_screening,,,2026-10-01,2026-09-30,,,
R496c4a38f9f3b92d,10.1007/978-3-032-12335-0_5,VeriCert: SSL/TLS Certificate Verification Based on Self-sovereign Identity and Blockchain,https://www.scopus.com/pages/publications/105028363685?origin=resultslist,2026,Giuliani A.; De Salve A.; Mori P.; Ricci L.,"Lecture Notes of the Institute for Computer Sciences, Social-Informatics and Telecommunications Engineering, LNICST",Conference paper,"[""S08""]","[""identity""]","[{""database"": ""Scopus"", ""query_id"": ""S08"", ""raw_source"": ""search-expansion-S08-20261001.csv"", ""raw_row"": 98, ""native_id"": ""2-s2.0-105028363685"", ""observed_rank"": """"}]",awaiting_title_abstract_screening,,,2026-10-01,2026-09-30,,,
R84b808f1fea7c83a,10.1109/tgcn.2024.3432689,Post-Quantum Blockchain-Based Decentralized Identity Management for Resource Sharing in Open Radio Access Networks,https://www.scopus.com/pages/publications/85199543826?origin=resultslist,2024,Zeydan E.; Blanco L.; Mangues-Bafalluy J.; Arslan S.S.; Turk Y.,IEEE Transactions on Green Communications and Networking,Article,"[""S08""]","[""identity""]","[{""database"": ""Scopus"", ""query_id"": ""S08"", ""raw_source"": ""search-expansion-S08-20261001.csv"", ""raw_row"": 99, ""native_id"": ""2-s2.0-85199543826"", ""observed_rank"": """"}]",awaiting_title_abstract_screening,,,2026-10-01,2026-09-30,,,
R337fb7d19e72089e,10.1007/s10586-025-05669-3,"Decentralized security in blockchain-based digital health systems: self-sovereign identity, access control, and auditing with smart contracts",https://www.scopus.com/pages/publications/105018665124?origin=resultslist,2025,de R. dos Santos Y.; de Oliveira N.R.; Barbosa G.N.N.; Reis L.H.A.; Mendes A.C.R.; de Oliveira M.T.; de Medeiros D.S.V.; Mattos D.M.F.,Cluster Computing,Article,"[""S08""]","[""identity""]","[{""database"": ""Scopus"", ""query_id"": ""S08"", ""raw_source"": ""search-expansion-S08-20261001.csv"", ""raw_row"": 100, ""native_id"": ""2-s2.0-105018665124"", ""observed_rank"": """"}]",awaiting_title_abstract_screening,,,2026-10-01,2026-09-30,,,
R524db65a096a4602,10.1109/jiot.2024.3380068,SS-DID: A Secure and Scalable Web3 Decentralized Identity Utilizing Multilayer Sharding Blockchain,https://www.scopus.com/pages/publications/85188895915?origin=resultslist,2024,Liu Y.; Zhao B.; Zhao Z.; Liu J.; Lin X.; Wu Q.; Susilo W.,IEEE Internet of Things Journal,Article,"[""S08""]","[""identity""]","[{""database"": ""Scopus"", ""query_id"": ""S08"", ""raw_source"": ""search-expansion-S08-20261001.csv"", ""raw_row"": 101, ""native_id"": ""2-s2.0-85188895915"", ""observed_rank"": """"}]",duplicate_current_application,updateLiu2024SSDID,Matching nonempty DOI,2026-10-01,2026-09-30,,,
Rdb3408c246ea29b0,10.3390/app15126437,The YouGovern Secure Blockchain-Based Self-Sovereign Identity (SSI) Management and Access Control,https://www.scopus.com/pages/publications/105008983779?origin=resultslist,2025,Papatheodorou N.; Hatzivasilis G.; Papadakis N.,Applied Sciences (Switzerland),Article,"[""S08""]","[""identity""]","[{""database"": ""Scopus"", ""query_id"": ""S08"", ""raw_source"": ""search-expansion-S08-20261001.csv"", ""raw_row"": 102, ""native_id"": ""2-s2.0-105008983779"", ""observed_rank"": """"}]",awaiting_title_abstract_screening,,,2026-10-01,2026-09-30,,,
Reea6a0152cee7d50,,Blockchain-based Digital Certificate Generation and Verification System with Decentralized Identity Authentication,https://www.scopus.com/pages/publications/105047245081?origin=resultslist,2026,Baranidharan A.; Rajkumar P.; Balaji D.; Sriram P.V.; Sai Chandu K.; Chandrakiran E.,"17th International Conference on Advances in Computing, Control, and Telecommunication Technologies, ACT 2026",Conference paper,"[""S08""]","[""identity""]","[{""database"": ""Scopus"", ""query_id"": ""S08"", ""raw_source"": ""search-expansion-S08-20261001.csv"", ""raw_row"": 103, ""native_id"": ""2-s2.0-105047245081"", ""observed_rank"": """"}]",awaiting_title_abstract_screening,,,2026-10-01,2026-09-30,,,
R0fee18b78fcbf2e1,10.2196/46556,Designing A Blockchain-Empowered Telehealth Artifact for Decentralized Identity Management and Trustworthy Communication: Interdisciplinary Approach,https://www.scopus.com/pages/publications/85204941383?origin=resultslist,2024,Liang X.; Alam N.; Sultana T.; Bandara E.; Shetty S.,Journal of Medical Internet Research,Article,"[""S08""]","[""identity""]","[{""database"": ""Scopus"", ""query_id"": ""S08"", ""raw_source"": ""search-expansion-S08-20261001.csv"", ""raw_row"": 104, ""native_id"": ""2-s2.0-85204941383"", ""observed_rank"": """"}]",awaiting_title_abstract_screening,,,2026-10-01,2026-09-30,,,
R51f112a3c43578ae,10.1007/978-981-97-7710-5_5,Decentralized Identity Management Using Self-Sovereign Identity Approach Through Blockchain,https://www.scopus.com/pages/publications/85213361142?origin=resultslist,2024,Anas K.M.; Rizvi S.; Arora D.; Tiwari S.,Lecture Notes in Networks and Systems,Conference paper,"[""S08""]","[""identity""]","[{""database"": ""Scopus"", ""query_id"": ""S08"", ""raw_source"": ""search-expansion-S08-20261001.csv"", ""raw_row"": 105, ""native_id"": ""2-s2.0-85213361142"", ""observed_rank"": """"}]",awaiting_title_abstract_screening,,,2026-10-01,2026-09-30,,,
R302eb61952233421,,Applications in the Automotive Sector of the Self-Sovereign Digital Identity Model on Permissioned Blockchain,https://www.scopus.com/pages/publications/85213710898?origin=resultslist,2024,Alessandria M.L.,CEUR Workshop Proceedings,Conference paper,"[""S08""]","[""identity""]","[{""database"": ""Scopus"", ""query_id"": ""S08"", ""raw_source"": ""search-expansion-S08-20261001.csv"", ""raw_row"": 106, ""native_id"": ""2-s2.0-85213710898"", ""observed_rank"": """"}]",awaiting_title_abstract_screening,,,2026-10-01,2026-09-30,,,
R2ac77f2465231f1e,10.1109/iccca66364.2025.11325592,"Enhancement of Cybersecurity with Blockchain-Based Identity Authentication Systems: Zero-information Evidence Procedures for Secure Access, Biometric Encryption, and Decentralized Trust",https://www.scopus.com/pages/publications/105035164018?origin=resultslist,2025,Mummidi S.S.; Srinivasan S.,"2025 IEEE 7th International Conference on Computing, Communication and Automation, ICCCA 2025",Conference paper,"[""S08""]","[""identity""]","[{""database"": ""Scopus"", ""query_id"": ""S08"", ""raw_source"": ""search-expansion-S08-20261001.csv"", ""raw_row"": 107, ""native_id"": ""2-s2.0-105035164018"", ""observed_rank"": """"}]",awaiting_title_abstract_screening,,,2026-10-01,2026-09-30,,,
Rc6b59b97b5d7323c,10.1109/mcom.004.2300244,Blockchain-Based Self-Sovereign Identity for Routing in Inter-Domain Networks,https://www.scopus.com/pages/publications/85168729844?origin=resultslist,2024,Zeydan E.; Mangues J.; Arslan S.S.; Turk Y.,IEEE Communications Magazine,Article,"[""S08""]","[""identity""]","[{""database"": ""Scopus"", ""query_id"": ""S08"", ""raw_source"": ""search-expansion-S08-20261001.csv"", ""raw_row"": 108, ""native_id"": ""2-s2.0-85168729844"", ""observed_rank"": """"}]",awaiting_title_abstract_screening,,,2026-10-01,2026-09-30,,,
R89478feaabcdf4df,10.1057/s41599-025-05880-y,Self sovereign identity in e-governance: blockchain solutions for fintech compliance and citizen-centric financial services,https://www.scopus.com/pages/publications/105018040673?origin=resultslist,2025,J Nair A.; Manohar S.; Rao A B S.,Humanities and Social Sciences Communications,Article,"[""S08""]","[""identity""]","[{""database"": ""Scopus"", ""query_id"": ""S08"", ""raw_source"": ""search-expansion-S08-20261001.csv"", ""raw_row"": 109, ""native_id"": ""2-s2.0-105018040673"", ""observed_rank"": """"}]",awaiting_title_abstract_screening,,,2026-10-01,2026-09-30,,,
R01c1ab0a52550415,10.1109/icecer65523.2025.11401192,Blockchain-Enabled Self-Sovereign Identity for Land Governance: A Smart Cadastre Prototype for Morocco,https://www.scopus.com/pages/publications/105035728919?origin=resultslist,2025,Bouaicha L.; Berqia A.,"International Conference on Electrical and Computer Engineering Researches, ICECER 2025",Conference paper,"[""S08""]","[""identity""]","[{""database"": ""Scopus"", ""query_id"": ""S08"", ""raw_source"": ""search-expansion-S08-20261001.csv"", ""raw_row"": 110, ""native_id"": ""2-s2.0-105035728919"", ""observed_rank"": """"}]",awaiting_title_abstract_screening,,,2026-10-01,2026-09-30,,,
R2ba9becc57ff40e1,10.1109/trustcom63139.2024.00223,SPDID: A Secure and Privacy-Preserving Decentralized Identity utilizing Blockchain and PUF,https://www.scopus.com/pages/publications/105006530478?origin=resultslist,2024,He Y.; Fan W.; Inoue K.,"Proceedings of the IEEE International Conference on Trust, Security and Privacy in Computing and Communications, TrustCom",Conference paper,"[""S08""]","[""identity""]","[{""database"": ""Scopus"", ""query_id"": ""S08"", ""raw_source"": ""search-expansion-S08-20261001.csv"", ""raw_row"": 111, ""native_id"": ""2-s2.0-105006530478"", ""observed_rank"": """"}]",awaiting_title_abstract_screening,,,2026-10-01,2026-09-30,,,
R9f91b24571d765af,10.1109/gitcon65266.2025.11376642,Decentralized Identity Management Using Blockchain Technology,https://www.scopus.com/pages/publications/105035603569?origin=resultslist,2025,Chinnasamy P.; Achireddy V.; Lokesh K.; Mohamad S.; Ali S.R.M.; Kiran A.,"2025 Global Conference on Information Technology and Communication Networks, GITCON 2025",Conference paper,"[""S08""]","[""identity""]","[{""database"": ""Scopus"", ""query_id"": ""S08"", ""raw_source"": ""search-expansion-S08-20261001.csv"", ""raw_row"": 112, ""native_id"": ""2-s2.0-105035603569"", ""observed_rank"": """"}]",awaiting_title_abstract_screening,,,2026-10-01,2026-09-30,,,
Rc6c32685ebf91213,10.1007/s42979-026-04964-z,Enhancing User Authentication in IoT Using Blockchain-Based Self Sovereign Identity,https://www.scopus.com/pages/publications/105036030962?origin=resultslist,2026,Indrason N.; Rout D.S.; Ahmed Z.,SN Computer Science,Article,"[""S08""]","[""identity""]","[{""database"": ""Scopus"", ""query_id"": ""S08"", ""raw_source"": ""search-expansion-S08-20261001.csv"", ""raw_row"": 113, ""native_id"": ""2-s2.0-105036030962"", ""observed_rank"": """"}]",awaiting_title_abstract_screening,,,2026-10-01,2026-09-30,,,
Rdf59db5b43c1deec,10.1109/iceccme64568.2025.11277640,Decentralized Approach to 4G Identity Management Using Self-Sovereign Identity and Blockchain,https://www.scopus.com/pages/publications/105031380542?origin=resultslist,2025,Etiennovitch B.S.; Oscar S.-K.M.F.; Edgard N.; Samuel O.,"International Conference on Electrical, Computer, Communications and Mechatronics Engineering, ICECCME 2025",Conference paper,"[""S08""]","[""identity""]","[{""database"": ""Scopus"", ""query_id"": ""S08"", ""raw_source"": ""search-expansion-S08-20261001.csv"", ""raw_row"": 114, ""native_id"": ""2-s2.0-105031380542"", ""observed_rank"": """"}]",awaiting_title_abstract_screening,,,2026-10-01,2026-09-30,,,
Rc56e2795e7fb3a94,10.1002/9781394386574.ch22,Decentralized Identity Verification: Blockchain for Cognitive Security,https://www.scopus.com/pages/publications/105027501211?origin=resultslist,2025,Kumar M.; Rampal S.; Kant T.; Gill D.S.,Cognitive Cyber Crimes in the Era of Artificial Intelligence,Book chapter,"[""S08""]","[""identity""]","[{""database"": ""Scopus"", ""query_id"": ""S08"", ""raw_source"": ""search-expansion-S08-20261001.csv"", ""raw_row"": 115, ""native_id"": ""2-s2.0-105027501211"", ""observed_rank"": """"}]",awaiting_title_abstract_screening,,,2026-10-01,2026-09-30,,,
R603556fe5b18413a,10.1109/iwqos61813.2024.10682610,VDID: Blockchain-Enabled Verifiable Decentralized Identity Management for Web 3.0,https://www.scopus.com/pages/publications/85206358813?origin=resultslist,2024,Peng Z.; Deng J.; Gao S.; Cui H.; Xiao B.,"IEEE International Workshop on Quality of Service, IWQoS",Conference paper,"[""S08""]","[""identity""]","[{""database"": ""Scopus"", ""query_id"": ""S08"", ""raw_source"": ""search-expansion-S08-20261001.csv"", ""raw_row"": 116, ""native_id"": ""2-s2.0-85206358813"", ""observed_rank"": """"}]",awaiting_title_abstract_screening,,,2026-10-01,2026-09-30,,,
R0c2cbb271b99dfef,10.5220/0014798200004018,Decentralized Identity for Computing Continuum Using Blockchain,https://www.scopus.com/pages/publications/105045157309?origin=resultslist,2026,Loss S.; Barboza J.P.; Cacho N.; Lopes F.; Souza A.,"International Conference on Enterprise Information Systems, ICEIS - Proceedings",Conference paper,"[""S08""]","[""identity""]","[{""database"": ""Scopus"", ""query_id"": ""S08"", ""raw_source"": ""search-expansion-S08-20261001.csv"", ""raw_row"": 117, ""native_id"": ""2-s2.0-105045157309"", ""observed_rank"": """"}]",awaiting_title_abstract_screening,,,2026-10-01,2026-09-30,,,
R149da9ac8127d74f,10.1007/978-3-032-06688-6_16,Blockchain-Enhanced KYC: A Secure and Decentralized Framework for Identity Verification,https://www.scopus.com/pages/publications/105027179819?origin=resultslist,2026,Sambare G.B.; Shelke S.; Wawdhane S.; Wable H.; Thube A.,Lecture Notes in Networks and Systems,Conference paper,"[""S08""]","[""identity""]","[{""database"": ""Scopus"", ""query_id"": ""S08"", ""raw_source"": ""search-expansion-S08-20261001.csv"", ""raw_row"": 118, ""native_id"": ""2-s2.0-105027179819"", ""observed_rank"": """"}]",awaiting_title_abstract_screening,,,2026-10-01,2026-09-30,,,
R57e521cc38ad5d9a,10.3389/fbloc.2024.1443362,Self-sovereign identity on the blockchain: contextual analysis and quantification of SSI principles implementation,https://www.scopus.com/pages/publications/85203829033?origin=resultslist,2024,Pava-Díaz R.A.; Gil-Ruiz J.; López-Sarmiento D.A.,Frontiers in Blockchain,Review,"[""S08""]","[""identity""]","[{""database"": ""Scopus"", ""query_id"": ""S08"", ""raw_source"": ""search-expansion-S08-20261001.csv"", ""raw_row"": 119, ""native_id"": ""2-s2.0-85203829033"", ""observed_rank"": """"}]",awaiting_title_abstract_screening,,,2026-10-01,2026-09-30,,,
Rfd61a9a490ab0ecc,10.1109/iccc65529.2025.11149302,An Efficient Non-Blockchain-Based Self-Sovereign Identity System Using a Threshold-Multisignature,https://www.scopus.com/pages/publications/105017612693?origin=resultslist,2025,Xie C.; Xiao R.; Zhang C.; Wei L.,"2025 IEEE/CIC International Conference on Communications in China:Shaping the Future of Integrated Connectivity, ICCC 2025",Conference paper,"[""S08""]","[""identity""]","[{""database"": ""Scopus"", ""query_id"": ""S08"", ""raw_source"": ""search-expansion-S08-20261001.csv"", ""raw_row"": 120, ""native_id"": ""2-s2.0-105017612693"", ""observed_rank"": """"}]",awaiting_title_abstract_screening,,,2026-10-01,2026-09-30,,,
R860b0ea5ad24866b,10.2174/9798898811501125010011,Decentralized Identification Systems Using Blockchain and Sovereign Identity,https://www.scopus.com/pages/publications/105026853147?origin=resultslist,2025,Raj R.; Gupta S.,"Navigating the Blockchain Revolution: Decentralization, Finance, and Beyond",Book chapter,"[""S08""]","[""identity""]","[{""database"": ""Scopus"", ""query_id"": ""S08"", ""raw_source"": ""search-expansion-S08-20261001.csv"", ""raw_row"": 121, ""native_id"": ""2-s2.0-105026853147"", ""observed_rank"": """"}]",awaiting_title_abstract_screening,,,2026-10-01,2026-09-30,,,
R7e4b5fe6cd8057f3,10.23919/cnsm62983.2024.10814552,Blockchain-Based Self-Sovereign Identity in 6G Non-Public Networks: Enhanced Security in Industrial Cyber-Physical Systems,https://www.scopus.com/pages/publications/85216525566?origin=resultslist,2024,Aydeger A.; Zeydan E.,"Proceedings of the 2024 20th International Conference on Network and Service Management: AI-Powered Network and Service Management for Tomorrow's Digital World, CNSM 2024",Conference paper,"[""S08""]","[""identity""]","[{""database"": ""Scopus"", ""query_id"": ""S08"", ""raw_source"": ""search-expansion-S08-20261001.csv"", ""raw_row"": 122, ""native_id"": ""2-s2.0-85216525566"", ""observed_rank"": """"}]",awaiting_title_abstract_screening,,,2026-10-01,2026-09-30,,,
Rae382c176d8b50a1,10.1109/conecct62155.2024.10677323,AI Anomaly Detection with Decentralized Identity Management on Blockchain,https://www.scopus.com/pages/publications/85205822726?origin=resultslist,2024,Sharma C.R.A.N.; Swetchana D.; Rajagopal S.M.,"Proceedings of CONECCT 2024 - 10th IEEE International Conference on Electronics, Computing and Communication Technologies",Conference paper,"[""S08""]","[""identity""]","[{""database"": ""Scopus"", ""query_id"": ""S08"", ""raw_source"": ""search-expansion-S08-20261001.csv"", ""raw_row"": 123, ""native_id"": ""2-s2.0-85205822726"", ""observed_rank"": """"}]",awaiting_title_abstract_screening,,,2026-10-01,2026-09-30,,,
R9c24d1711abf92a2,10.1109/icccmla63077.2024.10871512,A Decentralized Approach for Enhancing Identity and Access Management through Blockchain Integration,https://www.scopus.com/pages/publications/85219525688?origin=resultslist,2024,Lakshmi J.M.; Prasad K.; Samson Anosh Babu P.; Ravikumar Ch.,"ICCCMLA 2024 - 6th International Conference on Cybernetics, Cognition and Machine Learning Applications",Conference paper,"[""S08""]","[""identity""]","[{""database"": ""Scopus"", ""query_id"": ""S08"", ""raw_source"": ""search-expansion-S08-20261001.csv"", ""raw_row"": 124, ""native_id"": ""2-s2.0-85219525688"", ""observed_rank"": """"}]",awaiting_title_abstract_screening,,,2026-10-01,2026-09-30,,,
Rb03f85fde3436c9a,10.1007/978-3-031-57916-5_32,"SovereignRx: An Electronic Prescription System Based on High Privacy, Blockchain, and Self-Sovereign Identity",https://www.scopus.com/pages/publications/85191229857?origin=resultslist,2024,Barros M.V.; Martina J.E.,Lecture Notes on Data Engineering and Communications Technologies,Book chapter,"[""S08""]","[""identity""]","[{""database"": ""Scopus"", ""query_id"": ""S08"", ""raw_source"": ""search-expansion-S08-20261001.csv"", ""raw_row"": 125, ""native_id"": ""2-s2.0-85191229857"", ""observed_rank"": """"}]",awaiting_title_abstract_screening,,,2026-10-01,2026-09-30,,,
R5ee2f1502572deea,10.1109/cscwd61410.2024.10580427,Blockchain-based Traceable Selective Disclosure Credentials for Self-Sovereign Identity,https://www.scopus.com/pages/publications/85199017198?origin=resultslist,2024,Li X.; Chen C.; Teng M.; Shi Y.,"Proceedings of the 2024 27th International Conference on Computer Supported Cooperative Work in Design, CSCWD 2024",Conference paper,"[""S08""]","[""identity""]","[{""database"": ""Scopus"", ""query_id"": ""S08"", ""raw_source"": ""search-expansion-S08-20261001.csv"", ""raw_row"": 126, ""native_id"": ""2-s2.0-85199017198"", ""observed_rank"": """"}]",awaiting_title_abstract_screening,,,2026-10-01,2026-09-30,,,
R8fd944ad69a278d3,10.1007/978-3-032-15147-6_34,A Decentralized Identity Management and Student Data Verification System Using Blockchain and IPFS,https://www.scopus.com/pages/publications/105031659857?origin=resultslist,2026,Gharbaoui A.; Ettaoufik A.; Tragha A.,Communications in Computer and Information Science,Conference paper,"[""S08""]","[""identity""]","[{""database"": ""Scopus"", ""query_id"": ""S08"", ""raw_source"": ""search-expansion-S08-20261001.csv"", ""raw_row"": 127, ""native_id"": ""2-s2.0-105031659857"", ""observed_rank"": """"}]",awaiting_title_abstract_screening,,,2026-10-01,2026-09-30,,,
R491dc90a43e60eb5,10.3390/fi17100448,Self-Sovereign Identities and Content Provenance: VeriTrust—A Blockchain-Based Framework for Fake News Detection,https://www.scopus.com/pages/publications/105020031412?origin=resultslist,2025,Farhan M.; Butt U.; Sulaiman R.B.; Alraja M.,Future Internet,Article,"[""S08""]","[""identity""]","[{""database"": ""Scopus"", ""query_id"": ""S08"", ""raw_source"": ""search-expansion-S08-20261001.csv"", ""raw_row"": 128, ""native_id"": ""2-s2.0-105020031412"", ""observed_rank"": """"}]",awaiting_title_abstract_screening,,,2026-10-01,2026-09-30,,,
Rec51046f0345aa8d,10.1016/j.teler.2026.100322,MFSSIA: Ontology of blockchain-based multi-factor challenge set self-sovereign identity authentication,https://www.scopus.com/pages/publications/105034816163?origin=resultslist,2026,Kormiltsyn A.; Iqbal M.; Dwivedi V.; Norta A.; Matulevičius R.,Telematics and Informatics Reports,Article,"[""S08""]","[""identity""]","[{""database"": ""Scopus"", ""query_id"": ""S08"", ""raw_source"": ""search-expansion-S08-20261001.csv"", ""raw_row"": 129, ""native_id"": ""2-s2.0-105034816163"", ""observed_rank"": """"}]",awaiting_title_abstract_screening,,,2026-10-01,2026-09-30,,,
R4f777a30f12fa31b,10.1109/evst69093.2026.11660628,Distributed Ledger Technology (DLT) based Blockchain-based Architecture for Decentralized Identity Management Systems,https://www.scopus.com/pages/publications/105049152127?origin=resultslist,2026,Goel V.; Goyal A.K.; Goel P.; Jain V.,"2026 International Conference on Emerging VLSI Semiconductor Technology for AI and Computing Applications, EVST 2026",Conference paper,"[""S08""]","[""identity""]","[{""database"": ""Scopus"", ""query_id"": ""S08"", ""raw_source"": ""search-expansion-S08-20261001.csv"", ""raw_row"": 130, ""native_id"": ""2-s2.0-105049152127"", ""observed_rank"": """"}]",awaiting_title_abstract_screening,,,2026-10-01,2026-09-30,,,
Rc8f37f7cd25a48ed,10.1109/iccc65529.2025.11149134,Efficient Key Rotation for Blockchain-Based Self-Sovereign Identity,https://www.scopus.com/pages/publications/105017758111?origin=resultslist,2025,Li H.; Zhou Y.; Zhang C.; Wei L.; Li Y.,"2025 IEEE/CIC International Conference on Communications in China:Shaping the Future of Integrated Connectivity, ICCC 2025",Conference paper,"[""S08""]","[""identity""]","[{""database"": ""Scopus"", ""query_id"": ""S08"", ""raw_source"": ""search-expansion-S08-20261001.csv"", ""raw_row"": 131, ""native_id"": ""2-s2.0-105017758111"", ""observed_rank"": """"}]",awaiting_title_abstract_screening,,,2026-10-01,2026-09-30,,,
R20d0116de3bfbfa1,10.1109/iccp63557.2024.10792994,Self-Sovereign Identity System Using Blockchain and Smart Contracts,https://www.scopus.com/pages/publications/85216513358?origin=resultslist,2024,Candrea C.; Mitrea D.; Cioara T.,"Proceedings - 2024 IEEE 20th International Conference on Intelligent Computer Communication and Processing Conference, ICCP 2024",Conference paper,"[""S08""]","[""identity""]","[{""database"": ""Scopus"", ""query_id"": ""S08"", ""raw_source"": ""search-expansion-S08-20261001.csv"", ""raw_row"": 132, ""native_id"": ""2-s2.0-85216513358"", ""observed_rank"": """"}]",awaiting_title_abstract_screening,,,2026-10-01,2026-09-30,,,
Redeb3bef285a20e3,10.1515/9783112221082-036,Decentralized Identity Security System Using Blockchain,https://www.scopus.com/pages/publications/105034748555?origin=resultslist,2026,Sriman B.; Kumar A.N.; Abhinay G.; Varma K.H.,De Gruyter Proceedings in Mathematics,Conference paper,"[""S08""]","[""identity""]","[{""database"": ""Scopus"", ""query_id"": ""S08"", ""raw_source"": ""search-expansion-S08-20261001.csv"", ""raw_row"": 133, ""native_id"": ""2-s2.0-105034748555"", ""observed_rank"": """"}]",awaiting_title_abstract_screening,,,2026-10-01,2026-09-30,,,
Rc01de9d647c0bf0f,10.1109/srds69199.2025.00049,Decentralised Land Registration and Transaction with Blockchain and Self-Sovereign Identity,https://www.scopus.com/pages/publications/105033353573?origin=resultslist,2025,Henriques P.C.; Correia M.,Proceedings of the IEEE Symposium on Reliable Distributed Systems,Conference paper,"[""S08""]","[""identity""]","[{""database"": ""Scopus"", ""query_id"": ""S08"", ""raw_source"": ""search-expansion-S08-20261001.csv"", ""raw_row"": 134, ""native_id"": ""2-s2.0-105033353573"", ""observed_rank"": """"}]",awaiting_title_abstract_screening,,,2026-10-01,2026-09-30,,,
R030d33e80b5e79a1,10.1007/978-981-95-7027-0_1,PMDID: A Privacy-Preserving and Migratable Decentralized Identity Using PUF and Blockchain,https://www.scopus.com/pages/publications/105031917140?origin=resultslist,2026,He Y.; Fan W.; Chen K.; Miyaji A.; Inoue K.,Lecture Notes in Computer Science,Conference paper,"[""S08""]","[""identity""]","[{""database"": ""Scopus"", ""query_id"": ""S08"", ""raw_source"": ""search-expansion-S08-20261001.csv"", ""raw_row"": 135, ""native_id"": ""2-s2.0-105031917140"", ""observed_rank"": """"}]",awaiting_title_abstract_screening,,,2026-10-01,2026-09-30,,,
Raefc2aa2822c8569,10.1007/s10922-025-09960-x,Securing and Ensuring the Confidentiality of Medical Data in the Era of Decentralized Technologies: A Blockchain and Self-Sovereign Identity-Based Approach,https://www.scopus.com/pages/publications/105009998956?origin=resultslist,2025,Seidi S.; Abdellaoui A.,Journal of Network and Systems Management,Article,"[""S08""]","[""identity""]","[{""database"": ""Scopus"", ""query_id"": ""S08"", ""raw_source"": ""search-expansion-S08-20261001.csv"", ""raw_row"": 136, ""native_id"": ""2-s2.0-105009998956"", ""observed_rank"": """"}]",duplicate_current_application,updateSeidi2025HealthcareSSI,Matching nonempty DOI,2026-10-01,2026-09-30,,,
Rec51425704056111,10.1145/3688225.3688239,"Establishing a Baseline for Evaluating Blockchain-Based Self-Sovereign Identity Systems: A Systematic Approach to Assess Capability, Compatibility and Interoperability",https://www.scopus.com/pages/publications/105006452083?origin=resultslist,2024,Yao W.; Du W.; Gu J.; Ye J.; Deek F.P.; Wang G.,ACM International Conference Proceeding Series,Conference paper,"[""S08"", ""S09""]","[""identity""]","[{""database"": ""Scopus"", ""query_id"": ""S08"", ""raw_source"": ""search-expansion-S08-20261001.csv"", ""raw_row"": 137, ""native_id"": ""2-s2.0-105006452083"", ""observed_rank"": """"}, {""database"": ""ACM Full-Text Collection"", ""query_id"": ""S09"", ""raw_source"": ""search-expansion-ACM-20261001.csv"", ""raw_row"": 29, ""native_id"": """", ""observed_rank"": ""2""}]",awaiting_title_abstract_screening,,,2026-10-01,2026-09-30,,,
Rdaaeccb63851f953,10.1109/bcca62388.2024.10844453,"Distributed Data Security in Digital Health: Self-Sovereign Identity, Access Control, and Blockchain-based Log Records",https://www.scopus.com/pages/publications/85218125033?origin=resultslist,2024,de Oliveira N.R.; dos Santos Y.D.R.; Barbosa G.N.N.; Reis L.H.A.; Mendes A.C.R.; de Oliveira M.T.; de Medeiros D.S.V.; Mattos D.M.F.,"2024 6th International Conference on Blockchain Computing and Applications, BCCA 2024",Conference paper,"[""S08""]","[""identity""]","[{""database"": ""Scopus"", ""query_id"": ""S08"", ""raw_source"": ""search-expansion-S08-20261001.csv"", ""raw_row"": 138, ""native_id"": ""2-s2.0-85218125033"", ""observed_rank"": """"}]",awaiting_title_abstract_screening,,,2026-10-01,2026-09-30,,,
Re8e804f382cbf3cb,10.1109/iccca66364.2025.11325399,Blockchain-Based Authentication for Internet of Vehicles Using Decentralized Identity and Smart Contracts,https://www.scopus.com/pages/publications/105035208650?origin=resultslist,2025,Bisht K.; Yashika; Mishra R.; Narwaria M.,"2025 IEEE 7th International Conference on Computing, Communication and Automation, ICCCA 2025",Conference paper,"[""S08""]","[""identity""]","[{""database"": ""Scopus"", ""query_id"": ""S08"", ""raw_source"": ""search-expansion-S08-20261001.csv"", ""raw_row"": 139, ""native_id"": ""2-s2.0-105035208650"", ""observed_rank"": """"}]",awaiting_title_abstract_screening,,,2026-10-01,2026-09-30,,,
R328aab3836c7b222,10.1109/iscc61673.2024.10733674,"WedaGPT - Generative-AI (with Custom-Trained Meta's Llama2 LLM), Blockchain, Self Sovereign Identity, NFT and Model Card Enabled Indigenous Medicine Platform",https://www.scopus.com/pages/publications/85209173402?origin=resultslist,2024,Bandara E.; Foytik P.; Shetty S.; Mukkamala R.; Rahman A.; Liang X.; Keong N.W.; De Zoysa K.,Proceedings - IEEE Symposium on Computers and Communications,Conference paper,"[""S08""]","[""identity""]","[{""database"": ""Scopus"", ""query_id"": ""S08"", ""raw_source"": ""search-expansion-S08-20261001.csv"", ""raw_row"": 140, ""native_id"": ""2-s2.0-85209173402"", ""observed_rank"": """"}]",awaiting_title_abstract_screening,,,2026-10-01,2026-09-30,,,
R548d307961c9b616,10.1109/dcoss-iot65416.2025.00044,Blockchain-Based Decentralized Identity System: Design and Security Analysis,https://www.scopus.com/pages/publications/105013842943?origin=resultslist,2025,Zaghdoudi B.; Bu G.; Potop-Butucaru M.; Fdida S.,"Proceedings - 2025 21st International Conference on Distributed Computing in Smart Systems and the Internet of Things, DCOSS-IoT 2025",Conference paper,"[""S08""]","[""identity""]","[{""database"": ""Scopus"", ""query_id"": ""S08"", ""raw_source"": ""search-expansion-S08-20261001.csv"", ""raw_row"": 141, ""native_id"": ""2-s2.0-105013842943"", ""observed_rank"": """"}]",awaiting_title_abstract_screening,,,2026-10-01,2026-09-30,,,
R50845324ea956d01,10.1109/iscs61804.2024.10581159,Decentralized Identity and Access Management (IAM) Using Blockchain,https://www.scopus.com/pages/publications/85199290137?origin=resultslist,2024,Sekar R.R.; Masna A.; Sharma S.; Abraham A.; Pagilla P.R.,"2024 International Conference on Intelligent Systems for Cybersecurity, ISCS 2024",Conference paper,"[""S08""]","[""identity""]","[{""database"": ""Scopus"", ""query_id"": ""S08"", ""raw_source"": ""search-expansion-S08-20261001.csv"", ""raw_row"": 142, ""native_id"": ""2-s2.0-85199290137"", ""observed_rank"": """"}]",awaiting_title_abstract_screening,,,2026-10-01,2026-09-30,,,
Rc6c9ff993a5fa65f,10.1109/icimcis68501.2025.11327432,An ACA-Py Adaptation Layer for Ethereum Blockchain Network's Self-Sovereign Identity (SSI) Support,https://www.scopus.com/pages/publications/105034850856?origin=resultslist,2025,Wong K.M.Y.; Wong T.L.; Wong W.J.,"Proceedings - 7th International Conference on Informatics, Multimedia, Cyber and Information System, ICIMCIS 2025",Conference paper,"[""S08""]","[""identity""]","[{""database"": ""Scopus"", ""query_id"": ""S08"", ""raw_source"": ""search-expansion-S08-20261001.csv"", ""raw_row"": 143, ""native_id"": ""2-s2.0-105034850856"", ""observed_rank"": """"}]",awaiting_title_abstract_screening,,,2026-10-01,2026-09-30,,,
R0acf3673563bdf97,10.1007/978-981-96-5217-4_15,A Semi-decentralized PKI Based on Blockchain with Identity Retention,https://www.scopus.com/pages/publications/105016005217?origin=resultslist,2025,Dinh H.-N.; Do B.-L.,Lecture Notes in Networks and Systems,Conference paper,"[""S08""]","[""identity""]","[{""database"": ""Scopus"", ""query_id"": ""S08"", ""raw_source"": ""search-expansion-S08-20261001.csv"", ""raw_row"": 144, ""native_id"": ""2-s2.0-105016005217"", ""observed_rank"": """"}]",awaiting_title_abstract_screening,,,2026-10-01,2026-09-30,,,
R9976e324e965ce19,10.1109/icirca69024.2026.11570381,A Hybrid Decentralized Identity Management System using Blockchain and MySQL for Secure Document Verification,https://www.scopus.com/pages/publications/105044121054?origin=resultslist,2026,Jyothi V.; Mounika S.; Shyam K.; Sharani S.; Hemanth K.,"7th International Conference on Inventive Research in Computing Applications, ICIRCA 2026 - Proceedings",Conference paper,"[""S08""]","[""identity""]","[{""database"": ""Scopus"", ""query_id"": ""S08"", ""raw_source"": ""search-expansion-S08-20261001.csv"", ""raw_row"": 145, ""native_id"": ""2-s2.0-105044121054"", ""observed_rank"": """"}]",awaiting_title_abstract_screening,,,2026-10-01,2026-09-30,,,
R3c6a3c3b4d2d37ff,10.1109/ithings-greencom-cpscom-smartdata-cybermatics62450.2024.00084,Rivercare: Shaping the Decentralized Identity of Mother Nature on Blockchain through Care Activities of Stewards,https://www.scopus.com/pages/publications/85210594463?origin=resultslist,2024,Sung H.-M.; Tsai Y.-S.; Chen T.; Ko J.-C.; Hung Y.-P.,"Proceedings - IEEE Congress on Cybermatics: 2024 IEEE International Conferences on Internet of Things, iThings 2024, IEEE Green Computing and Communications, GreenCom 2024, IEEE Cyber, Physical and Social Computing, CPSCom 2024, IEEE Smart Data, SmartData 2024",Conference paper,"[""S08""]","[""identity""]","[{""database"": ""Scopus"", ""query_id"": ""S08"", ""raw_source"": ""search-expansion-S08-20261001.csv"", ""raw_row"": 146, ""native_id"": ""2-s2.0-85210594463"", ""observed_rank"": """"}]",awaiting_title_abstract_screening,,,2026-10-01,2026-09-30,,,
R7fc19e266dc4ee89,10.1109/i-smac65734.2025.11597637,Decentralized Secure Identity and Access System with Integrated Blockchain Technique,https://www.scopus.com/pages/publications/105045699885?origin=resultslist,2025,Angeljulie J.; Rajkumar S.; Madansankaravel V.; Ahamed M.,"Proceedings of the 9th International Conference on I-SMAC (IoT in Social, Mobile, Analytics and Cloud), I-SMAC 2025",Conference paper,"[""S08""]","[""identity""]","[{""database"": ""Scopus"", ""query_id"": ""S08"", ""raw_source"": ""search-expansion-S08-20261001.csv"", ""raw_row"": 147, ""native_id"": ""2-s2.0-105045699885"", ""observed_rank"": """"}]",awaiting_title_abstract_screening,,,2026-10-01,2026-09-30,,,
R54cecbaacadeeb2f,10.3390/cryptography9010009,A Self-Sovereign Identity Blockchain Framework for Access Control and Transparency in Financial Institutions,https://www.scopus.com/pages/publications/105001326676?origin=resultslist,2025,Ou H.-H.; Chen G.-Y.; Lin I.-C.,Cryptography,Article,"[""S08""]","[""identity""]","[{""database"": ""Scopus"", ""query_id"": ""S08"", ""raw_source"": ""search-expansion-S08-20261001.csv"", ""raw_row"": 148, ""native_id"": ""2-s2.0-105001326676"", ""observed_rank"": """"}]",awaiting_title_abstract_screening,,,2026-10-01,2026-09-30,,,
R0d196e3675e5a591,10.1007/s12083-026-02226-6,A lightweight anonymous authentication scheme with dual blockchain and self-sovereign identity for VANETs,https://www.scopus.com/pages/publications/105035356497?origin=resultslist,2026,Zhang X.; Yi W.; Zhong S.,Peer-to-Peer Networking and Applications,Article,"[""S08""]","[""identity""]","[{""database"": ""Scopus"", ""query_id"": ""S08"", ""raw_source"": ""search-expansion-S08-20261001.csv"", ""raw_row"": 149, ""native_id"": ""2-s2.0-105035356497"", ""observed_rank"": """"}]",awaiting_title_abstract_screening,,,2026-10-01,2026-09-30,,,
R8456948cf15a64bb,10.1145/3696410.3714784,Linking Souls to Humans: Blockchain Accounts with Credible Anonymity for Web 3.0 Decentralized Identity,https://www.scopus.com/pages/publications/105005140067?origin=resultslist,2025,Wang T.; Lin Z.; Zhang S.; Shi L.; Yang Q.; Düdder B.,WWW 2025 - Proceedings of the ACM Web Conference,Conference paper,"[""S08"", ""S09""]","[""identity""]","[{""database"": ""Scopus"", ""query_id"": ""S08"", ""raw_source"": ""search-expansion-S08-20261001.csv"", ""raw_row"": 150, ""native_id"": ""2-s2.0-105005140067"", ""observed_rank"": """"}, {""database"": ""ACM Full-Text Collection"", ""query_id"": ""S09"", ""raw_source"": ""search-expansion-ACM-20261001.csv"", ""raw_row"": 32, ""native_id"": """", ""observed_rank"": ""5""}]",awaiting_title_abstract_screening,,,2026-10-01,2026-09-30,,,
R40f00ced3382b99d,10.1007/978-981-96-4741-5_26,A Blockchain-Based Self-Sovereign Identity Management Framework for Internet of Things,https://www.scopus.com/pages/publications/105017377189?origin=resultslist,2025,Aguru A.D.; Erukala S.B.,Lecture Notes in Networks and Systems,Conference paper,"[""S08""]","[""identity""]","[{""database"": ""Scopus"", ""query_id"": ""S08"", ""raw_source"": ""search-expansion-S08-20261001.csv"", ""raw_row"": 151, ""native_id"": ""2-s2.0-105017377189"", ""observed_rank"": """"}]",awaiting_title_abstract_screening,,,2026-10-01,2026-09-30,,,
R960705c3042b4b4d,10.1109/smap63474.2024.00018,A Novel Decentralised Identity Platform using Blockchain,https://www.scopus.com/pages/publications/85218410072?origin=resultslist,2024,Puttoo S.; Sungkur R.K.,"Proceedings - 2024 19th International Workshop on Semantic and Social Media Adaptation and Personalization, SMAP 2024",Conference paper,"[""S08""]","[""identity""]","[{""database"": ""Scopus"", ""query_id"": ""S08"", ""raw_source"": ""search-expansion-S08-20261001.csv"", ""raw_row"": 152, ""native_id"": ""2-s2.0-85218410072"", ""observed_rank"": """"}]",awaiting_title_abstract_screening,,,2026-10-01,2026-09-30,,,
R043e61a9708c72a4,10.1109/bigdatasecurity66063.2025.00008,Blockchain-based Cross-domain Authentication Techniques in Decentralized Identity,https://www.scopus.com/pages/publications/105007546976?origin=resultslist,2025,Xu N.; Xie T.; Ding K.; Gai K.,"Proceedings - 2025 IEEE 11th Conference on Big Data Security on Cloud, BigDataSecurity 2025",Conference paper,"[""S08""]","[""identity""]","[{""database"": ""Scopus"", ""query_id"": ""S08"", ""raw_source"": ""search-expansion-S08-20261001.csv"", ""raw_row"": 153, ""native_id"": ""2-s2.0-105007546976"", ""observed_rank"": """"}]",awaiting_title_abstract_screening,,,2026-10-01,2026-09-30,,,
R855be381e6361184,10.1109/access.2025.3560191,Management of the Chain of Custody of Digital Evidence Using Blockchain and Self-Sovereign Identities: A Systematic Literature Review,https://www.scopus.com/pages/publications/105002563859?origin=resultslist,2025,Loffi L.; Camillo G.L.; De Souza C.A.; Westphall C.M.; Westphall C.B.,IEEE Access,Review,"[""S08""]","[""identity""]","[{""database"": ""Scopus"", ""query_id"": ""S08"", ""raw_source"": ""search-expansion-S08-20261001.csv"", ""raw_row"": 154, ""native_id"": ""2-s2.0-105002563859"", ""observed_rank"": """"}]",awaiting_title_abstract_screening,,,2026-10-01,2026-09-30,,,
Rcf90b377c3549feb,10.1109/iceiec65904.2025.11273137,AgriSSI: A Blockchain-Based Self-Sovereign Identity Framework for Secure and Trustworthy Agricultural Supply Chain,https://www.scopus.com/pages/publications/105025966825?origin=resultslist,2025,Alar T.; Bharathy G.; Prasad M.; Batra U.,ICEIEC 2025 - Proceedings of 2025 IEEE 15th International Conference on Electronics Information and Emergency Communication,Conference paper,"[""S08""]","[""identity""]","[{""database"": ""Scopus"", ""query_id"": ""S08"", ""raw_source"": ""search-expansion-S08-20261001.csv"", ""raw_row"": 155, ""native_id"": ""2-s2.0-105025966825"", ""observed_rank"": """"}]",awaiting_title_abstract_screening,,,2026-10-01,2026-09-30,,,
R513b55ab1dc5357c,10.1016/j.atech.2025.101654,A blockchain- and self-sovereign identity-based collaborative framework for secure and verifiable cross-organizational data sharing in smart irrigation,https://www.scopus.com/pages/publications/105025473201?origin=resultslist,2025,Amraouy O.; Benbrahim M.; Kabbaj M.N.,Smart Agricultural Technology,Article,"[""S08""]","[""identity""]","[{""database"": ""Scopus"", ""query_id"": ""S08"", ""raw_source"": ""search-expansion-S08-20261001.csv"", ""raw_row"": 156, ""native_id"": ""2-s2.0-105025473201"", ""observed_rank"": """"}]",awaiting_title_abstract_screening,,,2026-10-01,2026-09-30,,,
R18bbb138921f693e,10.4018/979-8-3373-6299-1.ch011,Blockchain and Decentralized Identity for AIoT-Based Authentication in Smart Farming and Precision Agriculture,https://www.scopus.com/pages/publications/105042394093?origin=resultslist,2026,Tank N.; Khullar S.; Keswani B.; Saxena R.K.,Advanced Approaches for Trust and Identity Management in AIoT Environments,Book chapter,"[""S08""]","[""identity""]","[{""database"": ""Scopus"", ""query_id"": ""S08"", ""raw_source"": ""search-expansion-S08-20261001.csv"", ""raw_row"": 157, ""native_id"": ""2-s2.0-105042394093"", ""observed_rank"": """"}]",awaiting_title_abstract_screening,,,2026-10-01,2026-09-30,,,
R0cdde28a97c899fb,10.37936/ecti-cit.2026203.266315,A Decentralized Identity and Trust Management Platform Using Blockchain for Cross-Domain Authentication,https://www.scopus.com/pages/publications/105045476623?origin=resultslist,2026,Rodhetbhai S.; Tantatsanawong P.,ECTI Transactions on Computer and Information Technology,Article,"[""S08""]","[""identity""]","[{""database"": ""Scopus"", ""query_id"": ""S08"", ""raw_source"": ""search-expansion-S08-20261001.csv"", ""raw_row"": 158, ""native_id"": ""2-s2.0-105045476623"", ""observed_rank"": """"}]",awaiting_title_abstract_screening,,,2026-10-01,2026-09-30,,,
Rc863e11a484364a8,10.1109/acet67282.2025.11430373,Decentralized Identity Management Using Blockchain for Secure Cross-Border Digital Services,https://www.scopus.com/pages/publications/105037903683?origin=resultslist,2025,Dubey A.K.; Kesharwani K.; Shubneet; Yadav A.R.; Talwandi N.S.; Polam R.M.,"2025 2nd International Conference on Advanced Computing and Emerging Technologies, ACET 2025",Conference paper,"[""S08""]","[""identity""]","[{""database"": ""Scopus"", ""query_id"": ""S08"", ""raw_source"": ""search-expansion-S08-20261001.csv"", ""raw_row"": 159, ""native_id"": ""2-s2.0-105037903683"", ""observed_rank"": """"}]",awaiting_title_abstract_screening,,,2026-10-01,2026-09-30,,,
R2ba9477f89d2a662,10.1109/gcat62922.2024.10923936,Exploring Decentralized Identity Verification Systems Using Blockchain Technology: Opportunities and Challenges,https://www.scopus.com/pages/publications/105002251635?origin=resultslist,2024,Saravanan V.; Sumalatha A.; Reddy D.N.; Ahamed B.S.; Udayakumar K.; Arthi Priyadharshini M.,"2024 5th IEEE Global Conference for Advancement in Technology, GCAT 2024",Conference paper,"[""S08""]","[""identity""]","[{""database"": ""Scopus"", ""query_id"": ""S08"", ""raw_source"": ""search-expansion-S08-20261001.csv"", ""raw_row"": 160, ""native_id"": ""2-s2.0-105002251635"", ""observed_rank"": """"}]",awaiting_title_abstract_screening,,,2026-10-01,2026-09-30,,,
R38cf54de55ff8457,10.1007/s10207-026-01279-1,A Modular Three Layered Architecture for Blockchain-Enabled Self-Sovereign Identity in Health Information Exchange,https://www.scopus.com/pages/publications/105046560897?origin=resultslist,2026,Pokharel A.; Ullevalseter L.B.; Gjerlaugsen M.; Nguyen G.H.; Kathayat S.,International Journal of Information Security,Article,"[""S08""]","[""identity""]","[{""database"": ""Scopus"", ""query_id"": ""S08"", ""raw_source"": ""search-expansion-S08-20261001.csv"", ""raw_row"": 161, ""native_id"": ""2-s2.0-105046560897"", ""observed_rank"": """"}]",awaiting_title_abstract_screening,,,2026-10-01,2026-09-30,,,
Ra98144a146e73c66,10.1109/tdsc.2026.3653027,BCADS: Blockchain-Assisted Cross-Domain Authentication With Decentralized Identity for VANETs Under Strict Oversight,https://www.scopus.com/pages/publications/105027737588?origin=resultslist,2026,Wang J.; Xu C.; Zhu L.; Zhang K.; Liu H.,IEEE Transactions on Dependable and Secure Computing,Article,"[""S08""]","[""identity""]","[{""database"": ""Scopus"", ""query_id"": ""S08"", ""raw_source"": ""search-expansion-S08-20261001.csv"", ""raw_row"": 162, ""native_id"": ""2-s2.0-105027737588"", ""observed_rank"": """"}]",awaiting_title_abstract_screening,,,2026-10-01,2026-09-30,,,
R606202c4d632638a,10.1007/978-3-032-05832-4_15,A Review About Blockchain-Based Decentralized Identity Management for Citizen Identification,https://www.scopus.com/pages/publications/105019641383?origin=resultslist,2026,Kuaté C.T.; Tchakounté F.; Fachkha C.,"Lecture Notes of the Institute for Computer Sciences, Social-Informatics and Telecommunications Engineering, LNICST",Conference paper,"[""S08""]","[""identity""]","[{""database"": ""Scopus"", ""query_id"": ""S08"", ""raw_source"": ""search-expansion-S08-20261001.csv"", ""raw_row"": 163, ""native_id"": ""2-s2.0-105019641383"", ""observed_rank"": """"}]",awaiting_title_abstract_screening,,,2026-10-01,2026-09-30,,,
Rd3aae010cb7de2ad,10.1109/silcon63976.2024.10910771,Decentralized Identity Management Using Blockchain for Healthcare Systems,https://www.scopus.com/pages/publications/105001413914?origin=resultslist,2024,Ponni Valavan M.; Qurashi S.N.; Sobia F.; Harahsheh F.; Surendran S.; Mary S.S.C.,"2024 IEEE Silchar Subsection Conference, SILCON 2024",Conference paper,"[""S08""]","[""identity""]","[{""database"": ""Scopus"", ""query_id"": ""S08"", ""raw_source"": ""search-expansion-S08-20261001.csv"", ""raw_row"": 164, ""native_id"": ""2-s2.0-105001413914"", ""observed_rank"": """"}]",awaiting_title_abstract_screening,,,2026-10-01,2026-09-30,,,
Ra725713f09ff2b8e,10.4337/9781035330096.00026,"Blockchain, digital identity, and self-sovereign identity",https://www.scopus.com/pages/publications/105034359809?origin=resultslist,2026,Monaghan J.,Handbook of Blockchain in Public Governance,Book chapter,"[""S08""]","[""identity""]","[{""database"": ""Scopus"", ""query_id"": ""S08"", ""raw_source"": ""search-expansion-S08-20261001.csv"", ""raw_row"": 165, ""native_id"": ""2-s2.0-105034359809"", ""observed_rank"": """"}]",awaiting_title_abstract_screening,,,2026-10-01,2026-09-30,,,
Rdadaa1e77f6f7570,10.1109/tifs.2026.3698606,Lightweight Authentication for Drone Service Collaboration Using Blockchain-Based Decentralized Identity and Physically Unclonable Functions,https://www.scopus.com/pages/publications/105041112016?origin=resultslist,2026,Duan L.; Chen P.; Zhang W.; Liu J.; Du Y.; Ruan N.; Li C.; Wang W.; Ni W.,IEEE Transactions on Information Forensics and Security,Article,"[""S08""]","[""identity""]","[{""database"": ""Scopus"", ""query_id"": ""S08"", ""raw_source"": ""search-expansion-S08-20261001.csv"", ""raw_row"": 166, ""native_id"": ""2-s2.0-105041112016"", ""observed_rank"": """"}]",awaiting_title_abstract_screening,,,2026-10-01,2026-09-30,,,
R76877f1d48081ccd,10.1007/978-981-96-4836-8_32,A Blockchain-Based Selective Disclosure Authentication System: A Self-sovereign Credential Scheme Combining Decentralized Identity and Zero-Knowledge Proofs,https://www.scopus.com/pages/publications/105006681944?origin=resultslist,2025,Yin H.; Chen S.; Luo Z.; Tang M.; Zhang S.; Yao Z.,Communications in Computer and Information Science,Conference paper,"[""S08""]","[""identity""]","[{""database"": ""Scopus"", ""query_id"": ""S08"", ""raw_source"": ""search-expansion-S08-20261001.csv"", ""raw_row"": 167, ""native_id"": ""2-s2.0-105006681944"", ""observed_rank"": """"}]",awaiting_title_abstract_screening,,,2026-10-01,2026-09-30,,,
R5bfd7f2a9a572679,10.1016/j.comnet.2026.112731,SSI-guard: A blockchain-based self-sovereign identity framework with machine learning-augmented authentication for smart city IoT,https://www.scopus.com/pages/publications/105050652229?origin=resultslist,2026,Shuaib M.,Computer Networks,Article,"[""S08""]","[""identity""]","[{""database"": ""Scopus"", ""query_id"": ""S08"", ""raw_source"": ""search-expansion-S08-20261001.csv"", ""raw_row"": 168, ""native_id"": ""2-s2.0-105050652229"", ""observed_rank"": """"}]",awaiting_title_abstract_screening,,,2026-10-01,2026-09-30,,,
R6adb6f57bab18d02,10.1007/978-981-95-2196-8_2,A Framework For Enhancing Supply Chain Management and Decentralized Identity On Blockchain Technology,https://www.scopus.com/pages/publications/105028352626?origin=resultslist,2026,Bhanushali S.; Goswami U.; Kansara A.,Lecture Notes in Electrical Engineering,Conference paper,"[""S08""]","[""identity""]","[{""database"": ""Scopus"", ""query_id"": ""S08"", ""raw_source"": ""search-expansion-S08-20261001.csv"", ""raw_row"": 169, ""native_id"": ""2-s2.0-105028352626"", ""observed_rank"": """"}]",awaiting_title_abstract_screening,,,2026-10-01,2026-09-30,,,
Ra21a4bd28669a904,10.1145/3774905.3794706,"Blockchain-Enabled, W3C Standards-Compliant Decentralized Zero-Knowledge Proof Framework for Mobile Identity Authentication",https://www.scopus.com/pages/publications/105041993224?origin=resultslist,2026,Ryu C.; Kyung D.; Kim S.,WWW Companion 2026 - Companion Proceedings of the ACM Web Conference 2026,Conference paper,"[""S08"", ""S09""]","[""identity""]","[{""database"": ""Scopus"", ""query_id"": ""S08"", ""raw_source"": ""search-expansion-S08-20261001.csv"", ""raw_row"": 170, ""native_id"": ""2-s2.0-105041993224"", ""observed_rank"": """"}, {""database"": ""ACM Full-Text Collection"", ""query_id"": ""S09"", ""raw_source"": ""search-expansion-ACM-20261001.csv"", ""raw_row"": 30, ""native_id"": """", ""observed_rank"": ""3""}]",awaiting_title_abstract_screening,,,2026-10-01,2026-09-30,,,
Re6df985fe91d8bd2,10.1109/icecet63943.2025.11472520,Decentralized Blockchain-Based Digital Identity Management for Fraud Prevention in the U.S.,https://www.scopus.com/pages/publications/105037187308?origin=resultslist,2025,Esa H.; Dhar S.R.; Bhuiyan M.F.H.; Ferdousmou J.; Imran M.A.U.; Debnath A.; Johora F.T.; Hassan A.,"International Conference on Electrical, Computer, and Energy Technologies, ICECET 2025",Conference paper,"[""S08""]","[""identity""]","[{""database"": ""Scopus"", ""query_id"": ""S08"", ""raw_source"": ""search-expansion-S08-20261001.csv"", ""raw_row"": 171, ""native_id"": ""2-s2.0-105037187308"", ""observed_rank"": """"}]",awaiting_title_abstract_screening,,,2026-10-01,2026-09-30,,,
R078b1ef5dded7200,10.1109/smartindustrycon61328.2024.10516166,Development of the Decentralized Biometric Identity Verification System Using Blockchain Technology and Computer Vision,https://www.scopus.com/pages/publications/85193226570?origin=resultslist,2024,Uteyev G.; Gibadullin R.F.,"Proceedings - 2024 International Russian Smart Industry Conference, SmartIndustryCon 2024",Conference paper,"[""S08""]","[""identity""]","[{""database"": ""Scopus"", ""query_id"": ""S08"", ""raw_source"": ""search-expansion-S08-20261001.csv"", ""raw_row"": 172, ""native_id"": ""2-s2.0-85193226570"", ""observed_rank"": """"}]",awaiting_title_abstract_screening,,,2026-10-01,2026-09-30,,,
R7388290ce6cb2e8a,10.3389/fbloc.2026.1871552,"Stepping back to own: a moderated mediation model of blockchain governance, decentralized identity, and digital media sovereignty in the metaverse",https://www.scopus.com/pages/publications/105046688454?origin=resultslist,2026,Mohamed E.A.S.; Ishag K.I.A.; Salem O.; Abudraz A.M.M.; Abasher M.H.; Nasr N.; Elfaki F.; Mohamednour G.A.E.,Frontiers in Blockchain,Article,"[""S08""]","[""identity""]","[{""database"": ""Scopus"", ""query_id"": ""S08"", ""raw_source"": ""search-expansion-S08-20261001.csv"", ""raw_row"": 173, ""native_id"": ""2-s2.0-105046688454"", ""observed_rank"": """"}]",awaiting_title_abstract_screening,,,2026-10-01,2026-09-30,,,
R60626d2c7921cf99,10.14569/ijacsa.2025.0160604,Application of Blockchain Frameworks for Decentralized Identity and Access Management of IoT Devices,https://www.scopus.com/pages/publications/105009543575?origin=resultslist,2025,Khairnar S.,International Journal of Advanced Computer Science and Applications,Article,"[""S08""]","[""identity""]","[{""database"": ""Scopus"", ""query_id"": ""S08"", ""raw_source"": ""search-expansion-S08-20261001.csv"", ""raw_row"": 174, ""native_id"": ""2-s2.0-105009543575"", ""observed_rank"": """"}]",awaiting_title_abstract_screening,,,2026-10-01,2026-09-30,,,
Rc8d60411c92d7a7b,10.3390/fi17010049,Decentralized Identity Management for Internet of Things (IoT) Devices Using IOTA Blockchain Technology,https://www.scopus.com/pages/publications/85215977174?origin=resultslist,2025,Ramírez-Gordillo T.; Maciá-Lillo A.; Pujol F.A.; García-D’Urso N.; Azorín-López J.; Mora H.,Future Internet,Article,"[""S08""]","[""identity""]","[{""database"": ""Scopus"", ""query_id"": ""S08"", ""raw_source"": ""search-expansion-S08-20261001.csv"", ""raw_row"": 175, ""native_id"": ""2-s2.0-85215977174"", ""observed_rank"": """"}]",duplicate_current_application,updateRamirez2025IOTAIdentity,Matching nonempty DOI,2026-10-01,2026-09-30,,,
Rcf42f1ad9b82b3b2,10.1145/3845805,Trac 2 Trac 2 ZChain: Trackability and Traceability of Graph Data in Blockchain with Linkage Privacy,https://dl.acm.org/doi/10.1145/3845805,,,,,"[""S03""]","[""privacy""]","[{""database"": ""ACM Full-Text Collection"", ""query_id"": ""S03"", ""raw_source"": ""search-expansion-ACM-20261001.csv"", ""raw_row"": 2, ""native_id"": """", ""observed_rank"": ""2""}]",awaiting_title_abstract_screening,,,2026-10-01,2026-09-30,,,
R015ae8ddfa05d1fd,10.14778/3827998.3828031,Private Data Collections: Enabling Data Privacy in Permissioned Blockchains,https://dl.acm.org/doi/10.14778/3827998.3828031,,,,,"[""S03"", ""S06""]","[""privacy"", ""consent""]","[{""database"": ""ACM Full-Text Collection"", ""query_id"": ""S03"", ""raw_source"": ""search-expansion-ACM-20261001.csv"", ""raw_row"": 5, ""native_id"": """", ""observed_rank"": ""5""}, {""database"": ""ACM Full-Text Collection"", ""query_id"": ""S06"", ""raw_source"": ""search-expansion-ACM-20261001.csv"", ""raw_row"": 20, ""native_id"": """", ""observed_rank"": ""5""}]",awaiting_title_abstract_screening,,,2026-10-01,2026-09-30,,,
R7fbf43c9503b9f56,10.1145/3647444.3652463,Blockchain-Based Zero-Knowledge Proofs for Data Privacy: Explore the Application of Blockchain Technology in facilitating Privacy-Preserving Transactions through Zero-Knowledge Proofs and Analyze their Effectiveness in Protecting Sensitive Data.,https://dl.acm.org/doi/10.1145/3647444.3652463,,,,,"[""S03""]","[""privacy""]","[{""database"": ""ACM Full-Text Collection"", ""query_id"": ""S03"", ""raw_source"": ""search-expansion-ACM-20261001.csv"", ""raw_row"": 10, ""native_id"": """", ""observed_rank"": ""10""}]",awaiting_title_abstract_screening,,,2026-10-01,2026-09-30,,,
Re245107ab9972691,10.1145/3640115.3640188,Consent Management System Based on User Data Security and Privacy Using Hyperledger Fabric Blockchain,https://dl.acm.org/doi/10.1145/3640115.3640188,,,,,"[""S03"", ""S06""]","[""privacy"", ""consent""]","[{""database"": ""ACM Full-Text Collection"", ""query_id"": ""S03"", ""raw_source"": ""search-expansion-ACM-20261001.csv"", ""raw_row"": 13, ""native_id"": """", ""observed_rank"": ""13""}, {""database"": ""ACM Full-Text Collection"", ""query_id"": ""S06"", ""raw_source"": ""search-expansion-ACM-20261001.csv"", ""raw_row"": 18, ""native_id"": """", ""observed_rank"": ""3""}]",awaiting_title_abstract_screening,,,2026-10-01,2026-09-30,,,
Rd2b65b86f3fb356f,10.1145/3652162,A Decentralized Private Data Marketplace using Blockchain and Secure Multi-Party Computation,https://dl.acm.org/doi/10.1145/3652162,,,,,"[""S03""]","[""privacy""]","[{""database"": ""ACM Full-Text Collection"", ""query_id"": ""S03"", ""raw_source"": ""search-expansion-ACM-20261001.csv"", ""raw_row"": 14, ""native_id"": """", ""observed_rank"": ""14""}]",awaiting_title_abstract_screening,,,2026-10-01,2026-09-30,,,
R1dc06ee14f041b89,10.1145/3671151.3671366,Anti-tampering method of shared private data based on multi-party secure computing and blockchain,https://dl.acm.org/doi/10.1145/3671151.3671366,,,,,"[""S03""]","[""privacy""]","[{""database"": ""ACM Full-Text Collection"", ""query_id"": ""S03"", ""raw_source"": ""search-expansion-ACM-20261001.csv"", ""raw_row"": 15, ""native_id"": """", ""observed_rank"": ""15""}]",awaiting_title_abstract_screening,,,2026-10-01,2026-09-30,,,
Rce569517d278bdd6,10.1145/3748522.3779980,ChainGuards: Verification of Sensed Data using Permissioned Blockchain Technology,https://dl.acm.org/doi/10.1145/3748522.3779980,,,,,"[""S06""]","[""consent""]","[{""database"": ""ACM Full-Text Collection"", ""query_id"": ""S06"", ""raw_source"": ""search-expansion-ACM-20261001.csv"", ""raw_row"": 17, ""native_id"": """", ""observed_rank"": ""2""}]",awaiting_title_abstract_screening,,,2026-10-01,2026-09-30,,,
R84ef625c39a8477f,10.1145/3681773.3699695,A FAIR Public Permissioned Blockchain System for monitoring Deforestation in the Amazon,https://dl.acm.org/doi/10.1145/3681773.3699695,,,,,"[""S06""]","[""consent""]","[{""database"": ""ACM Full-Text Collection"", ""query_id"": ""S06"", ""raw_source"": ""search-expansion-ACM-20261001.csv"", ""raw_row"": 19, ""native_id"": """", ""observed_rank"": ""4""}]",awaiting_title_abstract_screening,,,2026-10-01,2026-09-30,,,
Rb590670491bcd1c4,10.1145/3676164,"On Identity, Transaction, and Smart Contract Privacy on Permissioned and Permissionless Blockchain: A Comprehensive Survey",https://dl.acm.org/doi/10.1145/3676164,,,,,"[""S06""]","[""consent""]","[{""database"": ""ACM Full-Text Collection"", ""query_id"": ""S06"", ""raw_source"": ""search-expansion-ACM-20261001.csv"", ""raw_row"": 21, ""native_id"": """", ""observed_rank"": ""6""}]",awaiting_title_abstract_screening,,,2026-10-01,2026-09-30,,,
R2cc49d74fa570dac,10.1145/3651655.3651663,ZK-BFT: A Zero-knowledge and Byzantine Fault Tolerant Consensus for Permissioned Blockchain Networks,https://dl.acm.org/doi/10.1145/3651655.3651663,,,,,"[""S06""]","[""consent""]","[{""database"": ""ACM Full-Text Collection"", ""query_id"": ""S06"", ""raw_source"": ""search-expansion-ACM-20261001.csv"", ""raw_row"": 22, ""native_id"": """", ""observed_rank"": ""7""}]",awaiting_title_abstract_screening,,,2026-10-01,2026-09-30,,,
Rc855156cda8d59ed,10.1145/3625007.3627722,Combating Identity Attacks in Online Social Networks: A Multi-Layered Framework Using Zero-Knowledge Proof and Permissioned Blockchain,https://dl.acm.org/doi/10.1145/3625007.3627722,,,,,"[""S06""]","[""consent""]","[{""database"": ""ACM Full-Text Collection"", ""query_id"": ""S06"", ""raw_source"": ""search-expansion-ACM-20261001.csv"", ""raw_row"": 23, ""native_id"": """", ""observed_rank"": ""8""}]",awaiting_title_abstract_screening,,,2026-10-01,2026-09-30,,,
Re6ab712a2c1be0f6,10.1145/3723890.3723896,A Secret Sharing Reputation-Based Protocol for Permissioned Blockchains,https://dl.acm.org/doi/10.1145/3723890.3723896,,,,,"[""S06""]","[""consent""]","[{""database"": ""ACM Full-Text Collection"", ""query_id"": ""S06"", ""raw_source"": ""search-expansion-ACM-20261001.csv"", ""raw_row"": 24, ""native_id"": """", ""observed_rank"": ""9""}]",awaiting_title_abstract_screening,,,2026-10-01,2026-09-30,,,
R94a94f42f43a8c7e,10.1145/3676536.3689918,Optimizing Supply Chain Management using Permissioned Blockchains,https://dl.acm.org/doi/10.1145/3676536.3689918,,,,,"[""S06""]","[""consent""]","[{""database"": ""ACM Full-Text Collection"", ""query_id"": ""S06"", ""raw_source"": ""search-expansion-ACM-20261001.csv"", ""raw_row"": 25, ""native_id"": """", ""observed_rank"": ""10""}]",awaiting_title_abstract_screening,,,2026-10-01,2026-09-30,,,
Rd7658728d27f1ca4,10.1145/3615871,GBT-CHAIN: A System Framework for Solving the General Trilemma in Permissioned Blockchains,https://dl.acm.org/doi/10.1145/3615871,,,,,"[""S06""]","[""consent""]","[{""database"": ""ACM Full-Text Collection"", ""query_id"": ""S06"", ""raw_source"": ""search-expansion-ACM-20261001.csv"", ""raw_row"": 26, ""native_id"": """", ""observed_rank"": ""11""}]",awaiting_title_abstract_screening,,,2026-10-01,2026-09-30,,,
R3ac30b0386cd91d8,10.14778/3641204.3641216,Towards Full Stack Adaptivity in Permissioned Blockchains,https://dl.acm.org/doi/10.14778/3641204.3641216,,,,,"[""S06""]","[""consent""]","[{""database"": ""ACM Full-Text Collection"", ""query_id"": ""S06"", ""raw_source"": ""search-expansion-ACM-20261001.csv"", ""raw_row"": 27, ""native_id"": """", ""observed_rank"": ""12""}]",awaiting_title_abstract_screening,,,2026-10-01,2026-09-30,,,
Rb6a78b7c50b9601a,10.1145/3659211.3659270,Decentralized Identity System for High-value Commodity Supply Chain based on Consortium Blockchain,https://dl.acm.org/doi/10.1145/3659211.3659270,,,,,"[""S09""]","[""identity""]","[{""database"": ""ACM Full-Text Collection"", ""query_id"": ""S09"", ""raw_source"": ""search-expansion-ACM-20261001.csv"", ""raw_row"": 35, ""native_id"": """", ""observed_rank"": ""8""}]",awaiting_title_abstract_screening,,,2026-10-01,2026-09-30,,,
Re149661ea31a5f62,,Towards accountable and privacy-preserving blockchain-based access control for data sharing,https://www.sciencedirect.com/science/article/pii/S2214212624001686,,,,,"[""S01""]","[""privacy""]","[{""database"": ""Google Scholar"", ""query_id"": ""S01"", ""raw_source"": ""search-expansion-Scholar-S01-20261001-pages22-27.tsv"", ""raw_row"": 1, ""native_id"": """", ""observed_rank"": ""211""}]",awaiting_title_abstract_screening,,,2026-10-01,2026-09-30,,,
R8fd44fcbd8b50c42,,Data privacy in blockchain management scheme with Nudge Theory for banking sector,https://ideas.repec.org/a/ajp/edwast/v9y2025i5p1204-1220id7124.html,,,,,"[""S01""]","[""privacy""]","[{""database"": ""Google Scholar"", ""query_id"": ""S01"", ""raw_source"": ""search-expansion-Scholar-S01-20261001-pages22-27.tsv"", ""raw_row"": 2, ""native_id"": """", ""observed_rank"": ""212""}]",awaiting_title_abstract_screening,,,2026-10-01,2026-09-30,,,
R30d69e5afcdf718f,,Hybrid optimization enabled secure privacy preserved data sharing based on blockchain,https://link.springer.com/article/10.1007/s11276-023-03588-y,,,,,"[""S01""]","[""privacy""]","[{""database"": ""Google Scholar"", ""query_id"": ""S01"", ""raw_source"": ""search-expansion-Scholar-S01-20261001-pages22-27.tsv"", ""raw_row"": 3, ""native_id"": """", ""observed_rank"": ""213""}]",awaiting_title_abstract_screening,,,2026-10-01,2026-09-30,,,
R3390f8e7ce4193b6,,BPRM: Blockchain-based privacy preserving and robust data aggregation supporting multifunctionality for fog-assisted smart grid,https://ieeexplore.ieee.org/abstract/document/10811958/,,,,,"[""S01""]","[""privacy""]","[{""database"": ""Google Scholar"", ""query_id"": ""S01"", ""raw_source"": ""search-expansion-Scholar-S01-20261001-pages22-27.tsv"", ""raw_row"": 4, ""native_id"": """", ""observed_rank"": ""214""}]",awaiting_title_abstract_screening,,,2026-10-01,2026-09-30,,,
R5e1b5cdbbf7b1ead,,Ensuring Privacy and Data Integrity in Payroll Systems Using Blockchain and IPFS,https://link.springer.com/chapter/10.1007/978-3-032-06691-6_29,,,,,"[""S01""]","[""privacy""]","[{""database"": ""Google Scholar"", ""query_id"": ""S01"", ""raw_source"": ""search-expansion-Scholar-S01-20261001-pages22-27.tsv"", ""raw_row"": 5, ""native_id"": """", ""observed_rank"": ""215""}]",awaiting_title_abstract_screening,,,2026-10-01,2026-09-30,,,
Re6474f6210250a5e,,Enhancing privacy and security in smart healthcare: a blockchain-powered decentralized data dissemination scheme,https://www.sciencedirect.com/science/article/pii/S2542660524001975,,,,,"[""S01""]","[""privacy""]","[{""database"": ""Google Scholar"", ""query_id"": ""S01"", ""raw_source"": ""search-expansion-Scholar-S01-20261001-pages22-27.tsv"", ""raw_row"": 6, ""native_id"": """", ""observed_rank"": ""216""}]",awaiting_title_abstract_screening,,,2026-10-01,2026-09-30,,,
Rd6d4056ebac76ffd,,Privacy-preserving data sharing in IoV: A federated learning and blockchain-based approach,https://ieeexplore.ieee.org/abstract/document/10615878/,,,,,"[""S01""]","[""privacy""]","[{""database"": ""Google Scholar"", ""query_id"": ""S01"", ""raw_source"": ""search-expansion-Scholar-S01-20261001-pages22-27.tsv"", ""raw_row"": 7, ""native_id"": """", ""observed_rank"": ""217""}]",awaiting_title_abstract_screening,,,2026-10-01,2026-09-30,,,
R19835b5bc466ac0e,,Blockchain integration with AIoT data security and privacy for sustainability,https://iecscience.org/jpapers/170,,,,,"[""S01""]","[""privacy""]","[{""database"": ""Google Scholar"", ""query_id"": ""S01"", ""raw_source"": ""search-expansion-Scholar-S01-20261001-pages22-27.tsv"", ""raw_row"": 8, ""native_id"": """", ""observed_rank"": ""218""}]",awaiting_title_abstract_screening,,,2026-10-01,2026-09-30,,,
R0558eb96a13a87a1,,"A Blockchain-Assisted Adaptive Differential Privacy Framework for Secure, Privacy-Preserving, and Tamper-Proof Cloud Data Management",https://cspub-ijcisim.org/index.php/ijcisim/article/view/5194,,,,,"[""S01""]","[""privacy""]","[{""database"": ""Google Scholar"", ""query_id"": ""S01"", ""raw_source"": ""search-expansion-Scholar-S01-20261001-pages22-27.tsv"", ""raw_row"": 9, ""native_id"": """", ""observed_rank"": ""219""}]",awaiting_title_abstract_screening,,,2026-10-01,2026-09-30,,,
R0312698ce93ddc01,,Data Privacy Sharing Scheme Based on Proxy Re-encryption and Blockchain,https://ieeexplore.ieee.org/abstract/document/11065902/,,,,,"[""S01""]","[""privacy""]","[{""database"": ""Google Scholar"", ""query_id"": ""S01"", ""raw_source"": ""search-expansion-Scholar-S01-20261001-pages22-27.tsv"", ""raw_row"": 10, ""native_id"": """", ""observed_rank"": ""220""}]",awaiting_title_abstract_screening,,,2026-10-01,2026-09-30,,,
R60e2467bde3959ce,,Data sharing in privacy preserving intelligent transportation system based on blockchain and low-rank gradient compression,https://www.sciencedirect.com/science/article/pii/S1110016826000840,,,,,"[""S01""]","[""privacy""]","[{""database"": ""Google Scholar"", ""query_id"": ""S01"", ""raw_source"": ""search-expansion-Scholar-S01-20261001-pages22-27.tsv"", ""raw_row"": 11, ""native_id"": """", ""observed_rank"": ""221""}]",awaiting_title_abstract_screening,,,2026-10-01,2026-09-30,,,
Rdc777c733d1b76af,,Design and Development of Efficient Electronic Medical Data Search Engine with Data Privacy Using Blockchain Technology,https://svedbergopen.com/index.php/ijaiml/article/view/146,,,,,"[""S01""]","[""privacy""]","[{""database"": ""Google Scholar"", ""query_id"": ""S01"", ""raw_source"": ""search-expansion-Scholar-S01-20261001-pages22-27.tsv"", ""raw_row"": 12, ""native_id"": """", ""observed_rank"": ""222""}]",awaiting_title_abstract_screening,,,2026-10-01,2026-09-30,,,
R2eebdbb9861fd7ef,,BPPKS: A blockchain-based privacy preserving and keyword-searchable scheme for medical data sharing,https://link.springer.com/article/10.1007/s12083-024-01795-8,,,,,"[""S01""]","[""privacy""]","[{""database"": ""Google Scholar"", ""query_id"": ""S01"", ""raw_source"": ""search-expansion-Scholar-S01-20261001-pages22-27.tsv"", ""raw_row"": 13, ""native_id"": """", ""observed_rank"": ""223""}]",awaiting_title_abstract_screening,,,2026-10-01,2026-09-30,,,
Rf049096e02fc1e62,,Zero-knowledge-based policy enforcement for privacy-preserving cross-institutional health data sharing on blockchain,https://www.mdpi.com/2079-8954/14/4/385,,,,,"[""S01""]","[""privacy""]","[{""database"": ""Google Scholar"", ""query_id"": ""S01"", ""raw_source"": ""search-expansion-Scholar-S01-20261001-pages22-27.tsv"", ""raw_row"": 14, ""native_id"": """", ""observed_rank"": ""224""}]",awaiting_title_abstract_screening,,,2026-10-01,2026-09-30,,,
R3355410c4baf5290,,Blockchain for Privacy-Preserving Data Distribution in Healthcare.,https://pdfs.semanticscholar.org/4ce0/891d6c764be7b1138f2ea39e1767171ffb9c.pdf,,,,,"[""S01""]","[""privacy""]","[{""database"": ""Google Scholar"", ""query_id"": ""S01"", ""raw_source"": ""search-expansion-Scholar-S01-20261001-pages22-27.tsv"", ""raw_row"": 15, ""native_id"": """", ""observed_rank"": ""225""}]",awaiting_title_abstract_screening,,,2026-10-01,2026-09-30,,,
R377340e6d0ed14fe,,Blockchain Integration in Cybersecurity: A Novel Approach to Enhancing Data Privacy and Integrity in Digital Transactions,http://thejoas.com/index.php/thejoas/article/view/128,,,,,"[""S01""]","[""privacy""]","[{""database"": ""Google Scholar"", ""query_id"": ""S01"", ""raw_source"": ""search-expansion-Scholar-S01-20261001-pages22-27.tsv"", ""raw_row"": 16, ""native_id"": """", ""observed_rank"": ""226""}]",awaiting_title_abstract_screening,,,2026-10-01,2026-09-30,,,
R0c893a18bfb22d63,,Decentralized and Privacy-Preserving Data Sharing in Healthcare IoT Systems Using Blockchain,https://ieeexplore.ieee.org/abstract/document/11280705/,,,,,"[""S01""]","[""privacy""]","[{""database"": ""Google Scholar"", ""query_id"": ""S01"", ""raw_source"": ""search-expansion-Scholar-S01-20261001-pages22-27.tsv"", ""raw_row"": 17, ""native_id"": """", ""observed_rank"": ""227""}]",awaiting_title_abstract_screening,,,2026-10-01,2026-09-30,,,
Rb552ecc384b1a08b,,Blockchain-based CP-ABE data sharing and privacy-preserving scheme using distributed KMS and zero-knowledge proof,https://link.springer.com/article/10.1016/j.jksuci.2024.101969,,,,,"[""S01""]","[""privacy""]","[{""database"": ""Google Scholar"", ""query_id"": ""S01"", ""raw_source"": ""search-expansion-Scholar-S01-20261001-pages22-27.tsv"", ""raw_row"": 18, ""native_id"": """", ""observed_rank"": ""228""}]",awaiting_title_abstract_screening,,,2026-10-01,2026-09-30,,,
Rc15e924bad480ab2,,Blockchain-powered security framework for IoT data integrity and privacy,http://thejoas.com/index.php/thejoas/article/view/285,,,,,"[""S01""]","[""privacy""]","[{""database"": ""Google Scholar"", ""query_id"": ""S01"", ""raw_source"": ""search-expansion-Scholar-S01-20261001-pages22-27.tsv"", ""raw_row"": 19, ""native_id"": """", ""observed_rank"": ""229""}]",awaiting_title_abstract_screening,,,2026-10-01,2026-09-30,,,
R5c1e3ef58dfbdc6b,,A blockchain-integrated federated learning approach for secure data sharing and privacy protection in multi-device communication,https://www.tandfonline.com/doi/abs/10.1080/08839514.2024.2442770,,,,,"[""S01""]","[""privacy""]","[{""database"": ""Google Scholar"", ""query_id"": ""S01"", ""raw_source"": ""search-expansion-Scholar-S01-20261001-pages22-27.tsv"", ""raw_row"": 20, ""native_id"": """", ""observed_rank"": ""230""}]",awaiting_title_abstract_screening,,,2026-10-01,2026-09-30,,,
R2e80b3c3ad78b139,,Blockchain-based medical image data trading platform with copyright and privacy protection,https://ieeexplore.ieee.org/abstract/document/10580695/,,,,,"[""S01""]","[""privacy""]","[{""database"": ""Google Scholar"", ""query_id"": ""S01"", ""raw_source"": ""search-expansion-Scholar-S01-20261001-pages22-27.tsv"", ""raw_row"": 21, ""native_id"": """", ""observed_rank"": ""231""}]",awaiting_title_abstract_screening,,,2026-10-01,2026-09-30,,,
R644da1e2b6c89955,,Fast-CFLB: a privacy-preserving data sharing system for Internet of Vehicles using ternary federated learning and blockchain,https://link.springer.com/article/10.1007/s10586-024-05032-y,,,,,"[""S01""]","[""privacy""]","[{""database"": ""Google Scholar"", ""query_id"": ""S01"", ""raw_source"": ""search-expansion-Scholar-S01-20261001-pages22-27.tsv"", ""raw_row"": 22, ""native_id"": """", ""observed_rank"": ""232""}]",awaiting_title_abstract_screening,,,2026-10-01,2026-09-30,,,
R3daaf79af43123dc,,Decentralized IoT data sharing: A blockchain-based federated learning approach with joint optimizations for efficiency and privacy,https://www.sciencedirect.com/science/article/pii/S0167739X24003340,,,,,"[""S01""]","[""privacy""]","[{""database"": ""Google Scholar"", ""query_id"": ""S01"", ""raw_source"": ""search-expansion-Scholar-S01-20261001-pages22-27.tsv"", ""raw_row"": 23, ""native_id"": """", ""observed_rank"": ""233""}]",awaiting_title_abstract_screening,,,2026-10-01,2026-09-30,,,
R6179ea3e5f6f16b4,,Blockchain technology adoption for enhancing user privacy and data security in libraries: A scoping review,https://journals.sagepub.com/doi/abs/10.1177/09610006261442995,,,,,"[""S01""]","[""privacy""]","[{""database"": ""Google Scholar"", ""query_id"": ""S01"", ""raw_source"": ""search-expansion-Scholar-S01-20261001-pages22-27.tsv"", ""raw_row"": 24, ""native_id"": """", ""observed_rank"": ""234""}]",awaiting_title_abstract_screening,,,2026-10-01,2026-09-30,,,
R2e95e5646e49a09d,,A Privacy-preserving Large-scale Data Marketing System Based on Blockchain and Zero Knowledge Proof for VANETs,https://ieeexplore.ieee.org/abstract/document/11106314/,,,,,"[""S01""]","[""privacy""]","[{""database"": ""Google Scholar"", ""query_id"": ""S01"", ""raw_source"": ""search-expansion-Scholar-S01-20261001-pages22-27.tsv"", ""raw_row"": 25, ""native_id"": """", ""observed_rank"": ""235""}]",awaiting_title_abstract_screening,,,2026-10-01,2026-09-30,,,
R5ae9879086d35903,,Blockchain-cloud-based secure data sharing scheme with privacy preservation for internet of vehicles,https://www.sciencedirect.com/science/article/pii/S1389128625006413,,,,,"[""S01""]","[""privacy""]","[{""database"": ""Google Scholar"", ""query_id"": ""S01"", ""raw_source"": ""search-expansion-Scholar-S01-20261001-pages22-27.tsv"", ""raw_row"": 26, ""native_id"": """", ""observed_rank"": ""236""}]",awaiting_title_abstract_screening,,,2026-10-01,2026-09-30,,,
R4224af8fda3e482c,,… Analytics and Privacy in Digital Marketing: Legal-Ethical Landscapes in the Digital-Futuristic Arena Projecting Multiple Layers of Artificial Intelligence and Blockchain,https://link.springer.com/chapter/10.1007/978-3-031-65727-6_21,,,,,"[""S01""]","[""privacy""]","[{""database"": ""Google Scholar"", ""query_id"": ""S01"", ""raw_source"": ""search-expansion-Scholar-S01-20261001-pages22-27.tsv"", ""raw_row"": 27, ""native_id"": """", ""observed_rank"": ""237""}]",awaiting_title_abstract_screening,,,2026-10-01,2026-09-30,,,
R81059d5c13e5099e,,Towards IoT device privacy & data integrity through decentralized storage with blockchain and predicting malicious entities by stacked machine learning,https://www.sciencedirect.com/science/article/pii/S2542660525001568,,,,,"[""S01""]","[""privacy""]","[{""database"": ""Google Scholar"", ""query_id"": ""S01"", ""raw_source"": ""search-expansion-Scholar-S01-20261001-pages22-27.tsv"", ""raw_row"": 28, ""native_id"": """", ""observed_rank"": ""238""}]",awaiting_title_abstract_screening,,,2026-10-01,2026-09-30,,,
R2fb6dbca72a816e9,,Privacy-preserving data aggregation in smart grid based on multi-key homomorphic encryption and blockchain,https://link.springer.com/article/10.1007/s10586-025-05354-5,,,,,"[""S01""]","[""privacy""]","[{""database"": ""Google Scholar"", ""query_id"": ""S01"", ""raw_source"": ""search-expansion-Scholar-S01-20261001-pages22-27.tsv"", ""raw_row"": 29, ""native_id"": """", ""observed_rank"": ""239""}]",awaiting_title_abstract_screening,,,2026-10-01,2026-09-30,,,
Rb96839c8ccada45f,,A novel optimization-based blockchain technology using health care data for enhancing security and privacy in the medical system,https://tarupublications.com/journals/jdmsc/volume/27/issue/8/a-novel-optimization-based-blockchain-technology-using-health-care-data-for-enhancing-security-and-privacy-in-the-medical-system,,,,,"[""S01""]","[""privacy""]","[{""database"": ""Google Scholar"", ""query_id"": ""S01"", ""raw_source"": ""search-expansion-Scholar-S01-20261001-pages22-27.tsv"", ""raw_row"": 30, ""native_id"": """", ""observed_rank"": ""240""}]",awaiting_title_abstract_screening,,,2026-10-01,2026-09-30,,,
R616fe28a7f773560,,Blockchain-based Framework for Generating and Managing Unlearnable Examples for Enhancing Data Privacy and Access Control,https://www.jove.com/t/68338/blockchain-based-framework-for-generating-managing-unlearnable,,,,,"[""S01""]","[""privacy""]","[{""database"": ""Google Scholar"", ""query_id"": ""S01"", ""raw_source"": ""search-expansion-Scholar-S01-20261001-pages22-27.tsv"", ""raw_row"": 31, ""native_id"": """", ""observed_rank"": ""241""}]",awaiting_title_abstract_screening,,,2026-10-01,2026-09-30,,,
R5ba6c2185fa49147,,From Data Behavior to Code Analysis: A Multimodal Study on Security and Privacy Challenges in Blockchain-Based DApp,https://arxiv.org/abs/2504.11860,,,,,"[""S01""]","[""privacy""]","[{""database"": ""Google Scholar"", ""query_id"": ""S01"", ""raw_source"": ""search-expansion-Scholar-S01-20261001-pages22-27.tsv"", ""raw_row"": 32, ""native_id"": """", ""observed_rank"": ""242""}]",awaiting_title_abstract_screening,,,2026-10-01,2026-09-30,,,
Re3e062580f6b5723,,BCE-PPDS: Blockchain-based cloud–edge collaborative privacy-preserving data sharing scheme for IoT,https://www.sciencedirect.com/science/article/pii/S0167739X25002171,,,,,"[""S01""]","[""privacy""]","[{""database"": ""Google Scholar"", ""query_id"": ""S01"", ""raw_source"": ""search-expansion-Scholar-S01-20261001-pages22-27.tsv"", ""raw_row"": 33, ""native_id"": """", ""observed_rank"": ""243""}]",awaiting_title_abstract_screening,,,2026-10-01,2026-09-30,,,
R38f8095fc8ce1273,,Cumulus: Blockchain-enabled privacy-preserving data audit in cloud,https://dl.acm.org/doi/abs/10.1145/3672570,,,,,"[""S01""]","[""privacy""]","[{""database"": ""Google Scholar"", ""query_id"": ""S01"", ""raw_source"": ""search-expansion-Scholar-S01-20261001-pages22-27.tsv"", ""raw_row"": 34, ""native_id"": """", ""observed_rank"": ""244""}]",awaiting_title_abstract_screening,,,2026-10-01,2026-09-30,,,
R09b9de18e1d5df79,,SecureChain: A Blockchain‐Based Secure Model for Sharing Privacy‐Preserved Data Using Local Differential Privacy,https://onlinelibrary.wiley.com/doi/abs/10.1002/cpe.70473,,,,,"[""S01""]","[""privacy""]","[{""database"": ""Google Scholar"", ""query_id"": ""S01"", ""raw_source"": ""search-expansion-Scholar-S01-20261001-pages22-27.tsv"", ""raw_row"": 35, ""native_id"": """", ""observed_rank"": ""245""}]",awaiting_title_abstract_screening,,,2026-10-01,2026-09-30,,,
R92c102b2d6ab98a6,,Securing Human Data with Blockchain: Real-Time Big Data Analytics and Privacy Solutions,https://ieeexplore.ieee.org/abstract/document/10866235/,,,,,"[""S01""]","[""privacy""]","[{""database"": ""Google Scholar"", ""query_id"": ""S01"", ""raw_source"": ""search-expansion-Scholar-S01-20261001-pages22-27.tsv"", ""raw_row"": 36, ""native_id"": """", ""observed_rank"": ""246""}]",awaiting_title_abstract_screening,,,2026-10-01,2026-09-30,,,
R3d48258cb360bed1,,Lattice homomorphic assisted privacy preserving electronic health records data transmission in internet of medical things using blockchain,https://onlinelibrary.wiley.com/doi/abs/10.1002/ett.70070,,,,,"[""S01""]","[""privacy""]","[{""database"": ""Google Scholar"", ""query_id"": ""S01"", ""raw_source"": ""search-expansion-Scholar-S01-20261001-pages22-27.tsv"", ""raw_row"": 37, ""native_id"": """", ""observed_rank"": ""247""}]",awaiting_title_abstract_screening,,,2026-10-01,2026-09-30,,,
R938e8746ef775547,,The Hybrid Blockchain Model to Increase Data Privacy of Financial Assistance for SMEs,https://ieeexplore.ieee.org/abstract/document/11171074/,,,,,"[""S01""]","[""privacy""]","[{""database"": ""Google Scholar"", ""query_id"": ""S01"", ""raw_source"": ""search-expansion-Scholar-S01-20261001-pages22-27.tsv"", ""raw_row"": 38, ""native_id"": """", ""observed_rank"": ""248""}]",awaiting_title_abstract_screening,,,2026-10-01,2026-09-30,,,
Re4ca5d01a6de0317,,Privacy-Preserving Blockchain-Enabled Vertical Federated Learning with Data Auditing,https://ieeexplore.ieee.org/abstract/document/11360452/,,,,,"[""S01""]","[""privacy""]","[{""database"": ""Google Scholar"", ""query_id"": ""S01"", ""raw_source"": ""search-expansion-Scholar-S01-20261001-pages22-27.tsv"", ""raw_row"": 39, ""native_id"": """", ""observed_rank"": ""249""}]",awaiting_title_abstract_screening,,,2026-10-01,2026-09-30,,,
R9eb5644c332344d3,,A privacy-preserving data aggregation system based on blockchain in VANET,https://www.sciencedirect.com/science/article/pii/S209672092400023X,,,,,"[""S01""]","[""privacy""]","[{""database"": ""Google Scholar"", ""query_id"": ""S01"", ""raw_source"": ""search-expansion-Scholar-S01-20261001-pages22-27.tsv"", ""raw_row"": 40, ""native_id"": """", ""observed_rank"": ""250""}]",awaiting_title_abstract_screening,,,2026-10-01,2026-09-30,,,
R8d9575eee729d38d,,Exploring the Use of Blockchain in Digital Wallet Systems: Analysis of Impact on Security and Data Privacy of Users in Indonesia,https://ieeexplore.ieee.org/abstract/document/11425293/,,,,,"[""S01""]","[""privacy""]","[{""database"": ""Google Scholar"", ""query_id"": ""S01"", ""raw_source"": ""search-expansion-Scholar-S01-20261001-pages22-27.tsv"", ""raw_row"": 41, ""native_id"": """", ""observed_rank"": ""251""}]",awaiting_title_abstract_screening,,,2026-10-01,2026-09-30,,,
R3f561aef059e95d9,,Blockchain-based user-centric privacy-preserving framework for vehicular data sharing and monetization,https://www.sciencedirect.com/science/article/pii/S0045790626000017,,,,,"[""S01""]","[""privacy""]","[{""database"": ""Google Scholar"", ""query_id"": ""S01"", ""raw_source"": ""search-expansion-Scholar-S01-20261001-pages22-27.tsv"", ""raw_row"": 42, ""native_id"": """", ""observed_rank"": ""252""}]",awaiting_title_abstract_screening,,,2026-10-01,2026-09-30,,,
R4d1ba73f5fbc9116,,Conditional data-sharing privacy-preserving scheme in blockchain-based social internet of vehicles,https://ieeexplore.ieee.org/abstract/document/10660305/,,,,,"[""S01""]","[""privacy""]","[{""database"": ""Google Scholar"", ""query_id"": ""S01"", ""raw_source"": ""search-expansion-Scholar-S01-20261001-pages22-27.tsv"", ""raw_row"": 43, ""native_id"": """", ""observed_rank"": ""253""}]",awaiting_title_abstract_screening,,,2026-10-01,2026-09-30,,,
R8cd59f4876d946df,,A Blockchain–IoT–Edge Framework for Real-Time Patient Data Privacy and Management,https://ieeexplore.ieee.org/abstract/document/11410896/,,,,,"[""S01""]","[""privacy""]","[{""database"": ""Google Scholar"", ""query_id"": ""S01"", ""raw_source"": ""search-expansion-Scholar-S01-20261001-pages22-27.tsv"", ""raw_row"": 44, ""native_id"": """", ""observed_rank"": ""254""}]",awaiting_title_abstract_screening,,,2026-10-01,2026-09-30,,,
R33c35f8b6eb83b85,,The Role of Zero-Knowledge Proofs in Blockchain-Based Property Transactions to Ensure Data Privacy and Compliance with UK Regulations,https://hal.science/hal-05004457/,,,,,"[""S01""]","[""privacy""]","[{""database"": ""Google Scholar"", ""query_id"": ""S01"", ""raw_source"": ""search-expansion-Scholar-S01-20261001-pages22-27.tsv"", ""raw_row"": 45, ""native_id"": """", ""observed_rank"": ""255""}]",awaiting_title_abstract_screening,,,2026-10-01,2026-09-30,,,
R9200224d67adc15f,,Conditional privacy-preserving and efficient distributed IoV data sharing scheme based on a hierarchical and zonal blockchain,https://www.sciencedirect.com/science/article/pii/S2214209624001074,,,,,"[""S01""]","[""privacy""]","[{""database"": ""Google Scholar"", ""query_id"": ""S01"", ""raw_source"": ""search-expansion-Scholar-S01-20261001-pages22-27.tsv"", ""raw_row"": 46, ""native_id"": """", ""observed_rank"": ""256""}]",awaiting_title_abstract_screening,,,2026-10-01,2026-09-30,,,
Raa5b6e81ca6d6acc,,"Data Privacy, Security, and Ethical Considerations in AI and Blockchain Adoption",https://www.igi-global.com/chapter/data-privacy-security-and-ethical-considerations-in-ai-and-blockchain-adoption/407812,,,,,"[""S01""]","[""privacy""]","[{""database"": ""Google Scholar"", ""query_id"": ""S01"", ""raw_source"": ""search-expansion-Scholar-S01-20261001-pages22-27.tsv"", ""raw_row"": 47, ""native_id"": """", ""observed_rank"": ""257""}]",awaiting_title_abstract_screening,,,2026-10-01,2026-09-30,,,
R114be3170256d20f,,Integrating Artificial Intelligence and Blockchain for Secure Digital Evidence Management: Advances in Cyber Forensics and Data Privacy,https://assets-eu.researchsquare.com/files/rs-7793774/v1_covered_fd012b8c-34df-44c0-ab43-7e40032dcdfb.pdf,,,,,"[""S01""]","[""privacy""]","[{""database"": ""Google Scholar"", ""query_id"": ""S01"", ""raw_source"": ""search-expansion-Scholar-S01-20261001-pages22-27.tsv"", ""raw_row"": 48, ""native_id"": """", ""observed_rank"": ""258""}]",awaiting_title_abstract_screening,,,2026-10-01,2026-09-30,,,
R5369c1ebd4a0f017,,A secure and privacy blockchain-based data sharing scheme in mobile edge caching system,https://www.sciencedirect.com/science/article/pii/S0957417423020742,,,,,"[""S01""]","[""privacy""]","[{""database"": ""Google Scholar"", ""query_id"": ""S01"", ""raw_source"": ""search-expansion-Scholar-S01-20261001-pages22-27.tsv"", ""raw_row"": 49, ""native_id"": """", ""observed_rank"": ""259""}]",awaiting_title_abstract_screening,,,2026-10-01,2026-09-30,,,
R22e808030574c700,,A Hybrid Blockchain Framework for Securing Healthcare Data: Balancing Privacy and Scalability,https://link.springer.com/chapter/10.1007/978-981-96-8350-5_16,,,,,"[""S01""]","[""privacy""]","[{""database"": ""Google Scholar"", ""query_id"": ""S01"", ""raw_source"": ""search-expansion-Scholar-S01-20261001-pages22-27.tsv"", ""raw_row"": 50, ""native_id"": """", ""observed_rank"": ""260""}]",awaiting_title_abstract_screening,,,2026-10-01,2026-09-30,,,
Rbf5d035e795ac622,,Privacy-Preserving and Quantum-Resilient Blockchain Infrastructures for MuReQua Federated Micro Data Centers,https://www.mdpi.com/2079-9292/15/16/3575,,,,,"[""S01""]","[""privacy""]","[{""database"": ""Google Scholar"", ""query_id"": ""S01"", ""raw_source"": ""search-expansion-Scholar-S01-20261001-pages22-27.tsv"", ""raw_row"": 51, ""native_id"": """", ""observed_rank"": ""261""}]",awaiting_title_abstract_screening,,,2026-10-01,2026-09-30,,,
R0d940727679e42e6,,Blockchain-Based Mechanism for Privacy Data Integrity Protection in Pharmaceutical Supply Chains,https://ieeexplore.ieee.org/abstract/document/11495477/,,,,,"[""S01""]","[""privacy""]","[{""database"": ""Google Scholar"", ""query_id"": ""S01"", ""raw_source"": ""search-expansion-Scholar-S01-20261001-pages22-27.tsv"", ""raw_row"": 52, ""native_id"": """", ""observed_rank"": ""262""}]",awaiting_title_abstract_screening,,,2026-10-01,2026-09-30,,,
R2014ba380113d2ef,,A privacy‐preserving model for blockchain‐based data sharing in the industrial internet,https://onlinelibrary.wiley.com/doi/abs/10.1002/ett.4749,,,,,"[""S01""]","[""privacy""]","[{""database"": ""Google Scholar"", ""query_id"": ""S01"", ""raw_source"": ""search-expansion-Scholar-S01-20261001-pages22-27.tsv"", ""raw_row"": 53, ""native_id"": """", ""observed_rank"": ""263""}]",awaiting_title_abstract_screening,,,2026-10-01,2026-09-30,,,
R7b42868c7be05ecb,,Blockchain-Based Data Sharing for National Statistics Offices: A Survey and Privacy Governance Evaluated with the Five Safes Framework,https://www.mdpi.com/2227-7390/14/16/3009,,,,,"[""S01""]","[""privacy""]","[{""database"": ""Google Scholar"", ""query_id"": ""S01"", ""raw_source"": ""search-expansion-Scholar-S01-20261001-pages22-27.tsv"", ""raw_row"": 54, ""native_id"": """", ""observed_rank"": ""264""}]",awaiting_title_abstract_screening,,,2026-10-01,2026-09-30,,,
R73a2d26995c25282,,Wiretap resisting and privacy preserving data exchange with physical layer security and blockchain based authentication in Internet of Vehicles,https://www.sciencedirect.com/science/article/pii/S0141933123002090,,,,,"[""S01""]","[""privacy""]","[{""database"": ""Google Scholar"", ""query_id"": ""S01"", ""raw_source"": ""search-expansion-Scholar-S01-20261001-pages22-27.tsv"", ""raw_row"": 55, ""native_id"": """", ""observed_rank"": ""265""}]",awaiting_title_abstract_screening,,,2026-10-01,2026-09-30,,,
Ra5cc775fe0945b20,,AI and blockchain in e-commerce: An analysis of data security and privacy enhancements,https://pubs.aip.org/aip/acp/article-abstract/3432/1/040029/3395530,,,,,"[""S01""]","[""privacy""]","[{""database"": ""Google Scholar"", ""query_id"": ""S01"", ""raw_source"": ""search-expansion-Scholar-S01-20261001-pages22-27.tsv"", ""raw_row"": 56, ""native_id"": """", ""observed_rank"": ""266""}]",awaiting_title_abstract_screening,,,2026-10-01,2026-09-30,,,
Rf50b55454fa3545f,,The Significance of Data Privacy in Water Supply Chain and Blockchain Technology,https://onlinelibrary.wiley.com/doi/abs/10.1002/9781394417803.ch16,,,,,"[""S01""]","[""privacy""]","[{""database"": ""Google Scholar"", ""query_id"": ""S01"", ""raw_source"": ""search-expansion-Scholar-S01-20261001-pages22-27.tsv"", ""raw_row"": 57, ""native_id"": """", ""observed_rank"": ""267""}]",awaiting_title_abstract_screening,,,2026-10-01,2026-09-30,,,
Rb465ea13b23972ff,,"Securing Patient Data in IoT Devices: A Blockchain-NFT Approach for Privacy, Security, and Authentication.",https://www.scitepress.org/Papers/2024/127648/127648.pdf,,,,,"[""S01""]","[""privacy""]","[{""database"": ""Google Scholar"", ""query_id"": ""S01"", ""raw_source"": ""search-expansion-Scholar-S01-20261001-pages22-27.tsv"", ""raw_row"": 58, ""native_id"": """", ""observed_rank"": ""268""}]",awaiting_title_abstract_screening,,,2026-10-01,2026-09-30,,,
R7ba6ea9cd2a7fcc2,,A privacy-preserving and secure editable blockchain model for government data sharing: Y. Zhao et al.,https://link.springer.com/article/10.1007/s11227-025-07388-3,,,,,"[""S01""]","[""privacy""]","[{""database"": ""Google Scholar"", ""query_id"": ""S01"", ""raw_source"": ""search-expansion-Scholar-S01-20261001-pages22-27.tsv"", ""raw_row"": 59, ""native_id"": """", ""observed_rank"": ""269""}]",awaiting_title_abstract_screening,,,2026-10-01,2026-09-30,,,
R7f1abc7912a8b702,,Blockchain-assisted post-quantum privacy-preserving public auditing scheme to secure multimedia data in cloud storage,https://link.springer.com/article/10.1007/s10586-024-04412-8,,,,,"[""S01""]","[""privacy""]","[{""database"": ""Google Scholar"", ""query_id"": ""S01"", ""raw_source"": ""search-expansion-Scholar-S01-20261001-pages22-27.tsv"", ""raw_row"": 60, ""native_id"": """", ""observed_rank"": ""270""}]",awaiting_title_abstract_screening,,,2026-10-01,2026-09-30,,,
Rf37073444d93b004,,Blockchain for Medical Record Management: Ensuring Data Privacy and Integrity,https://papers.ssrn.com/sol3/papers.cfm?abstract_id=5238905,,,,,"[""S01""]","[""privacy""]","[{""database"": ""Google Scholar"", ""query_id"": ""S01"", ""raw_source"": ""search-expansion-Scholar-S01-20261001.tsv"", ""raw_row"": 1, ""native_id"": """", ""observed_rank"": ""181""}]",awaiting_title_abstract_screening,,,2026-10-01,2026-09-30,,,
R0ccc9c4d7faa67f2,,Blockchain-Enabled Cybersecurity and Data Privacy Solutions for Smart Cities,https://ieeexplore.ieee.org/abstract/document/11120069/,,,,,"[""S01""]","[""privacy""]","[{""database"": ""Google Scholar"", ""query_id"": ""S01"", ""raw_source"": ""search-expansion-Scholar-S01-20261001.tsv"", ""raw_row"": 2, ""native_id"": """", ""observed_rank"": ""182""}]",awaiting_title_abstract_screening,,,2026-10-01,2026-09-30,,,
R85019c39dc5c6f47,,A Zero-Knowledge Proof-Driven Architecture for Privacy-Preserving Data Trading on Blockchain,https://dl.acm.org/doi/abs/10.1145/3805044,,,,,"[""S01""]","[""privacy""]","[{""database"": ""Google Scholar"", ""query_id"": ""S01"", ""raw_source"": ""search-expansion-Scholar-S01-20261001.tsv"", ""raw_row"": 3, ""native_id"": """", ""observed_rank"": ""183""}]",awaiting_title_abstract_screening,,,2026-10-01,2026-09-30,,,
R1095cdde1c8e408a,,Publicly verify while hiding data: Privacy-aware streaming truth discovery with public verifiability in blockchain-enhanced crowdsensing,https://ieeexplore.ieee.org/iel8/10934812/10934772/10934893.pdf,,,,,"[""S01""]","[""privacy""]","[{""database"": ""Google Scholar"", ""query_id"": ""S01"", ""raw_source"": ""search-expansion-Scholar-S01-20261001.tsv"", ""raw_row"": 4, ""native_id"": """", ""observed_rank"": ""184""}]",awaiting_title_abstract_screening,,,2026-10-01,2026-09-30,,,
R2a210498a325e532,,Blockchain Technology as a Decentralized Solution for Data Security and Privacy: Applications Beyond Cryptocurrencies in Supply Chain Management and …,https://openurl.ebsco.com/EPDB%3Agcd%3A12%3A33093340/detailv2?sid=ebsco%3Aplink%3Ascholar&id=ebsco%3Agcd%3A180917750&crl=c&link_origin=sc.panda985.com,,,,,"[""S01""]","[""privacy""]","[{""database"": ""Google Scholar"", ""query_id"": ""S01"", ""raw_source"": ""search-expansion-Scholar-S01-20261001.tsv"", ""raw_row"": 5, ""native_id"": """", ""observed_rank"": ""185""}]",awaiting_title_abstract_screening,,,2026-10-01,2026-09-30,,,
R915a45e5cee1aec9,,Blockchain-Enabled Federated Learning for Privacy-Preserving Non-IID Data Sharing in Industrial Internet.,https://www.sciopen.com/local/article_pdf/10.32604/cmc.2024.052775.pdf,,,,,"[""S01""]","[""privacy""]","[{""database"": ""Google Scholar"", ""query_id"": ""S01"", ""raw_source"": ""search-expansion-Scholar-S01-20261001.tsv"", ""raw_row"": 6, ""native_id"": """", ""observed_rank"": ""186""}]",awaiting_title_abstract_screening,,,2026-10-01,2026-09-30,,,
Re2c14feee859b5a6,,A Blockchain-Based Privacy-Preserving Auditable Data Structure Framework,https://ieeexplore.ieee.org/abstract/document/10664258/,,,,,"[""S01""]","[""privacy""]","[{""database"": ""Google Scholar"", ""query_id"": ""S01"", ""raw_source"": ""search-expansion-Scholar-S01-20261001.tsv"", ""raw_row"": 7, ""native_id"": """", ""observed_rank"": ""187""}]",awaiting_title_abstract_screening,,,2026-10-01,2026-09-30,,,
R1d1766cae8cb5831,,Redundant data detection and deletion to meet privacy protection requirements in blockchain-based edge computing environment,https://ieeexplore.ieee.org/iel7/6245522/10488111/10488133.pdf,,,,,"[""S01""]","[""privacy""]","[{""database"": ""Google Scholar"", ""query_id"": ""S01"", ""raw_source"": ""search-expansion-Scholar-S01-20261001.tsv"", ""raw_row"": 8, ""native_id"": """", ""observed_rank"": ""188""}]",awaiting_title_abstract_screening,,,2026-10-01,2026-09-30,,,
R1e5f82599d313434,,Internet of Things Data Privacy and Security-Based on Blockchain Technology,https://link.springer.com/chapter/10.1007/978-3-031-62881-8_5,,,,,"[""S01""]","[""privacy""]","[{""database"": ""Google Scholar"", ""query_id"": ""S01"", ""raw_source"": ""search-expansion-Scholar-S01-20261001.tsv"", ""raw_row"": 9, ""native_id"": """", ""observed_rank"": ""189""}]",awaiting_title_abstract_screening,,,2026-10-01,2026-09-30,,,
R4d529ac2fdd64c0c,,Blockchain-cloud privacy-enhanced distributed industrial data trading based on verifiable credentials,https://link.springer.com/article/10.1186/s13677-023-00530-7,,,,,"[""S01""]","[""privacy""]","[{""database"": ""Google Scholar"", ""query_id"": ""S01"", ""raw_source"": ""search-expansion-Scholar-S01-20261001.tsv"", ""raw_row"": 10, ""native_id"": """", ""observed_rank"": ""190""}]",awaiting_title_abstract_screening,,,2026-10-01,2026-09-30,,,
R3b846388f3b9018e,,Designing Blockchain Solutions to Enhance Data Security and Privacy in Distributed IoT Networks,https://ieeexplore.ieee.org/abstract/document/11258568/,,,,,"[""S01""]","[""privacy""]","[{""database"": ""Google Scholar"", ""query_id"": ""S01"", ""raw_source"": ""search-expansion-Scholar-S01-20261001.tsv"", ""raw_row"": 11, ""native_id"": """", ""observed_rank"": ""191""}]",awaiting_title_abstract_screening,,,2026-10-01,2026-09-30,,,
Rca0dc08dd9878f94,,A Privacy-Preserving Blockchain and Machine Learning Framework for Secure Next-Generation Genomic Data Analysis,https://journals.zuj.edu.jo/ijasca/PapersUploaded/2026.1.6.pdf,,,,,"[""S01""]","[""privacy""]","[{""database"": ""Google Scholar"", ""query_id"": ""S01"", ""raw_source"": ""search-expansion-Scholar-S01-20261001.tsv"", ""raw_row"": 12, ""native_id"": """", ""observed_rank"": ""192""}]",awaiting_title_abstract_screening,,,2026-10-01,2026-09-30,,,
R9a58195b8dfe4eb8,,A blockchain-based privacy-preserving anti-collusion data auction mechanism with an off-chain approach,https://link.springer.com/article/10.1007/s11227-023-05736-9,,,,,"[""S01""]","[""privacy""]","[{""database"": ""Google Scholar"", ""query_id"": ""S01"", ""raw_source"": ""search-expansion-Scholar-S01-20261001.tsv"", ""raw_row"": 13, ""native_id"": """", ""observed_rank"": ""193""}]",awaiting_title_abstract_screening,,,2026-10-01,2026-09-30,,,
R1d6519c7f4b20007,,Research on a Blockchain Adaptive Differential Privacy Mechanism for Medical Data Protection,https://www.mdpi.com/1999-5903/17/12/539,,,,,"[""S01""]","[""privacy""]","[{""database"": ""Google Scholar"", ""query_id"": ""S01"", ""raw_source"": ""search-expansion-Scholar-S01-20261001.tsv"", ""raw_row"": 14, ""native_id"": """", ""observed_rank"": ""194""}]",awaiting_title_abstract_screening,,,2026-10-01,2026-09-30,,,
R41fc35b23a9aac54,,Cypherchain: A privacy-preserving data aggregation framework for blockchain-based dr programs,https://ieeexplore.ieee.org/abstract/document/10634420/,,,,,"[""S01""]","[""privacy""]","[{""database"": ""Google Scholar"", ""query_id"": ""S01"", ""raw_source"": ""search-expansion-Scholar-S01-20261001.tsv"", ""raw_row"": 15, ""native_id"": """", ""observed_rank"": ""195""}]",awaiting_title_abstract_screening,,,2026-10-01,2026-09-30,,,
R9796e29df3f31174,,Privacy-aware quantum convolutional neural network for blockchain-based IoT health care data,https://journals.sagepub.com/doi/abs/10.3233/IDT-230386,,,,,"[""S01""]","[""privacy""]","[{""database"": ""Google Scholar"", ""query_id"": ""S01"", ""raw_source"": ""search-expansion-Scholar-S01-20261001.tsv"", ""raw_row"": 16, ""native_id"": """", ""observed_rank"": ""196""}]",awaiting_title_abstract_screening,,,2026-10-01,2026-09-30,,,
R21dd941235475575,,hChain: Blockchain Based Large Scale EHR Data Sharing with Enhanced Security and Privacy,https://arxiv.org/abs/2505.12610,,,,,"[""S01""]","[""privacy""]","[{""database"": ""Google Scholar"", ""query_id"": ""S01"", ""raw_source"": ""search-expansion-Scholar-S01-20261001.tsv"", ""raw_row"": 17, ""native_id"": """", ""observed_rank"": ""197""}]",awaiting_title_abstract_screening,,,2026-10-01,2026-09-30,,,
R70c7d27a2d6e5f63,,Blockchain-assisted efficient data sharing scheme with accountability and privacy-preserving for Internet of Drones networks,https://ieeexplore.ieee.org/abstract/document/10711300/,,,,,"[""S01""]","[""privacy""]","[{""database"": ""Google Scholar"", ""query_id"": ""S01"", ""raw_source"": ""search-expansion-Scholar-S01-20261001.tsv"", ""raw_row"": 18, ""native_id"": """", ""observed_rank"": ""198""}]",awaiting_title_abstract_screening,,,2026-10-01,2026-09-30,,,
Ra35459dbbaa6be7f,,A novel secure privacy-preserving data sharing model with deep-based key generation on the blockchain network in the cloud,https://www.sciencedirect.com/science/article/pii/S0920548924001016,,,,,"[""S01""]","[""privacy""]","[{""database"": ""Google Scholar"", ""query_id"": ""S01"", ""raw_source"": ""search-expansion-Scholar-S01-20261001.tsv"", ""raw_row"": 19, ""native_id"": """", ""observed_rank"": ""199""}]",awaiting_title_abstract_screening,,,2026-10-01,2026-09-30,,,
Rce49c6584ce161aa,,Blockchain model for authentication and access control-based data privacy in EHR system under mobile cloud platform,https://www.inderscienceonline.com/doi/abs/10.1504/IJWMC.2025.147647,,,,,"[""S01""]","[""privacy""]","[{""database"": ""Google Scholar"", ""query_id"": ""S01"", ""raw_source"": ""search-expansion-Scholar-S01-20261001.tsv"", ""raw_row"": 20, ""native_id"": """", ""observed_rank"": ""200""}]",awaiting_title_abstract_screening,,,2026-10-01,2026-09-30,,,
R3cf07ff31ad6cfc3,,Privacy-preserving poisoning-resistant blockchain-based federated learning for data sharing in the internet of medical things,https://www.mdpi.com/2076-3417/15/10/5472,,,,,"[""S01""]","[""privacy""]","[{""database"": ""Google Scholar"", ""query_id"": ""S01"", ""raw_source"": ""search-expansion-Scholar-S01-20261001.tsv"", ""raw_row"": 21, ""native_id"": """", ""observed_rank"": ""201""}]",awaiting_title_abstract_screening,,,2026-10-01,2026-09-30,,,
R388c2cc84d8745a7,,Data privacy in the age of blockchain: Balancing transparency and confidentiality in financial transactions,https://ijrems.org/index.php/files/article/view/1,,,,,"[""S01""]","[""privacy""]","[{""database"": ""Google Scholar"", ""query_id"": ""S01"", ""raw_source"": ""search-expansion-Scholar-S01-20261001.tsv"", ""raw_row"": 22, ""native_id"": """", ""observed_rank"": ""202""}]",awaiting_title_abstract_screening,,,2026-10-01,2026-09-30,,,
Re8de807abcb42887,,The role of blockchain technology in enhancing data security and privacy in information systems: a systematic literature review,https://www.bussecon.com/ojs/index.php/ijbes/article/view/963,,,,,"[""S01""]","[""privacy""]","[{""database"": ""Google Scholar"", ""query_id"": ""S01"", ""raw_source"": ""search-expansion-Scholar-S01-20261001.tsv"", ""raw_row"": 23, ""native_id"": """", ""observed_rank"": ""203""}]",awaiting_title_abstract_screening,,,2026-10-01,2026-09-30,,,
Rb5295ba4ee83d187,,Navigating Blockchain Challenges: A Comprehensive Exploration of Cybersecurity and Data Privacy in the Digital Era,https://www.researchgate.net/profile/Mihnea-Nicolae/publication/380991139_Navigating_Blockchain_Challenges_A_Comprehensive_Exploration_of_Cybersecurity_and_Data_Privacy_in_the_Digital_Era/links/68dd15edffdca73694b4b6ed/Navigating-Blockchain-Challenges-A-Comprehensive-Exploration-of-Cybersecurity-and-Data-Privacy-in-the-Digital-Era.pdf,,,,,"[""S01""]","[""privacy""]","[{""database"": ""Google Scholar"", ""query_id"": ""S01"", ""raw_source"": ""search-expansion-Scholar-S01-20261001.tsv"", ""raw_row"": 24, ""native_id"": """", ""observed_rank"": ""204""}]",awaiting_title_abstract_screening,,,2026-10-01,2026-09-30,,,
R5bc0ca2a37a33dd9,,"The Role of Privacy, Data Integrity, and Accountability in Blockchain Systems: A Comprehensive Analysis",https://api.taylorfrancis.com/content/chapters/edit/download?identifierName=doi&identifierValue=10.1201/9781003559269-3&type=chapterpdf,,,,,"[""S01""]","[""privacy""]","[{""database"": ""Google Scholar"", ""query_id"": ""S01"", ""raw_source"": ""search-expansion-Scholar-S01-20261001.tsv"", ""raw_row"": 25, ""native_id"": """", ""observed_rank"": ""205""}]",awaiting_title_abstract_screening,,,2026-10-01,2026-09-30,,,
R90eea9dcf81ecfce,,Enhancing data security and privacy in electronic health records with blockchain technology,https://ieeexplore.ieee.org/abstract/document/10841078/,,,,,"[""S01""]","[""privacy""]","[{""database"": ""Google Scholar"", ""query_id"": ""S01"", ""raw_source"": ""search-expansion-Scholar-S01-20261001.tsv"", ""raw_row"": 26, ""native_id"": """", ""observed_rank"": ""206""}]",awaiting_title_abstract_screening,,,2026-10-01,2026-09-30,,,
Rdd069e5403c5c484,,Efficient privacy preserving cloud data sharing with blockchain-assisted access control and periodic integrity checking,https://www.nature.com/articles/s41598-026-63922-0,,,,,"[""S01""]","[""privacy""]","[{""database"": ""Google Scholar"", ""query_id"": ""S01"", ""raw_source"": ""search-expansion-Scholar-S01-20261001.tsv"", ""raw_row"": 27, ""native_id"": """", ""observed_rank"": ""207""}]",awaiting_title_abstract_screening,,,2026-10-01,2026-09-30,,,
R0ca5dd41e14e8c22,,Blockchain-enabled one-stop efficient data retrieval privacy protection mechanism industry 4.0,https://link.springer.com/article/10.1007/s11227-025-07746-1,,,,,"[""S01""]","[""privacy""]","[{""database"": ""Google Scholar"", ""query_id"": ""S01"", ""raw_source"": ""search-expansion-Scholar-S01-20261001.tsv"", ""raw_row"": 28, ""native_id"": """", ""observed_rank"": ""208""}]",awaiting_title_abstract_screening,,,2026-10-01,2026-09-30,,,
R86f02178f167f936,,Ensuring the privacy and security of IoT-medical data: a hybrid deep learning-based encryption and blockchain-enabled transmission,https://link.springer.com/article/10.1007/s11042-023-18043-5,,,,,"[""S01""]","[""privacy""]","[{""database"": ""Google Scholar"", ""query_id"": ""S01"", ""raw_source"": ""search-expansion-Scholar-S01-20261001.tsv"", ""raw_row"": 29, ""native_id"": """", ""observed_rank"": ""209""}]",awaiting_title_abstract_screening,,,2026-10-01,2026-09-30,,,
Raa6533080435fbf0,,Blockchain powered IoT solutions for privacy preserving healthcare data management,https://ieeexplore.ieee.org/abstract/document/11070484/,,,,,"[""S01""]","[""privacy""]","[{""database"": ""Google Scholar"", ""query_id"": ""S01"", ""raw_source"": ""search-expansion-Scholar-S01-20261001.tsv"", ""raw_row"": 30, ""native_id"": """", ""observed_rank"": ""210""}]",awaiting_title_abstract_screening,,,2026-10-01,2026-09-30,,,
