study_id,collection,review_group,group_basis,title_bibtex,authors_bibtex,extraction_year,bibliography_year,doi,publication_url,application,reported_approach,reported_contribution,reported_platform,reported_software_link,reported_evaluation,evidence_boundary,primary_text_source_url,primary_text_evidence_location,query_id_observed,native_record,source_table,source_extraction_file,source_record_number,verification_scope
2015-decentralizing-privacy,historical,privacy,original_extraction_group,{Decentralizing Privacy: Using Blockchain to Protect Personal Data},"Zyskind, Guy and Nathan, Oz and Pentland, Alex",2015,2015,10.1109/spw.2015.27,https://doi.org/10.1109/spw.2015.27,Personal Data,"Data Encryption, Off-chain Storage and Access Control",A decentralized personal data management system with access-control,N/A,N/A,,,,,,,tab:privacy-works,historical-extraction.csv,1,"Reflects revised LaTeX; publication_year retains original extraction label, which may differ from final issue year; selected corrections applied; original platform/software fields not fully revalidated"
2016-healthcare-data-gateways,historical,privacy,original_extraction_group,{Healthcare Data Gateways: Found Healthcare Intelligence on Blockchain with Novel Privacy Risk Control},"Yue, Xiao and Wang, Huiju and Jin, Dawei and Li, Mingqiang and Jiang, Wei",2016,2016,10.1007/s10916-016-0574-6,https://doi.org/10.1007/s10916-016-0574-6,Healthcare,MPC discussed as a possible extension,"Patient-managed, purpose-centric access to healthcare data",N/A,N/A,,,,,,,tab:privacy-works,historical-extraction.csv,2,"Reflects revised LaTeX; publication_year retains original extraction label, which may differ from final issue year; selected corrections applied; original platform/software fields not fully revalidated"
2017-provchain,historical,privacy,original_extraction_group,ProvChain: A Blockchain-Based Data Provenance Architecture in Cloud Environment with Enhanced Privacy and Availability,"Liang, Xueping and Shetty, Sachin and Tosh, Deepak and Kamhoua, Charles and Kwiat, Kevin and Njilla, Laurent",2017,2017,10.1109/ccgrid.2017.8,https://doi.org/10.1109/ccgrid.2017.8,Cloud Storage,Hashed user ID (pseudonymization),A blockchain-based system for securing and auditing cloud data provenance,N/A,N/A,,,,,,,tab:privacy-works,historical-extraction.csv,3,"Reflects revised LaTeX; publication_year retains original extraction label, which may differ from final issue year; selected corrections applied; original platform/software fields not fully revalidated"
2017-Medibchain,historical,privacy,original_extraction_group,{MediBchain: A Blockchain Based Privacy Preserving Platform for Healthcare Data},"Omar, Abdullah Al and Rahman, Mohammad Shahriar and Basu, Anirban and Kiyomoto, Shinsaku",2017,2017,10.1007/978-3-319-72395-2\_49,https://doi.org/10.1007/978-3-319-72395-2\_49,Healthcare,Data Encryption and Access Control,Patient-centered healthcare data management system,N/A,N/A,,,,,,,tab:privacy-works,historical-extraction.csv,4,"Reflects revised LaTeX; publication_year retains original extraction label, which may differ from final issue year; selected corrections applied; original platform/software fields not fully revalidated"
2018-BPDS,historical,privacy,original_extraction_group,BPDS: A blockchain based privacy-preserving data sharing for electronic medical records,"Liu, Jingwei and Li, Xiaolu and Ye, Lin and Zhang, Hongli and Du, Xiaojiang and Guizani, Mohsen",2018,2018,,,Healthcare,Public Key Encryption and CP-ABE-based Access Control,A system that utilizes both cloud storage and blockchain technology to protect EMRs with CP-ABE-based Access Control Mechanism,N/A,N/A,,,,,,,tab:privacy-works,historical-extraction.csv,5,"Reflects revised LaTeX; publication_year retains original extraction label, which may differ from final issue year; selected corrections applied; original platform/software fields not fully revalidated"
2018-towards-secure,historical,privacy,original_extraction_group,{Towards Secure and Privacy-Preserving Data Sharing in e-Health Systems via Consortium Blockchain},"Zhang, Aiqing and Lin, Xiaodong",2018,2018,10.1007/s10916-018-0995-5,https://doi.org/10.1007/s10916-018-0995-5,Healthcare,Public Key Encryption with Keyword Search (PEKS),A blockchain-based system for preserving the privacy of personal health information (PHI),Ethereum,N/A,,,,,,,tab:privacy-works,historical-extraction.csv,6,"Reflects revised LaTeX; publication_year retains original extraction label, which may differ from final issue year; selected corrections applied; original platform/software fields not fully revalidated"
2020-privacy-remote-iot,historical,privacy,original_extraction_group,{Blockchain-based privacy-preserving remote data integrity checking scheme for IoT information systems},"Zhao, Quanyu and Chen, Siyi and Liu, Zheli and Baker, Thar and Zhang, Yuan",2020,2020,10.1016/j.ipm.2020.102355,https://doi.org/10.1016/j.ipm.2020.102355,Internet of Things,Lifted EC-ElGamal Cryptosystem and Bilinear pairing,A scheme to protect the data privacy of the IoT systems,N/A,N/A,,,,,,,tab:privacy-works,historical-extraction.csv,7,"Reflects revised LaTeX; publication_year retains original extraction label, which may differ from final issue year; selected corrections applied; original platform/software fields not fully revalidated"
2020-privy-sharing,historical,privacy,original_extraction_group,{PrivySharing: A blockchain-based framework for privacy-preserving and secure data sharing in smart cities},"Makhdoom, Imran and Zhou, Ian and Abolhasan, Mehran and Lipman, Justin and Ni, Wei",2020,2020,10.1016/j.cose.2019.101653,https://doi.org/10.1016/j.cose.2019.101653,Internet of Things,Data Encryption and Hyperledger Fabric Channels,Framework to share IoT data with privacy preservation through the use of channels and smart contracts,Hyperledger Fabric,N/A,,,,,,,tab:privacy-works,historical-extraction.csv,8,"Reflects revised LaTeX; publication_year retains original extraction label, which may differ from final issue year; selected corrections applied; original platform/software fields not fully revalidated"
2021-edge-light-smart-grid,historical,privacy,original_extraction_group,{Edge Blockchain Assisted Lightweight Privacy-Preserving Data Aggregation for Smart Grid},"Lu, Weifeng and Ren, Zhihao and Xu, Jia and Chen, Siguang",2021,2021,10.1109/tnsm.2020.3048822,https://doi.org/10.1109/tnsm.2020.3048822,Smart Grid,Homomorphic Encryption,Privacy-preserving data aggregation scheme for use in smart grid,N/A,N/A,,,,,,,tab:privacy-works,historical-extraction.csv,9,"Reflects revised LaTeX; publication_year retains original extraction label, which may differ from final issue year; selected corrections applied; original platform/software fields not fully revalidated"
2021-privacy-fog-iot,historical,privacy,original_extraction_group,{Privacy protection for fog computing and the internet of things data based on blockchain},"Liu, Yanhui and Zhang, Jianbiao and Zhan, Jing",2021,2021,10.1007/s10586-020-03190-3,https://doi.org/10.1007/s10586-020-03190-3,Internet of Things,Access control Policies and Encryption,Framework for secure access control of IoT data using blockchain technology,Hyperledger Fabric,N/A,,,,,,,tab:privacy-works,historical-extraction.csv,10,"Reflects revised LaTeX; publication_year retains original extraction label, which may differ from final issue year; selected corrections applied; original platform/software fields not fully revalidated"
2021-data-priv-iot,historical,privacy,original_extraction_group,{A data privacy protection scheme for Internet of things based on blockchain},"Gong, Jing and Mei, Yurong and Xiang, Feng and Hong, Hanshu and Sun, Yibo and Sun, Zhixin",2021,2021,10.1002/ett.4010,https://doi.org/10.1002/ett.4010,Internet of Things,Anonymization and Data Encryption,Privacy protection scheme for the IoT using encryption,N/A,N/A,,,,,,,tab:privacy-works,historical-extraction.csv,11,"Reflects revised LaTeX; publication_year retains original extraction label, which may differ from final issue year; selected corrections applied; original platform/software fields not fully revalidated"
2021-data-sec-sharing,historical,privacy,original_extraction_group,{Data security sharing model based on privacy protection for blockchain-enabled industrial Internet of Things},"Zhang, Qikun and Li, Yongjiao and Wang, Ruifang and Liu, Lu and Tan, Yu-an and Hu, Jingjing",2021,2021,10.1002/int.22293,https://doi.org/10.1002/int.22293,Industrial Internet of Things,Encryption and Hidden Attribute Authentication,Privacy protection model for IIoT applications,N/A,N/A,,,,,,,tab:privacy-works,historical-extraction.csv,12,"Reflects revised LaTeX; publication_year retains original extraction label, which may differ from final issue year; selected corrections applied; original platform/software fields not fully revalidated"
2021-drone-big-data,historical,privacy,original_extraction_group,{Analysis of Using Blockchain to Protect the Privacy of Drone Big Data},"Lv, Zhihan and Qiao, Liang and Hossain, M. Shamim and Choi, Bong Jun",2021,2021,10.1109/mnet.011.2000154,https://doi.org/10.1109/mnet.011.2000154,UAV big data,"Encryption, Threshold Scheme, NTRU Cryptosystem,",Privacy protection scheme for UAV big data,N/A,N/A,,,,,,,tab:privacy-works,historical-extraction.csv,13,"Reflects revised LaTeX; publication_year retains original extraction label, which may differ from final issue year; selected corrections applied; original platform/software fields not fully revalidated"
2021-homomo-enc-smart-grid,historical,privacy,original_extraction_group,{Blockchain and homomorphic encryption-based privacy-preserving data aggregation model in smart grid},"Singh, Parminder and Masud, Mehedi and Hossain, M. Shamim and Kaur, Avinash",2021,2021,10.1016/j.compeleceng.2021.107209,https://doi.org/10.1016/j.compeleceng.2021.107209,Smart Grid,Homomorphic Encryption,Homomorphic encryption-based data aggregation (BHDA) scheme,N/A,N/A,,,,,,,tab:privacy-works,historical-extraction.csv,14,"Reflects revised LaTeX; publication_year retains original extraction label, which may differ from final issue year; selected corrections applied; original platform/software fields not fully revalidated"
2021-hOCBS,historical,privacy,original_extraction_group,{hOCBS: A privacy-preserving blockchain framework for healthcare data leveraging an on-chain and off-chain system design},"Miyachi, Ken and Mackey, Tim K.",2021,2021,10.1016/j.ipm.2021.102535,https://doi.org/10.1016/j.ipm.2021.102535,Healthcare,Privacy-oriented on-chain/ off-chain design,Hybrid privacy-preserving framework for off-chain and on-chain systems (hOCBS) for healthcare data management,N/A,N/A,,,,,,,tab:privacy-works,historical-extraction.csv,15,"Reflects revised LaTeX; publication_year retains original extraction label, which may differ from final issue year; selected corrections applied; original platform/software fields not fully revalidated"
2021-sp-chain,historical,privacy,original_extraction_group,{SPChain: Blockchain-based medical data sharing and privacy-preserving eHealth system},"Zou, Renpeng and Lv, Xixiang and Zhao, Jingsong",2021,2021,10.1016/j.ipm.2021.102604,https://doi.org/10.1016/j.ipm.2021.102604,Healthcare,Proxy Re-encryption Scheme,A blockchain-based system to enable patients and doctors to share data,N/A,N/A,,,,,,,tab:privacy-works,historical-extraction.csv,16,"Reflects revised LaTeX; publication_year retains original extraction label, which may differ from final issue year; selected corrections applied; original platform/software fields not fully revalidated"
2021-priv-gov-soc,historical,privacy,original_extraction_group,Privacy preserving in blockchain-based government data sharing: A Service-On-Chain (SOC) approach,"Piao, Chunhui and Hao, Yurong and Yan, Jiaqi and Jiang, Xuehong",2021,2021,,,Government,Smart Contracts to Validate Permission Settings,Government data sharing in a consortium blockchain system,Hyperledger Fabric,N/A,,,,,,,tab:privacy-works,historical-extraction.csv,17,"Reflects revised LaTeX; publication_year retains original extraction label, which may differ from final issue year; selected corrections applied; original platform/software fields not fully revalidated"
2021-data-privacy-based-iot,historical,privacy,original_extraction_group,{Data Privacy Based on IoT Device Behavior Control Using Blockchain},"Loukil, Faiza and Ghedira-Guegan, Chirine and Boukadi, Khouloud and Benharkat, A\""{\i}cha-Nabila and Benkhelifa, Elhadj",2021,2021,10.1145/3434776,https://doi.org/10.1145/3434776,Internet of Things,Smart Contracts to Validate Permission Settings,Privacy-Preserving Framework for IoT device management using blockchain technology,Ethereum,N/A,,,,,,,tab:privacy-works-2,historical-extraction.csv,18,"Reflects revised LaTeX; publication_year retains original extraction label, which may differ from final issue year; selected corrections applied; original platform/software fields not fully revalidated"
2021-medshare,historical,privacy,original_extraction_group,{MedShare: A Privacy-Preserving Medical Data Sharing System by Using Blockchain},"Wang, Mingyue and Guo, Yu and Zhang, Chen and Wang, Cong and Huang, Hejiao and Jia, Xiaohua",2021,2023,10.1109/tsc.2021.3114719,https://doi.org/10.1109/tsc.2021.3114719,Healthcare,Attribute-based Encryption Scheme,Design and implementation of a multi-keyword boolean search operation over encrypted EHRs,Ethereum,https://github.com/groupjia/ medshare2021,,,,,,,tab:privacy-works-2,historical-extraction.csv,19,"Reflects revised LaTeX; publication_year retains original extraction label, which may differ from final issue year; selected corrections applied; original platform/software fields not fully revalidated"
2021-priv-iot-homo,historical,privacy,original_extraction_group,{Privacy-Preserving IoT Data Aggregation Based on Blockchain and Homomorphic Encryption},"Loukil, Faiza and Ghedira-Guegan, Chirine and Boukadi, Khouloud and Benharkat, A\""{\i}cha-Nabila",2021,2021,10.3390/s21072452,https://doi.org/10.3390/s21072452,Internet of Things,Homomorphic Encryption,Homomorphic encryption-based privacy-preserving IoT data aggregation scheme,Ethereum,https://github.com/Floukil/ E2EAggregation,,,,,,,tab:privacy-works-2,historical-extraction.csv,20,"Reflects revised LaTeX; publication_year retains original extraction label, which may differ from final issue year; selected corrections applied; original platform/software fields not fully revalidated"
2021-system-medical-data-privacy,historical,privacy,original_extraction_group,{A blockchain-based preserving and sharing system for medical data privacy},"Chen, Zeng and Xu, Weidong and Wang, Bingtao and Yu, Hua",2021,2021,10.1016/j.future.2021.05.023,https://doi.org/10.1016/j.future.2021.05.023,Healthcare,Proxy Re-encryption Scheme,"A blockchain-based medical data information system for secure collection, storage, query, and sharing",Hyperledger Fabric,https://github.com/nanodaemony/ medicalledger,,,,,,,tab:privacy-works-2,historical-extraction.csv,21,"Reflects revised LaTeX; publication_year retains original extraction label, which may differ from final issue year; selected corrections applied; original platform/software fields not fully revalidated"
2021-medical-data-sharing,historical,privacy,original_extraction_group,{A Blockchain-Based Medical Data Sharing Mechanism with Attribute-Based Access Control and Privacy Protection},"Chen, Yingwen and Meng, Linghang and Zhou, Huan and Xue, Guangtao",2021,2021,10.1155/2021/6685762,https://doi.org/10.1155/2021/6685762,Healthcare,K-anonymity and Searchable Encryption,"Privacy-preserving medical data sharing scheme using K-anonymity, searchable encryption, and ABAC",Hyperledger Fabric,https://github.com/mythsand/ privacy-preserving-medical-data,,,,,,,tab:privacy-works-2,historical-extraction.csv,22,"Reflects revised LaTeX; publication_year retains original extraction label, which may differ from final issue year; selected corrections applied; original platform/software fields not fully revalidated"
2020-covid-privacy,historical,privacy,original_extraction_group,{Towards Secure and Privacy-Preserving Data Sharing for COVID-19 Medical Records: A Blockchain-Empowered Approach},"Tan, Liang and Yu, Keping and Shi, Na and Yang, Caixia and Wei, Wei and Lu, Huimin",2022,2022,10.1109/tnse.2021.3101842,https://doi.org/10.1109/tnse.2021.3101842,Healthcare,Attribute-based encryption scheme,Proposed a scheme for secure and private storage and sharing of COVID-19 EMRs,Ethereum,N/A,,,,,,,tab:privacy-works-2,historical-extraction.csv,23,"Reflects revised LaTeX; publication_year retains original extraction label, which may differ from final issue year; selected corrections applied; original platform/software fields not fully revalidated"
2022-enterprise-ds-fabric-iot,historical,privacy,original_extraction_group,Enterprise data sharing with privacy-preserved based on hyperledger fabric blockchain in IIOT's application,"Chen, Chin-Ling and Yang, Jiaxin and Tsaur, Woei-Jiunn and Weng, Wei and Wu, Chih-Ming and Wei, Xiaojun",2022,2022,,,Industrial Internet of Things,Data Encryption and Hyperledger Fabric Channels,Scheme to protect privacy in IIOT applications,Hyperledger Fabric,N/A,,,,,,,tab:privacy-works-2,historical-extraction.csv,24,"Reflects revised LaTeX; publication_year retains original extraction label, which may differ from final issue year; selected corrections applied; original platform/software fields not fully revalidated"
2022-scalable-bc-model-ipfs,historical,privacy,original_extraction_group,Scalable blockchain model using off-chain IPFS storage for healthcare data security and privacy,"Jayabalan, Jayapriya and Jeyanthi, N",2022,2022,,,Healthcare,Data Encryption and Patient Permission,Framework for secure EHR management in healthcare,N/A,N/A,,,,,,,tab:privacy-works-2,historical-extraction.csv,25,"Reflects revised LaTeX; publication_year retains original extraction label, which may differ from final issue year; selected corrections applied; original platform/software fields not fully revalidated"
2021-cp-bdhca,historical,privacy,original_extraction_group,CP-BDHCA: Blockchain-based Confidentiality-Privacy preserving Big Data scheme for healthcare clouds and applications,"Ghayvat, Hemant and Pandya, Sharnil and Bhattacharya, Pronaya and Zuhair, Mohd and Rashid, Mamoon and Hakak, Saqib and Dev, Kapal",2022,2022,10.1109/jbhi.2021.3097237,https://doi.org/10.1109/jbhi.2021.3097237,Healthcare,Elliptic Curve Cryptographic and Two-step Authentication,"Privacy-preserving scheme combining blockchain, ECC, and 2FA",N/A,N/A,,,,,,,tab:privacy-works-2,historical-extraction.csv,26,"Reflects revised LaTeX; publication_year retains original extraction label, which may differ from final issue year; selected corrections applied; original platform/software fields not fully revalidated"
2022-bc-based-privacy-pres-reward,historical,privacy,original_extraction_group,Blockchain-based privacy-preserving and rewarding private data sharing for IoT,"Li, Tian and Wang, Huaqun and He, Debiao and Yu, Jia",2022,2022,10.1109/jiot.2022.3147925,https://doi.org/10.1109/jiot.2022.3147925,Internet of Things,Deniable ring signatures and Monero,Reported targets: behavior-profile building prevention and nonframeability,Hyperledger Fabric,N/A,,,,,,,tab:privacy-works-2,historical-extraction.csv,27,"Reflects revised LaTeX; publication_year retains original extraction label, which may differ from final issue year; selected corrections applied; original platform/software fields not fully revalidated"
10.1109/tr.2022.3190932,historical,privacy,original_extraction_group,{PDPChain}: A Consortium Blockchain-Based Privacy Protection Scheme for Personal Data,Wei Liang and Yang Yang and Ce Yang and Yonghua Hu and Songyou Xie and Kuan-Ching Li and Jiannong Cao,2023,2023,10.1109/tr.2022.3190932,https://doi.org/10.1109/tr.2022.3190932,Personal Data,Homomorphic Encryption,,,,,,,,,,tab:privacy-works-2,historical-extraction.csv,28,"Reflects revised LaTeX; publication_year retains original extraction label, which may differ from final issue year; selected corrections applied; original platform/software fields not fully revalidated"
10.1109/jiot.2023.3242959,historical,privacy,original_extraction_group,Permissioned Blockchain-Based Secure and Privacy-Preserving Data Sharing Protocol,Zhiwei Wang and Qingqing Chen and Lei Liu,2023,2023,10.1109/jiot.2023.3242959,https://doi.org/10.1109/jiot.2023.3242959,Personal Data,ElGamal commitments and one-out-of-many proof,,,,,,,,,,tab:privacy-works-2,historical-extraction.csv,29,"Reflects revised LaTeX; publication_year retains original extraction label, which may differ from final issue year; selected corrections applied; original platform/software fields not fully revalidated"
10.1109/tifs.2023.3297327,historical,privacy,original_extraction_group,Designated-Verifier Aggregate Signature Scheme With Sensitive Data Privacy Protection for Permissioned Blockchain-Assisted {IIoT},Tian Li and Huaqun Wang and Debiao He and Jia Yu,2023,2023,10.1109/tifs.2023.3297327,https://doi.org/10.1109/tifs.2023.3297327,Industrial IoT,Sanitizable designated-verifier signatures,,,,,,,,,,tab:privacy-works-2,historical-extraction.csv,30,"Reflects revised LaTeX; publication_year retains original extraction label, which may differ from final issue year; selected corrections applied; original platform/software fields not fully revalidated"
10.1007/s12083-023-01521-w,historical,privacy,original_extraction_group,Privacy-preserving cloud data sharing for healthcare systems with hybrid blockchain,Raghav and Nitish Andola and S Venkatesan and Shekhar Verma,2023,2023,10.1007/s12083-023-01521-w,https://doi.org/10.1007/s12083-023-01521-w,Healthcare,keyword-based re-encryption and oblivious transfer-based re-encryption,,,,,,,,,,tab:privacy-works-2,historical-extraction.csv,31,"Reflects revised LaTeX; publication_year retains original extraction label, which may differ from final issue year; selected corrections applied; original platform/software fields not fully revalidated"
10.1109/jiot.2023.3287636,historical,privacy,original_extraction_group,Blockchain-Aided Privacy-Preserving Medical Data Sharing Scheme for E-Healthcare System,Jingwei Liu and Yue Fan and Rong Sun and Lei Liu and Celimuge Wu and Shahid Mumtaz,2023,2023,10.1109/jiot.2023.3287636,https://doi.org/10.1109/jiot.2023.3287636,Healthcare,Searchable Encryption Scheme,,,,,,,,,,tab:privacy-works-2,historical-extraction.csv,32,"Reflects revised LaTeX; publication_year retains original extraction label, which may differ from final issue year; selected corrections applied; original platform/software fields not fully revalidated"
10.1109/jiot.2023.3307073,historical,privacy,original_extraction_group,Galaxy: A Scalable {BFT} and Privacy-Preserving Pub/Sub {IoT} Data Sharing Framework Based on Blockchain,Yuchao Zhang and Xiaotian Wang and Xiaofeng He and Ning Zhang and Zibin Zheng and Ke Xu,2023,2024,10.1109/jiot.2023.3307073,https://doi.org/10.1109/jiot.2023.3307073,Internet of Things,Threshold encryption and access control list,,,,,,,,,,tab:privacy-works-2,historical-extraction.csv,33,"Reflects revised LaTeX; publication_year retains original extraction label, which may differ from final issue year; selected corrections applied; original platform/software fields not fully revalidated"
10.1109/jiot.2023.3295763,historical,privacy,original_extraction_group,{PD}2S: A Privacy-Preserving Differentiated Data Sharing Scheme based on Blockchain and Federated Learning,Yuan Liu and Peng Liu and Weipeng Jing and Houbing Herbert Song,2023,2023,10.1109/jiot.2023.3295763,https://doi.org/10.1109/jiot.2023.3295763,Internet of Things,Federated Learning,,,,,,,,,,tab:privacy-works-2,historical-extraction.csv,34,"Reflects revised LaTeX; publication_year retains original extraction label, which may differ from final issue year; selected corrections applied; original platform/software fields not fully revalidated"
10.1109/jiot.2021.3134755,historical,privacy,original_extraction_group,{DS}2PM: A Data-Sharing Privacy Protection Model Based on Blockchain and Federated Learning,Yanru Chen and Jingpeng Li and Fan Wang and Kaifeng Yue and Yang Li and Bin Xing and Lei Zhang and Liangyin Chen,2023,2023,10.1109/jiot.2021.3134755,https://doi.org/10.1109/jiot.2021.3134755,Internet of Things,Federated Learning,,,,,,,,,,tab:privacy-works-2,historical-extraction.csv,35,"Reflects revised LaTeX; publication_year retains original extraction label, which may differ from final issue year; selected corrections applied; original platform/software fields not fully revalidated"
10.1109/jiot.2023.3247487,historical,privacy,original_extraction_group,{VC}-{DCPS}: Verifiable Cross-Domain Data Collection and Privacy-Persevering Sharing Scheme Based on Lattice in Blockchain-Enhanced Smart Grids,Peng-Bo Wang and Kun-Chang Li and Run-Hua Shi and Bo-Shen Shao,2023,2023,10.1109/jiot.2023.3247487,https://doi.org/10.1109/jiot.2023.3247487,Smart Grids,Homomorphic Encryption,,,,,,,,,,tab:privacy-works-2,historical-extraction.csv,36,"Reflects revised LaTeX; publication_year retains original extraction label, which may differ from final issue year; selected corrections applied; original platform/software fields not fully revalidated"
10.1109/tsc.2022.3199111,historical,privacy,original_extraction_group,Query Integrity Meets Blockchain: A Privacy-Preserving Verification Framework for Outsourced Encrypted Data,Shunrong Jiang and Jianqing Liu and Jingwei Chen and Yiliang Liu and Liangmin Wang and Yong Zhou,2023,2023,10.1109/tsc.2022.3199111,https://doi.org/10.1109/tsc.2022.3199111,Cloud Outsourcing,Encrypted Index Storage and Stealth Authorization Scheme,,,,,,,,,,tab:privacy-works-2,historical-extraction.csv,37,"Reflects revised LaTeX; publication_year retains original extraction label, which may differ from final issue year; selected corrections applied; original platform/software fields not fully revalidated"
10.1109/tits.2022.3190487,historical,privacy,original_extraction_group,Blockchain-Based Privacy-Preserving Positioning Data Sharing for {IoT}-Enabled Maritime Transportation Systems,Keke Gai and Haokun Tang and Guangshun Li and Tianxiu Xie and Shuo Wang and Liehuang Zhu and Kim-Kwang Raymond Choo,2023,2023,10.1109/tits.2022.3190487,https://doi.org/10.1109/tits.2022.3190487,Maritime Transportation,zk-SNARK and Commitment-related technologies,,,,,,,,,,tab:privacy-works-2,historical-extraction.csv,38,"Reflects revised LaTeX; publication_year retains original extraction label, which may differ from final issue year; selected corrections applied; original platform/software fields not fully revalidated"
10.1109/jiot.2023.3296460,historical,privacy,original_extraction_group,{BFOD}: Blockchain-based Privacy Protection and Security Sharing Scheme of Flight Operation Data,Xinyan Li and Huimin Zhao and Wu Deng,2023,2024,10.1109/jiot.2023.3296460,https://doi.org/10.1109/jiot.2023.3296460,Flight Operation,"Hash Anonymous Identity, zk-SNARKs and Proxy Re-Encryption",,,,,,,,,,tab:privacy-works-2,historical-extraction.csv,39,"Reflects revised LaTeX; publication_year retains original extraction label, which may differ from final issue year; selected corrections applied; original platform/software fields not fully revalidated"
10.1109/tc.2023.3251846,historical,privacy,original_extraction_group,Blockchain-Based Fair and Fine-Grained Data Trading With Privacy Preservation,Liang Xue and Jianbing Ni and Dongxiao Liu and Xiaodong Lin and Xuemin Shen,2023,2023,10.1109/tc.2023.3251846,https://doi.org/10.1109/tc.2023.3251846,Data Trading,"Attribute-based credentials, encryption, and ZK proofs",,,,,,,,,,tab:privacy-works-2,historical-extraction.csv,40,"Reflects revised LaTeX; publication_year retains original extraction label, which may differ from final issue year; selected corrections applied; original platform/software fields not fully revalidated"
2016-medrec,historical,consent,original_extraction_group,{MedRec: Using Blockchain for Medical Data Access and Permission Management},"Azaria, Asaph and Ekblaw, Ariel and Vieira, Thiago and Lippman, Andrew",2016,2016,10.1109/obd.2016.11,https://doi.org/10.1109/obd.2016.11,Healthcare,,Decentralized EMR with patient control,Ethereum,N/A,,,,,,,tab:consent-works,historical-extraction.csv,41,"Reflects revised LaTeX; publication_year retains original extraction label, which may differ from final issue year; selected corrections applied; original platform/software fields not fully revalidated"
10.1109/ICCCI.2018.8441445,historical,consent,original_extraction_group,Blockchain for Student Data Privacy and Consent,"Gilda, Shlok and Mehrotra, Maanav",2018,2018,10.1109/iccci.2018.8441445,https://doi.org/10.1109/iccci.2018.8441445,Academic Records,,"Framework for nested authorization, enabling a school administrator to grant data access rights to third party programs",Hyperledger Fabric,N/A,,,,,,,tab:consent-works,historical-extraction.csv,42,"Reflects revised LaTeX; publication_year retains original extraction label, which may differ from final issue year; selected corrections applied; original platform/software fields not fully revalidated"
2017-clinical-trials,historical,consent,original_extraction_group,{Blockchain protocols in clinical trials: Transparency and traceability of consent},"Benchoufi, Mehdi and Porcher, Raphael and Ravaud, Philippe",2018,2018,10.12688/f1000research.10531.5,https://doi.org/10.12688/f1000research.10531.5,Healthcare (Clinical Trials),,Proof-of-concept protocol for consent collection in clinical trials,N/A,https://github.com/benchoufi/ DocChain,,,,,,,tab:consent-works,historical-extraction.csv,43,"Reflects revised LaTeX; publication_year retains original extraction label, which may differ from final issue year; selected corrections applied; original platform/software fields not fully revalidated"
10.1109/INISTA.2018.8466268,historical,consent,original_extraction_group,Implementing a Forms of Consent Smart Contract on an IoT-based Blockchain to promote user trust,"Kouzinopoulos, Charalampos S. and M. Giannoutakis, Konstantinos and Votis, Konstantinos and Tzovaras, Dimitrios and Collen, Anastasija and Nijdam, Niels A. and Konstantas, Dimitri and Spathoulas, Georgios and Pandey, Pankaj and Katsikas, Sokratis",2018,2018,10.1109/inista.2018.8466268,https://doi.org/10.1109/inista.2018.8466268,Internet of Things,,"Design and implementation of a Forms of Consent application, that interacts with a set of Smart Contracts",Ethereum,N/A,,,,,,,tab:consent-works,historical-extraction.csv,44,"Reflects revised LaTeX; publication_year retains original extraction label, which may differ from final issue year; selected corrections applied; original platform/software fields not fully revalidated"
2018-double-blind,historical,consent,original_extraction_group,{Double-Blind Consent-Driven Data Sharing on Blockchain},"Bhaskaran, Kumar and Ilfrich, Peter and Liffman, Dain and Vecchiola, Christian and Jayachandran, Praveen and Kumar, Apurva and Lim, Fabian and Nandakumar, Karthik and Qin, Zhengquan and Ramakrishna, Venkatraman and Teo, Ernie GS and Suen, Chun Hui",2018,2018,10.1109/ic2e.2018.00073,https://doi.org/10.1109/ic2e.2018.00073,Know-your-customer,,Consent-driven and double-blind data sharing in corporate KYC use case,Hyperledger Fabric,N/A,,,,,,,tab:consent-works,historical-extraction.csv,45,"Reflects revised LaTeX; publication_year retains original extraction label, which may differ from final issue year; selected corrections applied; original platform/software fields not fully revalidated"
2019-unichain-blockchain-acad-records,historical,consent,original_extraction_group,UniChain: A Design of Blockchain-Based System for Electronic Academic Records Access and Permissions Management,"Daraghmi, Eman-Yasser and Daraghmi, Yousef-Awwad and Yuan, Shyan-Ming",2019,2019,10.3390/app9224966,https://doi.org/10.3390/app9224966,Academic Records,,Blockchain-based System for Electronic Academic Records,Ethereum,N/A,,,,,,,tab:consent-works,historical-extraction.csv,46,"Reflects revised LaTeX; publication_year retains original extraction label, which may differ from final issue year; selected corrections applied; original platform/software fields not fully revalidated"
2019-medchain,historical,consent,original_extraction_group,{MedChain: A Design of Blockchain-Based System for Medical Records Access and Permissions Management},"Daraghmi, Eman-Yasser and Daraghmi, Yousef-Awwad and Yuan, Shyan-Ming",2019,2019,10.1109/access.2019.2952942,https://doi.org/10.1109/access.2019.2952942,Healthcare,,"System to manage medical records, incentive mechanisms and access control",Ethereum,N/A,,,,,,,tab:consent-works,historical-extraction.csv,47,"Reflects revised LaTeX; publication_year retains original extraction label, which may differ from final issue year; selected corrections applied; original platform/software fields not fully revalidated"
2018-advocate,historical,consent,original_extraction_group,ADvoCATE: a consent management platform for personal data processing in the IoT using blockchain technology,"Rantos, Konstantinos and Drosatos, George and Demertzis, Konstantinos and Ilioudis, Christos and Papanikolaou, Alexandros and Kritsas, Antonios",2019,2019,,,Internet of Things,,User-centric with GDPR requirements,Ethereum,https://github.com/AnthonyK95/ adplatform,,,,,,,tab:consent-works,historical-extraction.csv,48,"Reflects revised LaTeX; publication_year retains original extraction label, which may differ from final issue year; selected corrections applied; original platform/software fields not fully revalidated"
2019-blockchain-permission-iot,historical,consent,original_extraction_group,{Blockchain based permission delegation and access control in Internet of Things (BACI)},"Ali, Gauhar and Ahmad, Naveed and Cao, Yue and Asif, Muhammad and Cruickshank, Haitham and Ali, Qazi Ejaz",2019,2019,10.1016/j.cose.2019.06.010,https://doi.org/10.1016/j.cose.2019.06.010,Internet of Things,,Decentralized architecture for permission delegation and access control for IoT applications,Hyperledger Fabric,N/A,,,,,,,tab:consent-works,historical-extraction.csv,49,"Reflects revised LaTeX; publication_year retains original extraction label, which may differ from final issue year; selected corrections applied; original platform/software fields not fully revalidated"
2020-blockchain-assisted-living,historical,consent,original_extraction_group,A Blockchain-Based Consent Platform for Active Assisted Living: Modeling Study and Conceptual Framework,"Velmovitsky, Pedro Elkind and Miranda, Pedro Augusto Da Silva E Souza and Vaillancourt, H{\'e}l{\`e}ne and Donovska, Tania and Teague, Jennifer and Morita, Plinio Pelegrini",2020,2020,10.2196/20832,https://doi.org/10.2196/20832,Active Assisted Living (AAL),,A conceptual framework for consent management active assisted living (AAL) technologies,Hyperledger Fabric,N/A,,,,,,,tab:consent-works,historical-extraction.csv,50,"Reflects revised LaTeX; publication_year retains original extraction label, which may differ from final issue year; selected corrections applied; original platform/software fields not fully revalidated"
2020-consent-design-bc-based-consent-manag,historical,consent,original_extraction_group,Design and Implementation of a Blockchain-Based E-Health Consent Management Framework,"Agbo, Cornelius C. and Mahmoud, Qusay H.",2020,2020,10.1109/smc42975.2020.9283203,https://doi.org/10.1109/smc42975.2020.9283203,Healthcare,,Framework aimed at regulatory requirements for patient consent,Hyperledger Fabric,N/A,,,,,,,tab:consent-works,historical-extraction.csv,51,"Reflects revised LaTeX; publication_year retains original extraction label, which may differ from final issue year; selected corrections applied; original platform/software fields not fully revalidated"
2020-consent-health,historical,consent,original_extraction_group,{A Consent Model for Blockchain-Based Health Data Sharing Platforms},"Jaiman, Vikas and Urovi, Visara",2020,2020,10.1109/access.2020.3014565,https://doi.org/10.1109/access.2020.3014565,Healthcare,,Architecture combining two consent representation models DUO and ADA-M,Ethereum,https://gitlab.com/vjaiman/ consentblockchainluce,,,,,,,tab:consent-works,historical-extraction.csv,52,"Reflects revised LaTeX; publication_year retains original extraction label, which may differ from final issue year; selected corrections applied; original platform/software fields not fully revalidated"
2020-patient-consent-e-health,historical,consent,original_extraction_group,{Patient consent management by a purpose-based consent model for electronic health record based on blockchain technology},"Tith, D.",2020,2020,10.4258/hir.2020.26.4.265,https://doi.org/10.4258/hir.2020.26.4.265,Healthcare,,Prototype to allow patient to manage consent for other institutions,Hyperledger Fabric,N/A,,,,,,,tab:consent-works,historical-extraction.csv,53,"Reflects revised LaTeX; publication_year retains original extraction label, which may differ from final issue year; selected corrections applied; original platform/software fields not fully revalidated"
2020-consent-biobanking,historical,consent,original_extraction_group,{Dwarna: a blockchain solution for dynamic consent in biobanking},"Mamo, Nicholas and Martin, Gillian M. and Desira, Maria and Ellul, Bridget and Ebejer, Jean-Paul",2020,2020,10.1038/s41431-019-0560-9,https://doi.org/10.1038/s41431-019-0560-9,Healthcare,,Dynamic consent for biobank research participants,Hyperledger Fabric,https://github.com/NicholasMamo/ dwarna,,,,,,,tab:consent-works,historical-extraction.csv,54,"Reflects revised LaTeX; publication_year retains original extraction label, which may differ from final issue year; selected corrections applied; original platform/software fields not fully revalidated"
2020-consent-clinical-trials,historical,consent,original_extraction_group,Dynamic consent management for clinical trials via private blockchain technology,"Albanese, Giuseppe and Calbimonte, Jean-Paul and Schumacher, Michael and Calvaresi, Davide",2020,2020,,,Healthcare (Clinical Trials),,Dynamic consent management in clinical trials,Hyperledger Fabric,N/A,,,,,,,tab:consent-works,historical-extraction.csv,55,"Reflects revised LaTeX; publication_year retains original extraction label, which may differ from final issue year; selected corrections applied; original platform/software fields not fully revalidated"
10.1109/ICICT50521.2020.00054,historical,consent,original_extraction_group,GDPR Compliant Consent Driven Data Protection in Online Social Networks: A Blockchain-Based Approach,"Ahmed, Javed and Yildirim, Sule and Nowostaki, Mariusz and Ramachandra, Raghvendra and Elezaj, Ogerta and Abomohara, Mohamad",2020,2020,10.1109/icict50521.2020.00054,https://doi.org/10.1109/icict50521.2020.00054,Online Social Networks,,A comparative study of GDPR and OSN consent practices,N/A,N/A,,,,,,,tab:consent-works,historical-extraction.csv,56,"Reflects revised LaTeX; publication_year retains original extraction label, which may differ from final issue year; selected corrections applied; original platform/software fields not fully revalidated"
10.1109/COMSNETS51098.2021.9352817,historical,consent,original_extraction_group,Blockchain Enabled Data Trading with User Consent,"Banerjee, Prabal and Muthaiah, Amudhan and Ruj, Sushmita",2021,2021,10.1109/comsnets51098.2021.9352817,https://doi.org/10.1109/comsnets51098.2021.9352817,Data Sharing in General,,"End-to-end protocol for secure, fair data trading using blockchain technology addressing consent, traceability, and fairness.",Ethereum,N/A,,,,,,,tab:consent-works-2,historical-extraction.csv,57,"Reflects revised LaTeX; publication_year retains original extraction label, which may differ from final issue year; selected corrections applied; original platform/software fields not fully revalidated"
10.1007/978-3-030-78621-2_54,historical,consent,original_extraction_group,A Novel Blockchain-Based Revocable Permission Management on CP-ABE Scheme,Xv,2021,2021,,,Data Sharing in General,,On-chain user permission management mechanism for blockchain with automatic and active permission revocation using smart contracts,N/A,N/A,,,,,,,tab:consent-works-2,historical-extraction.csv,58,"Reflects revised LaTeX; publication_year retains original extraction label, which may differ from final issue year; selected corrections applied; original platform/software fields not fully revalidated"
10.1109/QRS-C55045.2021.00159,historical,consent,original_extraction_group,Blockchain Based Model for Consent Management and Data Transparency Assurance,"Ameyed, Darine and Jaafar, Fehmi and Charette-Migneault, Francis and Cheriet, Mohamed",2021,2021,10.1109/qrs-c55045.2021.00159,https://doi.org/10.1109/qrs-c55045.2021.00159,Data Sharing in General,,Consent-management and data-transparency model,N/A,https://github.com/crim-ca/ blockchain,,,,,,,tab:consent-works-2,historical-extraction.csv,59,"Reflects revised LaTeX; publication_year retains original extraction label, which may differ from final issue year; selected corrections applied; original platform/software fields not fully revalidated"
10.1109/SMDS53860.2021.00015,historical,consent,original_extraction_group,{AC2M: An Automated Consent Management Model for Blockchain Financial Services Platform},"Xu, Zhiyu and Jiao, Tengyun and Wang, Ziyuan and Wen, Sheng and Chen, Shiping and Xiang, Yang",2021,2021,10.1109/smds53860.2021.00015,https://doi.org/10.1109/smds53860.2021.00015,Financial Services,,Automated consent management model for financial services,N/A,N/A,,,,,,,tab:consent-works-2,historical-extraction.csv,60,"Reflects revised LaTeX; publication_year retains original extraction label, which may differ from final issue year; selected corrections applied; original platform/software fields not fully revalidated"
10.1136/medethics-2019-105963,historical,consent,original_extraction_group,"Blockchain, consent and prosent for medical research","Porsdam Mann, Sebastian and Savulescu, Julian and Ravaud, Philippe and Benchoufi, Mehdi",2021,2021,10.1136/medethics-2019-105963,https://doi.org/10.1136/medethics-2019-105963,Healthcare,,"``Prosent"" concept for pseudonymous, proactive data consent in medical research using blockchain technology",N/A,N/A,,,,,,,tab:consent-works-2,historical-extraction.csv,61,"Reflects revised LaTeX; publication_year retains original extraction label, which may differ from final issue year; selected corrections applied; original platform/software fields not fully revalidated"
10.3837/tiis.2021.12.008,historical,consent,original_extraction_group,Design and Implementation of a Personal Health Record Platform Based on Patient-consent Blockchain Technology,Heongkyun Kim and Sangmin Lee and Hyunwoo Kwon and Eunmin Kim,2021,2021,10.3837/tiis.2021.12.008,https://doi.org/10.3837/tiis.2021.12.008,Healthcare,,Blockchain-based PHR platform designed for patient control of personal information,Hyperledger Fabric,N/A,,,,,,,tab:consent-works-2,historical-extraction.csv,62,"Reflects revised LaTeX; publication_year retains original extraction label, which may differ from final issue year; selected corrections applied; original platform/software fields not fully revalidated"
2021-dynamic-consent-genomic,historical,consent,original_extraction_group,{A Blockchain-Based Dynamic Consent Architecture to Support Clinical Genomic Data Sharing (ConsentChain): Proof-of-Concept Study},"Albalwy, Faisal and Brass, Andrew and Davies, Angela",2021,2021,10.2196/27816,https://doi.org/10.2196/27816,Healthcare,,Blockchain-based clinical genomic data sharing architecture,Ethereum,https://data.mendeley.com/datasets/ vwy3hj5h8n/1,,,,,,,tab:consent-works-2,historical-extraction.csv,63,"Reflects revised LaTeX; publication_year retains original extraction label, which may differ from final issue year; selected corrections applied; original platform/software fields not fully revalidated"
2021-dynamichain,historical,consent,original_extraction_group,{DynamiChain: Development of Medical Blockchain Ecosystem Based on Dynamic Consent System},"Kim, Tong Min and Lee, Seo-Joon and Chang, Dong-Jin and Koo, Jawook and Kim, Taenam and Yoon, Kun-Ho and Choi, In-Young",2021,2021,10.3390/app11041612,https://doi.org/10.3390/app11041612,Healthcare,,Dynamic consent managment for handling health examination data,Hyperledger Fabric,N/A,,,,,,,tab:consent-works-2,historical-extraction.csv,64,"Reflects revised LaTeX; publication_year retains original extraction label, which may differ from final issue year; selected corrections applied; original platform/software fields not fully revalidated"
10.1007/978-981-15-9317-8_3,historical,consent,original_extraction_group,Blockchain-Based Framework for Managing Customer Consent in Open Banking,Mukhopadhyay,2021,2021,10.1007/978-981-15-9317-8_3,https://doi.org/10.1007/978-981-15-9317-8_3,Open Banking,,Framework for customer consent in open banking process,Hyperledger Fabric,N/A,,,,,,,tab:consent-works-2,historical-extraction.csv,65,"Reflects revised LaTeX; publication_year retains original extraction label, which may differ from final issue year; selected corrections applied; original platform/software fields not fully revalidated"
10.1145/3511616.3513100,historical,consent,original_extraction_group,Privacy of Fitness Applications and Consent Management in Blockchain,"Alhajri, May and Salehi Shahraki, Ahmad and Rudolph, Carsten",2022,2022,10.1145/3511616.3513100,https://doi.org/10.1145/3511616.3513100,Fitness Ecosystem,,Problems Identification in current privacy policies and consent practices in fitness apps,N/A,N/A,,,,,,,tab:consent-works-2,historical-extraction.csv,66,"Reflects revised LaTeX; publication_year retains original extraction label, which may differ from final issue year; selected corrections applied; original platform/software fields not fully revalidated"
10.1016/j.hcc.2022.100084,historical,consent,original_extraction_group,Blockchain-based multi-hop permission delegation scheme with controllable delegation depth for electronic health record sharing,Ya Gao and Aiqing Zhang and Shu Wu and Jindou Chen,2022,2022,10.1016/j.hcc.2022.100084,https://doi.org/10.1016/j.hcc.2022.100084,Healthcare,,Multi-hop permission delegation scheme using PRE and ABE,Ethereum,N/A,,,,,,,tab:consent-works-2,historical-extraction.csv,67,"Reflects revised LaTeX; publication_year retains original extraction label, which may differ from final issue year; selected corrections applied; original platform/software fields not fully revalidated"
10.3389/fmed.2022.837197,historical,consent,original_extraction_group,METORY: Development of a Demand-Driven Blockchain-Based Dynamic Consent Platform Tailored for Clinical Trials,"Huh, Ki Young and Jeong, Sang-un and Moon, Seol Ju and Kim, Min-Ji and Yang, Wooseok and Jeong, Myeonggyu and Song, Ildae and Kwak, Yong-Geun and Lee, SeungHwan and Kim, Min-Gul",2022,2022,10.3389/fmed.2022.837197,https://doi.org/10.3389/fmed.2022.837197,Healthcare,,Dynamic consent platform tailored for clinical trials,Hyperledger Fabric,N/A,,,,,,,tab:consent-works-2,historical-extraction.csv,68,"Reflects revised LaTeX; publication_year retains original extraction label, which may differ from final issue year; selected corrections applied; original platform/software fields not fully revalidated"
2022-crowmedII-consent,historical,consent,original_extraction_group,{CrowdMed-II: a blockchain-based framework for efficient consent management in health data sharing},"Hu, Chaochen and Li, Chao and Zhang, Guigang and Lei, Zhiwei and Shah, Mira and Zhang, Yong and Xing, Chunxiao and Jiang, Jinpeng and Bao, Renyi",2022,2022,10.1007/s11280-021-00923-1,https://doi.org/10.1007/s11280-021-00923-1,Healthcare,,Health data management framework with access rights,Ethereum,N/A,,,,,,,tab:consent-works-2,historical-extraction.csv,69,"Reflects revised LaTeX; publication_year retains original extraction label, which may differ from final issue year; selected corrections applied; original platform/software fields not fully revalidated"
2022-BDSS-blockchain-data-sharing,historical,consent,original_extraction_group,BDSS: Blockchain-based Data Sharing Scheme With Fine-grained Access Control And Permission Revocation In Medical Environment,Lejun Zhang and Yanfei Zou and Muhammad Hassam Yousuf and Weizheng Wang and Zilong Jin and Yansen Su and Kim Seokhoon,2022,2022,10.3837/tiis.2022.05.012,https://doi.org/10.3837/tiis.2022.05.012,Healthcare,,Framework with fine-grained access control and permission revocation,N/A,N/A,,,,,,,tab:consent-works-2,historical-extraction.csv,70,"Reflects revised LaTeX; publication_year retains original extraction label, which may differ from final issue year; selected corrections applied; original platform/software fields not fully revalidated"
10.1145/3576842.3582379,historical,consent,original_extraction_group,A Blockchain-Based Privacy-Preserving Model for Consent and Transparency in Human-Centered Internet of Things,Jorge Eduardo Rivadeneira and Mar{\'{\i}}a B. Jim{\'{e}}nez and Radu Marculescu and Andr{\'{e}} Rodrigues and Fernando Boavida and Jorge S{\'{a}} Silva,2023,2023,10.1145/3576842.3582379,https://doi.org/10.1145/3576842.3582379,Internet of Things,,"Multi-phase consent mechanism for IoT data sharing, using asymmetric cryptography",,,,,,,,,tab:consent-works-2,historical-extraction.csv,71,"Reflects revised LaTeX; publication_year retains original extraction label, which may differ from final issue year; selected corrections applied; original platform/software fields not fully revalidated"
10.1016/j.jlamp.2023.100886,historical,consent,original_extraction_group,A formal model for blockchain-based consent management in data sharing,Neda Peyrone and Duangdao Wichadakul,2023,2023,10.1016/j.jlamp.2023.100886,https://doi.org/10.1016/j.jlamp.2023.100886,Healthcare,,"System employing Event-B method, and SmartDataTrust prototype",,,,,,,,,tab:consent-works-2,historical-extraction.csv,72,"Reflects revised LaTeX; publication_year retains original extraction label, which may differ from final issue year; selected corrections applied; original platform/software fields not fully revalidated"
10.1109/ICOIN56518.2023.10048920,historical,consent,original_extraction_group,Heimdall: Blockchain-Based Consent Management Framework,"Filho, Francisco Mardônio Vieira and De Alcantara Batista, Bruno Lopes and Júnior, Joaquim Celestino and De Souza, José Neuman",2023,2023,10.1109/icoin56518.2023.10048920,https://doi.org/10.1109/icoin56518.2023.10048920,Healthcare,,A framework designed to meet the requirements of the GDPR,,,,,,,,,tab:consent-works-2,historical-extraction.csv,73,"Reflects revised LaTeX; publication_year retains original extraction label, which may differ from final issue year; selected corrections applied; original platform/software fields not fully revalidated"
2018-bc-ssi,historical,identity,original_extraction_group,Deployment of a Blockchain-Based Self-Sovereign Identity,"Stokkink, Quinten and Pouwelse, Johan",2018,2018,10.1109/cybermatics\_2018.2018.00230,https://doi.org/10.1109/cybermatics\_2018.2018.00230,Passport-level attributes,,SSI architecture for passport-level attributes.,N/A,N/A,,,,,,,tab:ssi-works-part-1,historical-extraction.csv,74,"Reflects revised LaTeX; publication_year retains original extraction label, which may differ from final issue year; selected corrections applied; original platform/software fields not fully revalidated"
2019-everssdi,historical,identity,original_extraction_group,"EverSSDI: Blockchain-Based Framework for Verification, Authorisation and Recovery of Self-Sovereign Identity Using Smart Contracts","Zhou, Tong and Li, Xiaofeng and Zhao, He",2019,2019,10.1504/ijcat.2019.100300,https://doi.org/10.1504/ijcat.2019.100300,N/A,,SSI framework using smart contracts with identity recovery using SNS and Ethereum Oracles.,Ethereum,N/A,,,,,,,tab:ssi-works-part-1,historical-extraction.csv,75,"Reflects revised LaTeX; publication_year retains original extraction label, which may differ from final issue year; selected corrections applied; original platform/software fields not fully revalidated"
2019-ssi-digital-identity-bc,historical,identity,original_extraction_group,Self-Sovereign Dynamic Digital Identities based on Blockchain Technology,"Gulati, Himani and Huang, Chin-Tser",2019,2019,10.1109/southeastcon42311.2019.9020518,https://doi.org/10.1109/southeastcon42311.2019.9020518,Biometric Traits,,A dynamic SSI scheme that could vary or evolve over time.,N/A,N/A,,,,,,,tab:ssi-works-part-1,historical-extraction.csv,76,"Reflects revised LaTeX; publication_year retains original extraction label, which may differ from final issue year; selected corrections applied; original platform/software fields not fully revalidated"
10.1109/ACCESS.2019.2931173,historical,identity,original_extraction_group,In Search of Self-Sovereign Identity Leveraging Blockchain Technology,"Ferdous, Md Sadek and Chowdhury, Farida and Alassafi, Madini O.",2019,2019,10.1109/access.2019.2931173,https://doi.org/10.1109/access.2019.2931173,N/A,,A formal and mathematical model for understanding the concept of SSI.,N/A,N/A,,,,,,,tab:ssi-works-part-1,historical-extraction.csv,77,"Reflects revised LaTeX; publication_year retains original extraction label, which may differ from final issue year; selected corrections applied; original platform/software fields not fully revalidated"
2020-emission-vehicles-ssi,historical,identity,original_extraction_group,Securing Emission Data of Smart Vehicles with Blockchain and Self-Sovereign Identities,"Terzi, Sofia and Savvaidis, Charalampos and Votis, Konstantinos and Tzovaras, Dimitrios and Stamelos, Ioannis",2020,2020,10.1109/blockchain50366.2020.00067,https://doi.org/10.1109/blockchain50366.2020.00067,Internet of Things,,SSI architecture for IoT and Smart Vehicles.,Hyperledger Indy,N/A,,,,,,,tab:ssi-works-part-1,historical-extraction.csv,78,"Reflects revised LaTeX; publication_year retains original extraction label, which may differ from final issue year; selected corrections applied; original platform/software fields not fully revalidated"
2020-uport-ims-ssi,historical,identity,original_extraction_group,uPort Open-Source Identity Management System: An Assessment of Self-Sovereign Identity and User-Centric Data Platform Built on Blockchain,"Naik, Nitin and Jenkins, Paul",2020,2020,10.1109/isse49799.2020.9272223,https://doi.org/10.1109/isse49799.2020.9272223,N/A,,Open-source identity management using smart contracts.,Ethereum,N/A,,,,,,,tab:ssi-works-part-1,historical-extraction.csv,79,"Reflects revised LaTeX; publication_year retains original extraction label, which may differ from final issue year; selected corrections applied; original platform/software fields not fully revalidated"
10.1109/MobileCloud48802.2020.00021,historical,identity,original_extraction_group,Self-Sovereign Identity Specifications: Govern Your Identity Through Your Digital Wallet using Blockchain Technology,"Naik, Nitin and Jenkins, Paul",2020,2020,10.1109/mobilecloud48802.2020.00021,https://doi.org/10.1109/mobilecloud48802.2020.00021,N/A,,Specifications for evaluating SSI solutions.,N/A,N/A,,,,,,,tab:ssi-works-part-1,historical-extraction.csv,80,"Reflects revised LaTeX; publication_year retains original extraction label, which may differ from final issue year; selected corrections applied; original platform/software fields not fully revalidated"
10.1109/ISSE49799.2020.9272212,historical,identity,original_extraction_group,Governing Principles of Self-Sovereign Identity Applied to Blockchain Enabled Privacy Preserving Identity Management Systems,"Naik, Nitin and Jenkins, Paul",2020,2020,10.1109/isse49799.2020.9272212,https://doi.org/10.1109/isse49799.2020.9272212,uPort and Sovrin ecosystems,,Governing principles of SSI for analyzing the effectiveness of SSI ecosystems.,N/A,N/A,,,,,,,tab:ssi-works-part-1,historical-extraction.csv,81,"Reflects revised LaTeX; publication_year retains original extraction label, which may differ from final issue year; selected corrections applied; original platform/software fields not fully revalidated"
2020-bbm-ssi,historical,identity,original_extraction_group,BBM: A Blockchain-Based Model for Open Banking via Self-sovereign Identity,Dong,2020,2020,10.1007/978-3-030-59638-5_5,https://doi.org/10.1007/978-3-030-59638-5_5,Open Banking,,SSI management for open banking.,N/A,N/A,,,,,,,tab:ssi-works-part-1,historical-extraction.csv,82,"Reflects revised LaTeX; publication_year retains original extraction label, which may differ from final issue year; selected corrections applied; original platform/software fields not fully revalidated"
2020-enhancing-ssi,historical,identity,original_extraction_group,Enhancing the Security and Privacy of Self-Sovereign Identities on Hyperledger Indy Blockchain,"Bhattacharya, Manas Pratim and Zavarsky, Pavol and Butakov, Sergey",2020,2020,10.1109/isncc49221.2020.9297357,https://doi.org/10.1109/isncc49221.2020.9297357,Personal Data Disclosure,,SSI model for attribute sensitivity in credential exchanges.,Hyperledger Indy,N/A,,,,,,,tab:ssi-works-part-1,historical-extraction.csv,83,"Reflects revised LaTeX; publication_year retains original extraction label, which may differ from final issue year; selected corrections applied; original platform/software fields not fully revalidated"
2021-ssi-public-transport,historical,identity,original_extraction_group,Blockchain-enabled decentralized identity management: The case of self-sovereign identity in public transportation,Lukas Stockburger and Georgios Kokosioulis and Alivelu Mukkamala and Raghava Rao Mukkamala and Michel Avital,2021,2021,10.1016/j.bcra.2021.100014,https://doi.org/10.1016/j.bcra.2021.100014,Public Transportation,,SSI model for multiple credentials for travel.,Hyperledger Indy,N/A,,,,,,,tab:ssi-works-part-1,historical-extraction.csv,84,"Reflects revised LaTeX; publication_year retains original extraction label, which may differ from final issue year; selected corrections applied; original platform/software fields not fully revalidated"
2021-an-innovative-did,historical,identity,original_extraction_group,An Innovative and Decentralized Identity Framework Based on Blockchain Technology,"Maldonado-Ruiz, Daniel and Torres, Jenny and El Madhoun, Nour and Badra, Mohamad",2021,2021,10.1109/ntms49979.2021.9432656,https://doi.org/10.1109/ntms49979.2021.9432656,Certificate Management,,SSI management framework with Elliptic Curve Cryptography.,N/A,N/A,,,,,,,tab:ssi-works-part-1,historical-extraction.csv,85,"Reflects revised LaTeX; publication_year retains original extraction label, which may differ from final issue year; selected corrections applied; original platform/software fields not fully revalidated"
2021-did-prevent-secondary,historical,identity,original_extraction_group,A Decentralized Identity-Based Blockchain Solution for Privacy-Preserving Licensing of Individual-Controlled Data to Prevent Unauthorized Secondary Data Usage,"Kang, Meng and Lemieux, Victoria",2021,2021,10.5195/ledger.2021.239,https://doi.org/10.5195/ledger.2021.239,Healthcare,,Decentralized Identity System with Cheon-Kim-Kim-Song (CKKS) fully homomorphic encryption to protect user privacy.,Hyperledger Indy,N/A,,,,,,,tab:ssi-works-part-1,historical-extraction.csv,86,"Reflects revised LaTeX; publication_year retains original extraction label, which may differ from final issue year; selected corrections applied; original platform/software fields not fully revalidated"
2021-health-ID-decentralized-id,historical,identity,original_extraction_group,Health-ID: A Blockchain-Based Decentralized Identity Management for Remote Healthcare,"Javed, Ibrahim Tariq and Alharbi, Fares and Bellaj, Badr and Margaria, Tiziana and Crespi, Noel and Qureshi, Kashif Naseer",2021,2021,10.3390/healthcare9060712,https://doi.org/10.3390/healthcare9060712,Healthcare,,Patients Identity management model using smart contracts.,Ethereum,https://github.com/ibrahimtariqjaved/ healthid,,,,,,,tab:ssi-works-part-1,historical-extraction.csv,87,"Reflects revised LaTeX; publication_year retains original extraction label, which may differ from final issue year; selected corrections applied; original platform/software fields not fully revalidated"
2021-dec-cross-net-idm,historical,identity,original_extraction_group,Decentralized Cross-Network Identity Management for Blockchain Interoperation,"Ghosh, Bishakh Chandra and Ramakrishna, Venkatraman and Govindarajan, Chander and Behl, Dushyant and Karunamoorthy, Dileban and Abebe, Ermyas and Chakraborty, Sandip",2021,2021,10.1109/icbc51069.2021.9461064,https://doi.org/10.1109/icbc51069.2021.9461064,N/A,,A DLT-agnostic architecture and protocols for identity management.,Hyperledger Indy,N/A,,,,,,,tab:ssi-works-part-1,historical-extraction.csv,88,"Reflects revised LaTeX; publication_year retains original extraction label, which may differ from final issue year; selected corrections applied; original platform/software fields not fully revalidated"
2021-SSI-food-supply-chain,historical,identity,original_extraction_group,Blockchain and Self Sovereign Identity to Support Quality in the Food Supply Chain,"Cocco, Luisanna and Tonelli, Roberto and Marchesi, Michele",2021,2021,10.3390/fi13120301,https://doi.org/10.3390/fi13120301,Supply Chain,,An SSI management system for process and certifications in the food supply chain.,Ethereum,N/A,,,,,,,tab:ssi-works-part-1,historical-extraction.csv,89,"Reflects revised LaTeX; publication_year retains original extraction label, which may differ from final issue year; selected corrections applied; original platform/software fields not fully revalidated"
10.1109/ISCC53001.2021.9631518,historical,identity,original_extraction_group,A Self-Sovereign Decentralized Identity Platform Based on Blockchain,"Chen, Ya and Liu, Chao and Wang, Yu and Wang, Yazhe",2021,2021,10.1109/iscc53001.2021.9631518,https://doi.org/10.1109/iscc53001.2021.9631518,N/A,,An SSI platform to allow users to control their identities autonomously.,Hyperledger Fabric,N/A,,,,,,,tab:ssi-works-part-2,historical-extraction.csv,90,"Reflects revised LaTeX; publication_year retains original extraction label, which may differ from final issue year; selected corrections applied; original platform/software fields not fully revalidated"
2021-ssi-cyber-threat,historical,identity,original_extraction_group,Blockchain and Self-Sovereign Identity Empowered Cyber Threat Information Sharing Platform,"Bandara, Eranga and Liang, Xueping and Foytik, Peter and Shetty, Sachin",2021,2021,10.1109/smartcomp52413.2021.00057,https://doi.org/10.1109/smartcomp52413.2021.00057,Cyber Threat Information,,An SSI platform to share Cyber threat information.,Rahasak with “Aplos” smart contract,N/A,,,,,,,tab:ssi-works-part-2,historical-extraction.csv,91,"Reflects revised LaTeX; publication_year retains original extraction label, which may differ from final issue year; selected corrections applied; original platform/software fields not fully revalidated"
2022-ssi-kyc,historical,identity,original_extraction_group,Designing a Framework for Digital KYC Processes Built on Blockchain-Based Self-Sovereign Identity,Vincent Schlatt and Johannes Sedlmeir and Simon Feulner and Nils Urbach,2022,2022,10.1016/j.im.2021.103553,https://doi.org/10.1016/j.im.2021.103553,KYC,,An SSI-based framework for KYC process.,N/A,N/A,,,,,,,tab:ssi-works-part-2,historical-extraction.csv,92,"Reflects revised LaTeX; publication_year retains original extraction label, which may differ from final issue year; selected corrections applied; original platform/software fields not fully revalidated"
2022-a-ssi-idm-bc,historical,identity,original_extraction_group,A Self-Sovereign Identity Management System Using Blockchain,"Rathee, Tripti and Singh, Parvinder",2022,2022,,,N/A,,An SSI management system with data encryption combining blockchain and IPFS.,N/A,N/A,,,,,,,tab:ssi-works-part-2,historical-extraction.csv,93,"Reflects revised LaTeX; publication_year retains original extraction label, which may differ from final issue year; selected corrections applied; original platform/software fields not fully revalidated"
2022-ssi-patient-centric-healthcare,historical,identity,original_extraction_group,Technical design and development of a self-sovereign identity management platform for patient-centric healthcare using blockchain technology,"Harrell, Daniel Toshio and Usman, Muhammad and Hanson, Ladd and Abdul-Moheeth, Mustafa and Desai, Ishav and Shriram, Jahnavi and de Oliveira, Eliel and Bautista, John Robert and Meyer, Eric T and Khurshid, Anjum",2022,2022,10.30953/bhty.v5.196,https://doi.org/10.30953/bhty.v5.196,Healthcare,,An SSI patient-centric healthcare identity wallet.,Hyperledger Indy,N/A,,,,,,,tab:ssi-works-part-2,historical-extraction.csv,94,"Reflects revised LaTeX; publication_year retains original extraction label, which may differ from final issue year; selected corrections applied; original platform/software fields not fully revalidated"
2022-towards-ssi-privacy-fl,historical,identity,original_extraction_group,Towards Convergence of Blockchain and Self-sovereign Identity for Privacy-Preserving Secure Federated Learning,"Haque, Rakib Ul and Hasan, A. S. M. Touhidul and Daria, Apubra and Qu, Qiang and Jiang, Qingshan",2022,2022,10.1007/978-981-19-0852-1_19,https://doi.org/10.1007/978-981-19-0852-1_19,Healthcare,,An SSI framework with privacy protection using differential privacy and federated learning.,N/A,N/A,,,,,,,tab:ssi-works-part-2,historical-extraction.csv,95,"Reflects revised LaTeX; publication_year retains original extraction label, which may differ from final issue year; selected corrections applied; original platform/software fields not fully revalidated"
10.1109/LCN53696.2022.9843700,historical,identity,original_extraction_group,A Decentralized IIoT Identity Framework based on Self-Sovereign Identity using Blockchain,"Dixit, Akanksha and Smith-Creasey, Max and Rajarajan, Muttukrishnan",2022,2022,10.1109/lcn53696.2022.9843700,https://doi.org/10.1109/lcn53696.2022.9843700,Industrial Internet-of-Things (IIoT),,A decentralized identity management framework for IIoT.,Ethereum and Hyperledger Indy,N/A,,,,,,,tab:ssi-works-part-2,historical-extraction.csv,96,"Reflects revised LaTeX; publication_year retains original extraction label, which may differ from final issue year; selected corrections applied; original platform/software fields not fully revalidated"
2022-hei-bct-ssi,historical,identity,original_extraction_group,HEI-BCT: A Framework to Implement Blockchain-Based Self-Sovereign Identity Solution in Higher Education Institutions,"Mansoori, Suaad Al and Maheshwari, Piyush",2022,2022,10.1109/itt56123.2022.9863933,https://doi.org/10.1109/itt56123.2022.9863933,Education Institutions,,An SSI management framework for student credentials.,N/A,N/A,,,,,,,tab:ssi-works-part-2,historical-extraction.csv,97,"Reflects revised LaTeX; publication_year retains original extraction label, which may differ from final issue year; selected corrections applied; original platform/software fields not fully revalidated"
10.15439/2022F194,historical,identity,original_extraction_group,A blockchain-based self-sovereign identity approach for inter-organizational business processes,"Abid, Amal and Cheikhrouhou, Saousssen and Kallel, Slim and Jmaiel, Mohamed",2022,2022,,,Pharmaceutical Supply Chain,,An SSI approach for Inter-Organizational Business Processes (IOBP).,Ethereum,N/A,,,,,,,tab:ssi-works-part-2,historical-extraction.csv,98,"Reflects revised LaTeX; publication_year retains original extraction label, which may differ from final issue year; selected corrections applied; original platform/software fields not fully revalidated"
updateMasood2024Patient,supplementary_update,privacy,documented_retrieval_query_family,{A blockchain-based system for patient data privacy and security},"Masood, Isma and Daud, Ali and Wang, Yongli and Banjar, Ameen and Alharbey, Riad",2024,2024,10.1007/s11042-023-17941-y,https://doi.org/10.1007/s11042-023-17941-y,Patient-data sharing,Models patient-controlled Composer ACLs; describes key distribution and hospital storage; administrator registers identities,Reported authorization workflow connecting patient decisions to medical-entity access,Hyperledger Fabric and Composer,Not identified in examined article text,Reported Composer workflow; pseudocode for UploadPHI/AccessPHI/UpdatePHI/TransferRights; PoW and storage calculations,Cryptographic integration not independently verified; PoW mining calculations do not establish Fabric performance; key-distribution location is unspecified,https://www.researchgate.net/publication/377180997_A_blockchain-based_system_for_patient_data_privacy_and_security,4.3 Experimental setup; 4.4 Hyberledger business archive network (HBAN); Table 6; 5 Discussion,S01,S01 rank1 page1,tab:focused-update,revisao/recent-extraction.csv,1,Primary text and publication identity checked for extracted descriptions; author claims qualified; no independent reproduction or compliance certification
updateCan2024AuditableConsent,supplementary_update,consent,documented_retrieval_query_family,{A Blockchain-Based Hybrid Architecture for Auditable Consent Management},"Can, Ozgu and Dag, Tunahan and Kantarcioglu, Murat",2024,2024,10.1109/access.2024.3431292,https://doi.org/10.1109/access.2024.3431292,Personal-data sharing,Purpose-tree access authorization; on/off-chain Merkle-hash consistency and log auditing,Auditable hybrid consent management with violation detection and consent recovery,Hyperledger Fabric,Not identified in examined article text,Synthetic-data prototype; implementation and query/audit benchmarks,Audit integrity does not establish recipients subsequent use or universal legal compliance,https://www.researchgate.net/publication/382418870_A_Blockchain-Based_Hybrid_Architecture_for_Auditable_Consent_Management,IV.B; V; VI; VII.A-D; IX,S04,S04 rank4 page1,tab:focused-update,revisao/recent-extraction.csv,2,Primary text and publication identity checked for extracted descriptions; author claims qualified; no independent reproduction or compliance certification
updateJaved2024SecureConsent,supplementary_update,consent,documented_retrieval_query_family,{SecureConsent: A Blockchain-Based Dynamic and Secure Consent Management for Genomic Data Sharing},"Javed, Ibrahim Tariq and Lemieux, Victoria and Regier, Dean A.",2024,2024,10.1109/smartnets61466.2024.10577693,https://doi.org/10.1109/smartnets61466.2024.10577693,Precision-oncology genomic-data sharing,Contract permissions; signed JWT repository tokens; private/public ledger anchoring,Dynamic patient consent and project-based access with patient interface,Hyperledger Besu; public EVM anchoring,Not identified in examined article text,Four-node Besu22.4/IBFT; Caliper0.4.2 transaction metrics,Requirements from patient focus groups are not interface/deployment evaluation; recipient trust and processing privacy remain assumptions,https://www.researchgate.net/publication/382033079_SecureConsent_A_Blockchain-Based_Dynamic_and_Secure_Consent_Management_for_Genomic_Data_Sharing,III.A-C; IV.A-B; V,S04,S04 rank10 page1,tab:focused-update,revisao/recent-extraction.csv,3,Primary text and publication identity checked for extracted descriptions; author claims qualified; no independent reproduction or compliance certification
updatePhuyal2026Architecture,supplementary_update,consent,documented_retrieval_query_family,{A Blockchain-Based Architecture for Dynamic and Auditable Patient Consent in Secondary Use of Health Data},"Phuyal, Sudip and Bhandari, Manila and Bista, Rabindra and Ferreira, Jo\~{a}o Carlos",2026,2026,10.30953/bhty.v9.491,https://doi.org/10.30953/bhty.v9.491,Secondary use of health data,DID/VC wallets; FHIR consent metadata; off-chain gateway consent checks; on-chain audit references,Standards-aligned consent grant/delegation/withdrawal architecture,Ethereum-compatible conceptual architecture; public or permissioned deployment options,Conceptual design; implemented artifact not reported,Design Science Research; conceptual/threat analysis; no empirical deployment,Withdrawal applies to future gateway access; does not recall already derived analyses or trained models,https://pmc.ncbi.nlm.nih.gov/articles/PMC13378124/,Study Design; Standards and Technology Selection; Scope of Revocation; Institutional Trust Assumptions,S04,S04 rank26 page3,tab:focused-update,revisao/recent-extraction.csv,4,Primary text and publication identity checked for extracted descriptions; author claims qualified; no independent reproduction or compliance certification
updateZeydan2024SSI,supplementary_update,identity,documented_retrieval_query_family,{Blockchain-Based Self-Sovereign Identity: Taking Control of Identity in Federated Learning},"Zeydan, Engin and Blanco, Luis and Mangues-Bafalluy, Josep and Arslan, Suayb S. and Turk, Yekta and Yadav, Awaneesh Kumar and Liyanage, Madhusanka",2024,2024,10.1109/ojcoms.2024.3449692,https://doi.org/10.1109/ojcoms.2024.3449692,Vehicular federated learning,SSI registration/authentication and credential presentation/signing/revocation; ECC-based authentication protocol,Participant authentication and credential-operation evaluation in vehicular federated learning,Hyperledger Indy; OpenStack-hosted issuer containers,Not identified in examined article text,Four issuer nodes; 20/30/50 clients; authentication analysis and credential-operation timing,Authentication does not establish confidentiality of model updates; differential privacy/secure aggregation/MPC are discussed as possible extensions,https://www.researchgate.net/publication/383295952_Blockchain-based_Self-Sovereign_Identity_Taking_Control_of_Identity_in_Federated_Learning,"IV Proposed Registration, Authentication Phases; V Security Verification of the Authentication Phase; VI.A Simulation Analysis and Table 2; VII.B Potential Privacy Implications",S07,S07 rank3 page1,tab:focused-update,revisao/recent-extraction.csv,5,Primary text and publication identity checked for extracted descriptions; author claims qualified; no independent reproduction or compliance certification
updateAgarkar2024BADIMAC,supplementary_update,identity,documented_retrieval_query_family,Blockchain aware decentralized identity management and access control system,"Agarkar, Aarti Amod and Karyakarte, Mandar and Chavhan, Gajanan and Patil, Milind and Talware, Rajendra and Kulkarni, Lalit",2024,2024,10.1016/j.measen.2024.101032,https://doi.org/10.1016/j.measen.2024.101032,Cross-service identity-data sharing and single sign-on,Proposed encrypted on-chain documents; holder-approved disclosure and re-encryption; challenge signing; service-issued JWT,Connects identity-document sharing to service authentication,Ethereum,Contract excerpts in Figs.5-7; repository link not identified,Design description and contract excerpts; no empirical benchmark identified,Announced ZKP construction and retroactive erasure not established; events expose participant addresses,https://www.researchgate.net/publication/377479323_Blockchain_aware_decentralized_identity_management_and_access_control_system,3.2.1 Identity Management; 3.2.2 Single sign-on; 4.1 Smart contract; 4.2 JWT design; 5 Discussion; Figs.5-8,S07,S07 rank1 page1,tab:focused-update,revisao/recent-extraction.csv,6,Primary text and publication identity checked for extracted descriptions; author claims qualified; no independent reproduction or compliance certification
updateMaZhang2024Rollup,supplementary_update,privacy,documented_retrieval_query_family,{Integrating blockchain and ZK-ROLLUP for efficient healthcare data privacy protection system via IPFS},"Ma, Shengchen and Zhang, Xing",2024,2024,10.1038/s41598-024-62292-9,https://doi.org/10.1038/s41598-024-62292-9,Health-record sharing,"Proposes RSA, IPFS storage and batched rollup validity proofs with main-chain references",Proposed coordination of medical-record storage and transaction batching,Ethereum / IPFS,Pseudocode; repository link not identified in examined text,Reported response/gas comparisons; evaluation configuration incomplete,Fictional batch-submission API; confidentiality relation unspecified; inconsistent gas units preclude reproducible performance inference,https://www.nature.com/articles/s41598-024-62292-9,"Proposed model: Overview, Data flow and process, Figs.2-4; Performance evaluation: Fig.8 paragraph; Data availability",S01,S01 rank5 page1,tab:focused-update,revisao/recent-extraction.csv,7,Primary text and publication identity checked for extracted descriptions; author claims qualified; no independent reproduction or compliance certification
updateDhasaratha2024IoMT,supplementary_update,privacy,documented_retrieval_query_family,Data privacy model using blockchain reinforcement federated learning approach for scalable internet of medical things,"Dhasaratha, Chandramohan and Hasan, Mohammad Kamrul and Islam, Shayla and Khapre, Shailesh and Abdullah, Salwani and Ghazal, Taher M. and Alzahrani, Ahmed Ibrahim and Alalwan, Nasser and Vo, Nguyen and Akhtaruzzaman, Md",2024,2024,10.1049/cit2.12287,https://doi.org/10.1049/cit2.12287,IoMT learning,Proposes distributed reinforcement/federated learning and blockchain-assisted resource identification,Proposed coordination workflow for IoMT risk-factor monitoring,Blockchain variant unspecified,Not identified in examined article text,Reported resource/service and vulnerability-prevention tables; RL benchmark unnamed,Information-preservation procedure does not specify confidentiality construction; prevention percentages lack operational definitions; TLS/access controls are recommendations rather than verified implementation,https://ietresearch.onlinelibrary.wiley.com/doi/full/10.1049/cit2.12287,3 Distributed Reinforcement Learning Approach; 5 Result Analysis; Tables2-6; 6 Limitation,S01,S01 rank6 page1,tab:focused-update,revisao/recent-extraction.csv,8,Primary text and publication identity checked for extracted descriptions; author claims qualified; no independent reproduction or compliance certification
updateAlSabahi2026AuthorshipConsent,supplementary_update,consent,documented_retrieval_query_family,{Self-sovereign identity for verifiable authorship consent and privacy-preserving conflict-of-interest screening in academic publishing: a permissioned blockchain registry approach},"Al-Sabahi, Kamal and Al Mabsali, Yousuf Khamis",2026,2026,10.3389/fbloc.2025.1730645,https://doi.org/10.3389/fbloc.2025.1730645,Authorship consent and conflict-of-interest screening,Manuscript-bound consent VCs; off-chain status checks and ZK affiliation non-intersection; permissioned registry anchors receipt hashes and status,Defined editorial consent gate and privacy-preserving credential-screening design,"Permissioned registry proposed; Hyperledger Fabric/Raft is an example, not evaluated deployment",Not identified in examined primary text,"Specified relations, circuit/chaincode sketches and formative stakeholder questionnaire; indicative Groth16 costs are extrapolated",No implemented registry/ZK benchmark or demonstrated effectiveness; possession of declared affiliation evidence does not establish completeness/truth of all affiliations; limited predicates do not prove full conflict-of-interest absence,https://www.frontiersin.org/journals/blockchain/articles/10.3389/fbloc.2025.1730645/full,4.4–4.6 (workflow/status/circuit); 4.8–4.10 (indicative cost and pilot); 5.1 (formative survey),S04,S04 rank21 page3,tab:focused-update-additions-2,revisao/recent-extraction.csv,9,Primary text and publication identity checked for extracted descriptions; author claims qualified; no independent reproduction or compliance certification
updateBarnes2025DemonstratedConsent,supplementary_update,consent,documented_retrieval_query_family,{Enabling Demonstrated Consent for Biobanking with Blockchain and Generative AI},"Barnes, Caspar and Aboy, Mateo Riobo and Minssen, Timo and Allen, Jemima Winifred and Earp, Brian D. and Savulescu, Julian and Mann, Sebastian Porsdam",2025,2025,10.1080/15265161.2024.2416117,https://doi.org/10.1080/15265161.2024.2416117,Biobanking samples and associated data,NFT metadata links sample provenance and consent preferences; proposed contract checks requested use; LIMS updates use history; donor portal and LLM/RAG explain study information,"Demonstrated-consent design connecting donor information, sample use and adjustable permission",Architecture agnostic; private permissioned service-provider ledger proposed as a practical option,Not identified in examined primary text,Conceptual mechanism and ethical analysis; explicitly no functioning prototype,"No implemented transfer gate, donor-comprehension test, security evaluation or measured withdrawal propagation; proposed NFT/smart-contract workflow does not itself constrain physical sample use or downstream copies",https://www.ebi.ac.uk/europepmc/webservices/rest/PMC12005476/fullTextXML,III Demonstrated Consent; IV Implementing Demonstrated Consent with Blockchain and Generative AI; VI Limitations and Future Directions,S04,S04 rank3 page1,tab:focused-update-additions,revisao/recent-extraction.csv,10,Primary text and publication identity checked for extracted descriptions; author claims qualified; no independent reproduction or compliance certification
updateBonotis2025CONSENT,supplementary_update,consent,documented_retrieval_query_family,{Enabling Dynamic Consent Through AI and Blockchain: The CONSENT Platform},"Bonotis, Panos and Angelidis, Pantelis and Tzimourta, Katerina D. and Bibi, Stamatia",2025,2025,10.3233/shti251556,https://doi.org/10.3233/shti251556,Dynamic health-data consent,"Proposed user interface, AI consent assistance and permissioned-ledger/smart-contract layer for consent lifecycle events",Three-layer CONSENT architecture linking user choices and recorded permission state,Permissioned blockchain proposed; implemented platform not identified,Not identified in examined primary text,"Architecture proposal; evaluation scenarios and metrics are planned, not completed results","No demonstrated prototype, measured withdrawal propagation, user comprehension, security or legal-compliance assessment; AI recommendations do not establish valid consent",https://journals.sagepub.com/doi/10.3233/SHTI251556,2.1–2.3 (architecture); 3 (planned results/evaluation); 4 (discussion),S04,S04 rank11 page2,tab:focused-update-additions,revisao/recent-extraction.csv,11,Primary text and publication identity checked for extracted descriptions; author claims qualified; no independent reproduction or compliance certification
updateCh2026ConsentOffloading,supplementary_update,consent,documented_retrieval_query_family,{A consent-based medical data sharing and edge offloading scheme based on blockchain and deep reinforcement learning},"Ch, Narendra Kumar and Kumar, Dinesh and Prakash, Amit and Rajwar, Dipankar and Kumar, Sunil",2026,2026,10.1007/s10791-026-10392-7,https://doi.org/10.1007/s10791-026-10392-7,Medical IoT data sharing and edge offloading,AES-protected offloading; edge decrypts for processing and re-encrypts to IPFS; ledger references and patient-approved key sharing authorize recipients,Consent-based key/data sharing combined with reinforcement-learning offload scheduling,Hyperledger Besu; IPFS,Not identified in examined primary text,Single Windows/WSL host; Besu networks of 4/6/8/10 nodes; Caliper transaction tests and simulated offloading,Edge processing receives plaintext and recipients obtain decryption keys; approval/ledger state does not recall disclosed data; private-network/honest-miner assumptions and local measurements limit deployment claims,https://link.springer.com/article/10.1007/s10791-026-10392-7,3 (system model); 4–5 (offloading and sharing); 6 (performance evaluation),S04,S04 rank19 page2,tab:focused-update-additions-2,revisao/recent-extraction.csv,12,Primary text and publication identity checked for extracted descriptions; author claims qualified; no independent reproduction or compliance certification
updateDauden2025RTBConsent,supplementary_update,consent,documented_retrieval_query_family,{Blockchain-Enhanced User Consent for GDPR-Compliant Real-Time Bidding},"Daudén-Esmel, Cristòfol and Castellà-Roca, Jordi and Viejo, Alexandre and Torra, Vicenç",2025,2025,10.1007/978-3-031-96590-6_8,https://doi.org/10.1007/978-3-031-96590-6_8,Real-time advertising data collection and processing,Browser plug-in supplies preferences; collection/processing consent contracts; XACML decision/enforcement points query ledger state; phone app changes permissions; ad records support audit,Proposed consent and accountability workflow across advertising actors,Public blockchain proposed; named implemented platform not identified,Not identified in examined primary text,Architectural proposal with prose propositions/claims; no reported prototype benchmark,"Compliance claims depend on participating websites, data repositories and advertising actors; no measured revocation propagation, recall of recipients copies, or independent assessment of valid consent",https://crises-deim.urv.cat/uploads/publications/1282.pdf,3.2–3.5 (architecture and three phases); 4.1–4.4 (propositions); author manuscript pp.8–16,S04,S04 rank20 page2,tab:focused-update-additions-2,revisao/recent-extraction.csv,13,Primary text and publication identity checked for extracted descriptions; author claims qualified; no independent reproduction or compliance certification
updateGupta2026ScalableConsent,supplementary_update,consent,documented_retrieval_query_family,{Scalable Blockchain-Based Healthcare Consent Management with Automated Compliance Verification},"Gupta, Suraj and Lang, Frédéric and Ozeer, Umar and Salaün, Gwen",2026,2026,10.1109/compsac69091.2026.00125,https://doi.org/10.1109/compsac69091.2026.00125,Healthcare cohort compilation and processing accountability,Hierarchical consent trees; Fabric hash anchors; synchronized purpose lookup tables with reconciliation; RISC0 checks selected predicates on processor-supplied data,Hybrid consent-state checking and proposed verifiable processing-evidence workflow,Hyperledger Fabric 2.5; Neo4j; PostgreSQL; RISC0 zkVM,Not identified in examined primary text,Single local 8-core/8-GB host; synthetic consent populations of 500000–10000000 patients; query comparisons and reported proof costs,Chosen predicates on supplied inputs do not certify all actual processing or legal compliance; raw data are released to processors; local synthetic results and cross-paper comparisons do not establish production performance or superiority over encrypted computation,https://convecs.inria.fr/doc/publications/Gupta-Lang-Ozeer-Salaun-26.pdf,"IV (consent/synchronization); V (proof inputs and checks); VI.A–C (implementation/workload/metrics), author manuscript pp.4–9",S04,S04 rank28 page3,tab:focused-update-additions-3,revisao/recent-extraction.csv,14,Primary text and publication identity checked for extracted descriptions; author claims qualified; no independent reproduction or compliance certification
updateHussain2025ZeroTrust,supplementary_update,privacy,documented_retrieval_query_family,{Ensuring Zero Trust IoT Data Privacy: Differential Privacy in Blockchain Using Federated Learning},"Hussain, Altaf and Akbar, Wajahat and Hussain, Tariq and Bashir, Ali Kashif and {Al Dabel}, Maryam M. and Ali, Farman and Yang, Bailin",2025,2025,10.1109/tce.2024.3444824,https://doi.org/10.1109/tce.2024.3444824,IoT model/data trading,Local model training with noise addition; ledger bids/offers and IPFS specifications; identity checks before model transfer,Proposed owner/controller/consumer workflow for exchanging trained models,Private Ethereum with Proof of Authority; Remix; IPFS,Not identified in examined primary text,Reported Python FL/noise simulation and 70 trading rounds; transaction and accuracy comparisons,"Privacy unit, operational noise calibration and composition accounting are insufficiently specified; the stated LDP argument does not establish privacy of this training procedure; accuracy and cost-derived latency/throughput are not privacy guarantees",https://ndownloader.figshare.com/files/65056158,"III.A (LDP statement); IV and Algorithm 1 (sharing workflow); V (implementation and evaluation), author manuscript pp.5–10",S01,S01 rank9 page1,tab:focused-update-additions,revisao/recent-extraction.csv,15,Primary text and publication identity checked for extracted descriptions; author claims qualified; no independent reproduction or compliance certification
updateMiao2026PermissionSupervision,supplementary_update,consent,documented_retrieval_query_family,{A Verifiable and Redactable Blockchain with Lightweight Storage and Permission Supervision},"Miao, Meixia and Yang, Xueyi and Wei, Jianghong and Tian, Guohua and Susilo, Willy",2026,2026,10.3390/info17020176,https://doi.org/10.3390/info17020176,Permission management for on-chain data redaction,Two-level chameleon hashes; rotating redactors act on user requests; trusted CA corrects malicious edits and revokes redaction authority; verifiable tags support light-node audits,Specified redaction-permission and ledger-audit mechanism,Generic redactable-blockchain construction; deployed ledger platform not identified,Not identified in examined primary text,Formal construction/security arguments and primitive/audit performance analysis,"Fully trusted CA remains; controlled on-chain redaction does not establish deletion of off-chain copies, patient consent or full compliance; primitive benchmarks are not an end-to-end sharing deployment",https://mdpi-res.com/d_attachment/information/information-17-00176/article_deploy/information-17-00176.pdf,3.1–3.3 (roles/threat model); 4.1–4.2 (construction); 5–6 (analysis/evaluation),S04,S04 rank16 page2,tab:focused-update-additions-2,revisao/recent-extraction.csv,16,Primary text and publication identity checked for extracted descriptions; author claims qualified; no independent reproduction or compliance certification
updateNaghmouchi2026ClinConNet,supplementary_update,consent,documented_retrieval_query_family,{ClinConNet: A Blockchain-Based Dynamic Consent Management Platform for Clinical Research},"Naghmouchi, Montassar and Laurent, Maryline",2026,2026,10.48550/arxiv.2602.02610,https://doi.org/10.48550/arxiv.2602.02610,Clinical research participant consent,Public/pairwise DIDs and encrypted DIDComm forms; proxy publishes hashes; contracts record valid/revoked state; updates revoke and replace old proofs,SSI-linked consent workflow with local wallet records and shared consent-proof status,Hyperledger Fabric 2.2; Veramo wallets,https://github.com/montassar-isbored/ClinConNet-Portal; https://github.com/montassar-isbored/ClinConNet-SSI-wallet; https://github.com/montassar-isbored/ClinConNet-Perfs (reported; not rerun),Single-host two-peer/one-orderer Fabric PoC; browser cryptographic-operation and Caliper tests; lifecycle timing sums component medians,Honest-but-curious portal/cloud and Tor assumptions; disclosed clinical data excluded from privacy analysis; component-time sum omits network/human delay; proof revocation or portal-mapping deletion does not ensure erasure of researchers data,https://arxiv.org/html/2602.02610,4.3 (trust assumptions); 5.1–5.3 (workflow); 6 (privacy analysis scope); 7.1–7.5 (testbed/metrics); Data availability,S04,S04 rank23 page3,tab:focused-update-additions-2,revisao/recent-extraction.csv,17,Primary text and publication identity checked for extracted descriptions; author claims qualified; no independent reproduction or compliance certification
updateObodo2025MultiProviderConsent,supplementary_update,consent,documented_retrieval_query_family,{Conceptualising Blockchain-Based Consent Management in Multi-Provider Healthcare Environment},"Obodo, Okiemute Rita",2025,2025,10.38124/ijsrmt.v4i9.817,https://doi.org/10.38124/ijsrmt.v4i9.817,Multi-provider healthcare consent,"Patient interface defines recipients, data and time scope; smart-contract consent state is checked before off-chain record access; access events logged for audit",Conceptual grant/update/withdraw and pre-access checking workflow,Blockchain proposed; specific implemented platform not identified,Not identified in examined primary text,Conceptual model and discussion; no prototype or measured evaluation,"Immediate cross-provider propagation and savings are proposed or attributed to other works, not measured here; identity method, keys and enforcement implementation remain unspecified",https://ijsrmt.com/index.php/ijsrmt/article/download/817/255/4908,"III Theoretical Framework/Conceptual Model pp.117–118; IV Benefits, Challenges, and Considerations pp.118–119",S04,S04 rank24 page3,tab:focused-update-additions-2,revisao/recent-extraction.csv,18,Primary text and publication identity checked for extracted descriptions; author claims qualified; no independent reproduction or compliance certification
updateOke2025FHIRConsent,supplementary_update,consent,documented_retrieval_query_family,{Blockchain-Enabled Consent Management in FHIR-Compliant Oncology Platforms},"Oke, Femi and Adeniji, Samuel A and Bolaji, Oyeneye and Dopamu, Oladipupo and Ajibade, Banji Segun",2025,2025,10.36227/techrxiv.174918103.37396756/v1,https://doi.org/10.36227/techrxiv.174918103.37396756/v1,FHIR-compliant oncology data exchange,"Proposed SMART-on-FHIR authorization, FHIR Consent resources and adapter synchronizing ledger permissions with the data server; server checks current consent before release",Theoretical grant/access/revoke workflow aligning off-chain FHIR data with a shared consent registry,Hyperledger Fabric or Ethereum proposed alternatives; no deployed choice,Not identified in examined primary text,Conceptual architecture and discussion using prior implementations; no evaluation of this proposed system,"Adapter consistency, failure handling and current-state enforcement are not measured; no recall of previously disclosed data; extraction applies to v1 only, not unexamined v2",https://www.researchgate.net/publication/392500406_Blockchain-Enabled_Consent_Management_in_FHIR-Compliant_Oncology_Platforms,Methodology: System Architecture (FHIR–Blockchain Bridge); Consent Workflow steps 1–3; Results and Discussion,S04,S04 rank15 page2,tab:focused-update-additions,revisao/recent-extraction.csv,19,Primary text and publication identity checked for extracted descriptions; author claims qualified; no independent reproduction or compliance certification
updateRamirez2025IOTAIdentity,supplementary_update,identity,documented_retrieval_query_family,{Decentralized Identity Management for Internet of Things (IoT) Devices Using IOTA Blockchain Technology},"Ramírez-Gordillo, Tamai and Maciá-Lillo, Antonio and Pujol, Francisco A. and García-D’Urso, Nahuel and Azorín-López, Jorge and Mora, Higinio",2025,2025,10.3390/fi17010049,https://doi.org/10.3390/fi17010049,IoT device identity and authorized data channels,IOTA Identity DIDs/VCs/VPs; Streams encrypted channels; Stronghold key custody; issuer credential revocation,Device-credential and channel-access proof of concept,IOTA Tangle; IOTA Identity; Streams; Stronghold,Not identified in examined primary text,Raspberry Pi 4 (4 GB) prototype; identity/message workflows and reported resource/latency comparisons,"DIDComm is explicitly not integrated and interactions are simulated; credential/channel tests do not establish recall of previous data or deployed large-scale security; libraries describe the paper version, not current support",https://rua.ua.es/server/api/core/bitstreams/2840e453-d856-461e-8678-f6803595b60d/content,3.1–3.2 (materials/workflow); 4.1 (DIDComm limitation); 4.2–4.3 (channel operations and performance),S07,S07 rank7 page1,tab:focused-update-additions-3,revisao/recent-extraction.csv,20,Primary text and publication identity checked for extracted descriptions; author claims qualified; no independent reproduction or compliance certification
updateRen2025AIoTIdentity,supplementary_update,identity,documented_retrieval_query_family,{Blockchain-Based Self-Sovereign Identity Management Mechanism in AIoT Environments},"Ren, Jingjing and Zhang, Jie and Ren, Yongjun and Xu, Jiang",2025,2025,10.3390/electronics14193954,https://doi.org/10.3390/electronics14193954,AIoT resource access and attribute disclosure,User/KGC partial keys; selective-disclosure credential construction/aggregation; context and lifetime rules generate access permissions,Specified identity/attribute checks linked to contextual access decisions,Blockchain credential registry proposed; named deployed ledger not identified,Not identified in examined primary text,Mathematical arguments and synthetic 10000-user/20-attribute experiments on a local Ubuntu host,Synthetic credential/permission tests are not deployed sharing or downstream use control; correlation-attack metrics are not equivalent to DP guarantees; trust in KGC and correct context evaluation remains,https://mdpi-res.com/d_attachment/electronics/electronics-14-03954/article_deploy/electronics-14-03954.pdf,3.1–3.4 (mechanism); 4 (security arguments); 5.1–5.5 (synthetic experiment),S07,S07 rank4 page1,tab:focused-update-additions-3,revisao/recent-extraction.csv,21,Primary text and publication identity checked for extracted descriptions; author claims qualified; no independent reproduction or compliance certification
updateRohini2024SmartConsent,supplementary_update,consent,documented_retrieval_query_family,{Smart Patient Consent Management Model for Health Information Exchange Based on Blockchain Technology},"Rohini, K. R. and Rajakumar, P. S. and Geetha, S.",2024,2024,10.3844/jcssp.2024.730.741,https://doi.org/10.3844/jcssp.2024.730.741,Health information exchange,Purpose-based patient consent; permission checks in chaincode; off-chain medical records with ledger references; create/update/withdraw operations,SCBCS consent manager connecting patient choices to medical-record access,Hyperledger Fabric,Not identified in examined primary text,Four-Linux-PC Fabric prototype; functional consent/access cases and reported latency/cost comparisons,"Clinical deployment and downstream use are not established; Ethereum-style gas accounting in a Fabric comparison lacks an identified mapping, so quantitative cost advantages are not imported",https://thescipub.com/pdf/jcssp.2024.730.741.pdf,Materials and Methods pp.734–737; Implementation/Prototype System p.737; Results and Discussion pp.737–739,S04,S04 rank6 page1,tab:focused-update-additions,revisao/recent-extraction.csv,22,Primary text and publication identity checked for extracted descriptions; author claims qualified; no independent reproduction or compliance certification
updateTomaz2025PrivacHer,supplementary_update,consent,documented_retrieval_query_family,{Trust Through Transparency: Blockchain for Consent and Accountability in Femtech Applications},"Tomaz, Larissa and Matos, David R. and Almeida, Teresa",2025,2025,10.1145/3748699.3749771,https://doi.org/10.1145/3748699.3749771,Femtech intimate-data sharing,PrivacHer consent-manager checks precede data-service retrieval; encrypted fragmented cloud records and ledger access audit,Consent-controlled service architecture with regulator-accessible audit evidence,Hyperledger Fabric,Not identified in examined primary text,Functional registration/consent/retrieval and end-to-end workflow tests; Locust load tests of latency and throughput,"API access checks and logs do not establish control of recipients after disclosure or GDPR compliance; published source supports functional/load evidence, not a regulator-endorsed deployment",https://www.researchgate.net/publication/397291306_Trust_Through_Transparency_Blockchain_for_Consent_and_Accountability_in_FemTech_Applications,Published full-text header (GoodIT 2025 DOI); 3.2–3.3 (services/Fabric); 4.1–4.2 (tests),S04,S04 rank13 page2,tab:focused-update-additions,revisao/recent-extraction.csv,23,Primary text and publication identity checked for extracted descriptions; author claims qualified; no independent reproduction or compliance certification
updateZeydan2024ABSIdentity,supplementary_update,identity,documented_retrieval_query_family,{Blockchain-based self-sovereign identity solution for aerial base station integrated networks},"Zeydan, Engin and Mangues-Bafalluy, Josep and Arslan, Suayb and Turk, Yekta",2024,2024,10.1016/j.vehcom.2024.100759,https://doi.org/10.1016/j.vehcom.2024.100759,Aerial/ground base-station identity sharing across operators,DID/credential presentation and DIDComm messaging; issuer-controlled revocation; proposed credential checks during ABS authentication/handover,Identity-sharing and authentication architecture with measured credential operations,Hyperledger Indy; Aries/DIDComm; VON network,Not identified in examined primary text,Two OpenStack VMs; four container issuer nodes; credential/DIDComm operations for 50000/75000/100000 requests,"Credential-operation tests do not establish real multi-operator radio deployment, inference privacy or control after credential disclosure; underlying issuers and operator authentication infrastructure remain trusted",https://zenodo.org/records/12781373/files/Blockchain-based%20self-sovereign%20identity%20solution%20for%20aerial%20base%20station%20integrated%20networks.pdf?download=1,2–3 (architecture/ABS interactions); 4.1–4.3 (testbed/metrics); author manuscript pp.5–17,S07,S07 rank5 page1,tab:focused-update-additions-3,revisao/recent-extraction.csv,24,Primary text and publication identity checked for extracted descriptions; author claims qualified; no independent reproduction or compliance certification
